id,url,price,page_number,scraped_at
1014867896,https://krisha.kz/a/show/1014867896,150000,12,2026-08-23T14:25:13+00:00
1009647890,https://krisha.kz/a/show/1009647890,800000,11,2026-08-23T14:25:10+00:00
1014416004,https://krisha.kz/a/show/1014416004,210000,14,2026-08-23T14:25:19+00:00
1015071189,https://krisha.kz/a/show/1015071189,350000,1,2026-08-23T14:24:39+00:00
1015070840,https://krisha.kz/a/show/1015070840,300000,1,2026-08-23T14:24:39+00:00
1013290944,https://krisha.kz/a/show/1013290944,280000,1,2026-08-23T14:24:39+00:00
1014223136,https://krisha.kz/a/show/1014223136,300000,1,2026-08-23T14:24:39+00:00
698288852,https://krisha.kz/a/show/698288852,400000,1,2026-08-23T14:24:39+00:00
1015049479,https://krisha.kz/a/show/1015049479,460000,1,2026-08-23T14:24:39+00:00
1015068960,https://krisha.kz/a/show/1015068960,450000,1,2026-08-23T14:24:39+00:00
1012574722,https://krisha.kz/a/show/1012574722,500000,1,2026-08-23T14:24:39+00:00
1015069513,https://krisha.kz/a/show/1015069513,250000,1,2026-08-23T14:24:39+00:00
1014713449,https://krisha.kz/a/show/1014713449,550000,1,2026-08-23T14:24:39+00:00
1001309211,https://krisha.kz/a/show/1001309211,350000,1,2026-08-23T14:24:39+00:00
673648724,https://krisha.kz/a/show/673648724,330000,1,2026-08-23T14:24:39+00:00
1015050090,https://krisha.kz/a/show/1015050090,200000,1,2026-08-23T14:24:39+00:00
1015069357,https://krisha.kz/a/show/1015069357,270000,1,2026-08-23T14:24:39+00:00
1014959801,https://krisha.kz/a/show/1014959801,350000,1,2026-08-23T14:24:39+00:00
1015069158,https://krisha.kz/a/show/1015069158,650000,1,2026-08-23T14:24:39+00:00
1006767550,https://krisha.kz/a/show/1006767550,400000,1,2026-08-23T14:24:39+00:00
1015068998,https://krisha.kz/a/show/1015068998,650000,1,2026-08-23T14:24:39+00:00
1015004281,https://krisha.kz/a/show/1015004281,260000,1,2026-08-23T14:24:39+00:00
1015068642,https://krisha.kz/a/show/1015068642,300000,1,2026-08-23T14:24:39+00:00
1015068623,https://krisha.kz/a/show/1015068623,650000,2,2026-08-23T14:24:39+00:00
680344469,https://krisha.kz/a/show/680344469,350000,2,2026-08-23T14:24:39+00:00
1014924505,https://krisha.kz/a/show/1014924505,490000,2,2026-08-23T14:24:39+00:00
1014734174,https://krisha.kz/a/show/1014734174,1000000,2,2026-08-23T14:24:39+00:00
1015068076,https://krisha.kz/a/show/1015068076,180000,2,2026-08-23T14:24:39+00:00
1015067909,https://krisha.kz/a/show/1015067909,600000,2,2026-08-23T14:24:39+00:00
682274738,https://krisha.kz/a/show/682274738,400000,2,2026-08-23T14:24:39+00:00
1015023763,https://krisha.kz/a/show/1015023763,370000,2,2026-08-23T14:24:39+00:00
1014644548,https://krisha.kz/a/show/1014644548,230000,2,2026-08-23T14:24:39+00:00
696749740,https://krisha.kz/a/show/696749740,500000,2,2026-08-23T14:24:39+00:00
1015067350,https://krisha.kz/a/show/1015067350,200000,2,2026-08-23T14:24:39+00:00
1014042257,https://krisha.kz/a/show/1014042257,275000,2,2026-08-23T14:24:39+00:00
1013343193,https://krisha.kz/a/show/1013343193,650000,2,2026-08-23T14:24:39+00:00
1014440006,https://krisha.kz/a/show/1014440006,400000,2,2026-08-23T14:24:39+00:00
1015046496,https://krisha.kz/a/show/1015046496,450000,2,2026-08-23T14:24:39+00:00
697077506,https://krisha.kz/a/show/697077506,350000,2,2026-08-23T14:24:39+00:00
1013979019,https://krisha.kz/a/show/1013979019,300000,2,2026-08-23T14:24:39+00:00
1005138249,https://krisha.kz/a/show/1005138249,430000,2,2026-08-23T14:24:39+00:00
1010415340,https://krisha.kz/a/show/1010415340,300000,2,2026-08-23T14:24:39+00:00
1015046649,https://krisha.kz/a/show/1015046649,40000,2,2026-08-23T14:24:39+00:00
1014671342,https://krisha.kz/a/show/1014671342,250000,3,2026-08-23T14:24:41+00:00
1006445296,https://krisha.kz/a/show/1006445296,300000,3,2026-08-23T14:24:41+00:00
688238112,https://krisha.kz/a/show/688238112,250000,3,2026-08-23T14:24:41+00:00
1014739260,https://krisha.kz/a/show/1014739260,580000,3,2026-08-23T14:24:41+00:00
1015065741,https://krisha.kz/a/show/1015065741,750000,3,2026-08-23T14:24:41+00:00
1004882830,https://krisha.kz/a/show/1004882830,345000,3,2026-08-23T14:24:41+00:00
1003736927,https://krisha.kz/a/show/1003736927,1350000,3,2026-08-23T14:24:41+00:00
1015065560,https://krisha.kz/a/show/1015065560,250000,3,2026-08-23T14:24:41+00:00
1015065471,https://krisha.kz/a/show/1015065471,400000,3,2026-08-23T14:24:41+00:00
1013082921,https://krisha.kz/a/show/1013082921,700000,3,2026-08-23T14:24:41+00:00
1013292169,https://krisha.kz/a/show/1013292169,180000,3,2026-08-23T14:24:41+00:00
1014934509,https://krisha.kz/a/show/1014934509,550000,3,2026-08-23T14:24:41+00:00
1014944359,https://krisha.kz/a/show/1014944359,170000,3,2026-08-23T14:24:41+00:00
683322782,https://krisha.kz/a/show/683322782,450000,3,2026-08-23T14:24:41+00:00
1015064721,https://krisha.kz/a/show/1015064721,420000,3,2026-08-23T14:24:41+00:00
1015003210,https://krisha.kz/a/show/1015003210,350000,3,2026-08-23T14:24:41+00:00
1015064331,https://krisha.kz/a/show/1015064331,350000,3,2026-08-23T14:24:41+00:00
1014882766,https://krisha.kz/a/show/1014882766,450000,3,2026-08-23T14:24:41+00:00
1015064065,https://krisha.kz/a/show/1015064065,380000,3,2026-08-23T14:24:41+00:00
1015063922,https://krisha.kz/a/show/1015063922,700000,3,2026-08-23T14:24:41+00:00
1014933665,https://krisha.kz/a/show/1014933665,250000,4,2026-08-23T14:24:45+00:00
1003408201,https://krisha.kz/a/show/1003408201,320000,4,2026-08-23T14:24:45+00:00
1013715322,https://krisha.kz/a/show/1013715322,350000,4,2026-08-23T14:24:45+00:00
1015063533,https://krisha.kz/a/show/1015063533,180000,4,2026-08-23T14:24:45+00:00
1014080269,https://krisha.kz/a/show/1014080269,1100000,4,2026-08-23T14:24:45+00:00
1014595279,https://krisha.kz/a/show/1014595279,249999,4,2026-08-23T14:24:45+00:00
663259975,https://krisha.kz/a/show/663259975,390000,4,2026-08-23T14:24:45+00:00
1015043324,https://krisha.kz/a/show/1015043324,270000,4,2026-08-23T14:24:45+00:00
1014576641,https://krisha.kz/a/show/1014576641,500000,4,2026-08-23T14:24:45+00:00
1014983200,https://krisha.kz/a/show/1014983200,250000,4,2026-08-23T14:24:45+00:00
1014969613,https://krisha.kz/a/show/1014969613,240000,4,2026-08-23T14:24:45+00:00
1015062986,https://krisha.kz/a/show/1015062986,250000,4,2026-08-23T14:24:45+00:00
1010932121,https://krisha.kz/a/show/1010932121,380000,4,2026-08-23T14:24:45+00:00
1014657772,https://krisha.kz/a/show/1014657772,400000,4,2026-08-23T14:24:45+00:00
1014982684,https://krisha.kz/a/show/1014982684,250000,4,2026-08-23T14:24:45+00:00
1014957793,https://krisha.kz/a/show/1014957793,360000,4,2026-08-23T14:24:45+00:00
1007573802,https://krisha.kz/a/show/1007573802,480000,4,2026-08-23T14:24:45+00:00
1014872947,https://krisha.kz/a/show/1014872947,200000,4,2026-08-23T14:24:45+00:00
761982645,https://krisha.kz/a/show/761982645,1300000,4,2026-08-23T14:24:45+00:00
1015062209,https://krisha.kz/a/show/1015062209,300000,4,2026-08-23T14:24:45+00:00
1015062241,https://krisha.kz/a/show/1015062241,200000,5,2026-08-23T14:24:49+00:00
1015062146,https://krisha.kz/a/show/1015062146,150000,5,2026-08-23T14:24:49+00:00
1015060749,https://krisha.kz/a/show/1015060749,250000,5,2026-08-23T14:24:49+00:00
1005923720,https://krisha.kz/a/show/1005923720,420000,5,2026-08-23T14:24:49+00:00
1012779699,https://krisha.kz/a/show/1012779699,700000,5,2026-08-23T14:24:49+00:00
1015048942,https://krisha.kz/a/show/1015048942,280000,5,2026-08-23T14:24:49+00:00
1013908092,https://krisha.kz/a/show/1013908092,450000,5,2026-08-23T14:24:49+00:00
1014634799,https://krisha.kz/a/show/1014634799,290000,5,2026-08-23T14:24:49+00:00
1014517959,https://krisha.kz/a/show/1014517959,280000,5,2026-08-23T14:24:49+00:00
1014971102,https://krisha.kz/a/show/1014971102,450000,5,2026-08-23T14:24:49+00:00
1006021003,https://krisha.kz/a/show/1006021003,400000,5,2026-08-23T14:24:49+00:00
1014916457,https://krisha.kz/a/show/1014916457,370000,5,2026-08-23T14:24:49+00:00
1014610887,https://krisha.kz/a/show/1014610887,3000000,5,2026-08-23T14:24:49+00:00
698417468,https://krisha.kz/a/show/698417468,270000,5,2026-08-23T14:24:49+00:00
1014962274,https://krisha.kz/a/show/1014962274,1000000,5,2026-08-23T14:24:49+00:00
1014867758,https://krisha.kz/a/show/1014867758,300000,5,2026-08-23T14:24:49+00:00
672378691,https://krisha.kz/a/show/672378691,330000,5,2026-08-23T14:24:49+00:00
761947756,https://krisha.kz/a/show/761947756,280000,5,2026-08-23T14:24:49+00:00
1015060713,https://krisha.kz/a/show/1015060713,300000,5,2026-08-23T14:24:49+00:00
1015022856,https://krisha.kz/a/show/1015022856,280000,5,2026-08-23T14:24:49+00:00
1014542148,https://krisha.kz/a/show/1014542148,330000,6,2026-08-23T14:24:52+00:00
1015059981,https://krisha.kz/a/show/1015059981,250000,6,2026-08-23T14:24:52+00:00
1009037607,https://krisha.kz/a/show/1009037607,180000,6,2026-08-23T14:24:52+00:00
1014865673,https://krisha.kz/a/show/1014865673,450000,6,2026-08-23T14:24:52+00:00
693549574,https://krisha.kz/a/show/693549574,350000,6,2026-08-23T14:24:52+00:00
1014105456,https://krisha.kz/a/show/1014105456,1000000,6,2026-08-23T14:24:52+00:00
1014492079,https://krisha.kz/a/show/1014492079,180000,6,2026-08-23T14:24:52+00:00
1015058218,https://krisha.kz/a/show/1015058218,250000,6,2026-08-23T14:24:52+00:00
687401750,https://krisha.kz/a/show/687401750,600000,6,2026-08-23T14:24:52+00:00
1014533235,https://krisha.kz/a/show/1014533235,350000,6,2026-08-23T14:24:52+00:00
762286266,https://krisha.kz/a/show/762286266,350000,6,2026-08-23T14:24:52+00:00
1010618481,https://krisha.kz/a/show/1010618481,350000,6,2026-08-23T14:24:52+00:00
1013952746,https://krisha.kz/a/show/1013952746,350000,6,2026-08-23T14:24:52+00:00
1014697855,https://krisha.kz/a/show/1014697855,650000,6,2026-08-23T14:24:52+00:00
1013456106,https://krisha.kz/a/show/1013456106,220000,6,2026-08-23T14:24:52+00:00
1012009177,https://krisha.kz/a/show/1012009177,430000,6,2026-08-23T14:24:52+00:00
1006987184,https://krisha.kz/a/show/1006987184,300000,6,2026-08-23T14:24:52+00:00
1015049391,https://krisha.kz/a/show/1015049391,250000,6,2026-08-23T14:24:52+00:00
1014986675,https://krisha.kz/a/show/1014986675,450000,6,2026-08-23T14:24:52+00:00
1014051739,https://krisha.kz/a/show/1014051739,320000,6,2026-08-23T14:24:52+00:00
1015058500,https://krisha.kz/a/show/1015058500,240000,7,2026-08-23T14:24:56+00:00
694670594,https://krisha.kz/a/show/694670594,600000,7,2026-08-23T14:24:56+00:00
1015053390,https://krisha.kz/a/show/1015053390,900000,7,2026-08-23T14:24:56+00:00
1014810199,https://krisha.kz/a/show/1014810199,800000,7,2026-08-23T14:24:56+00:00
1014453909,https://krisha.kz/a/show/1014453909,450000,7,2026-08-23T14:24:56+00:00
1013955678,https://krisha.kz/a/show/1013955678,350000,7,2026-08-23T14:24:56+00:00
1014997227,https://krisha.kz/a/show/1014997227,370000,7,2026-08-23T14:24:56+00:00
1014077089,https://krisha.kz/a/show/1014077089,400000,7,2026-08-23T14:24:56+00:00
50588844,https://krisha.kz/a/show/50588844,250000,7,2026-08-23T14:24:56+00:00
1014384662,https://krisha.kz/a/show/1014384662,650000,7,2026-08-23T14:24:56+00:00
1014417123,https://krisha.kz/a/show/1014417123,500000,7,2026-08-23T14:24:56+00:00
1006939526,https://krisha.kz/a/show/1006939526,550000,7,2026-08-23T14:24:56+00:00
1012945406,https://krisha.kz/a/show/1012945406,300000,7,2026-08-23T14:24:56+00:00
697111048,https://krisha.kz/a/show/697111048,360000,7,2026-08-23T14:24:56+00:00
1015052319,https://krisha.kz/a/show/1015052319,400000,7,2026-08-23T14:24:56+00:00
1014279219,https://krisha.kz/a/show/1014279219,700000,7,2026-08-23T14:24:56+00:00
1015057463,https://krisha.kz/a/show/1015057463,280000,7,2026-08-23T14:24:56+00:00
1014774978,https://krisha.kz/a/show/1014774978,330000,7,2026-08-23T14:24:56+00:00
1004475505,https://krisha.kz/a/show/1004475505,300000,7,2026-08-23T14:24:56+00:00
697051325,https://krisha.kz/a/show/697051325,500000,7,2026-08-23T14:24:56+00:00
1014660558,https://krisha.kz/a/show/1014660558,350000,8,2026-08-23T14:24:58+00:00
1015056836,https://krisha.kz/a/show/1015056836,250000,8,2026-08-23T14:24:58+00:00
1015056467,https://krisha.kz/a/show/1015056467,650000,8,2026-08-23T14:24:58+00:00
1010241635,https://krisha.kz/a/show/1010241635,220000,8,2026-08-23T14:24:58+00:00
1015055991,https://krisha.kz/a/show/1015055991,185000,8,2026-08-23T14:24:58+00:00
1014644538,https://krisha.kz/a/show/1014644538,280000,8,2026-08-23T14:24:58+00:00
1015055417,https://krisha.kz/a/show/1015055417,300000,8,2026-08-23T14:24:58+00:00
1009519158,https://krisha.kz/a/show/1009519158,200000,8,2026-08-23T14:24:58+00:00
1014026571,https://krisha.kz/a/show/1014026571,320000,8,2026-08-23T14:24:58+00:00
1007258542,https://krisha.kz/a/show/1007258542,400000,8,2026-08-23T14:24:58+00:00
1015054772,https://krisha.kz/a/show/1015054772,200000,8,2026-08-23T14:24:58+00:00
1013470818,https://krisha.kz/a/show/1013470818,900000,8,2026-08-23T14:24:58+00:00
760490840,https://krisha.kz/a/show/760490840,350000,8,2026-08-23T14:24:58+00:00
1014874126,https://krisha.kz/a/show/1014874126,2000000,8,2026-08-23T14:24:58+00:00
1015054406,https://krisha.kz/a/show/1015054406,300000,8,2026-08-23T14:24:58+00:00
1014986747,https://krisha.kz/a/show/1014986747,240000,8,2026-08-23T14:24:58+00:00
1014474154,https://krisha.kz/a/show/1014474154,600000,8,2026-08-23T14:24:58+00:00
1013967505,https://krisha.kz/a/show/1013967505,250000,8,2026-08-23T14:24:58+00:00
1014103502,https://krisha.kz/a/show/1014103502,390000,8,2026-08-23T14:24:58+00:00
1006677030,https://krisha.kz/a/show/1006677030,400000,8,2026-08-23T14:24:58+00:00
1014216516,https://krisha.kz/a/show/1014216516,800000,9,2026-08-23T14:25:03+00:00
684194300,https://krisha.kz/a/show/684194300,180000,9,2026-08-23T14:25:03+00:00
1015052943,https://krisha.kz/a/show/1015052943,400000,9,2026-08-23T14:25:03+00:00
1002375378,https://krisha.kz/a/show/1002375378,1000000,9,2026-08-23T14:25:03+00:00
761601720,https://krisha.kz/a/show/761601720,390000,9,2026-08-23T14:25:03+00:00
690651943,https://krisha.kz/a/show/690651943,350000,9,2026-08-23T14:25:03+00:00
1006625123,https://krisha.kz/a/show/1006625123,310000,9,2026-08-23T14:25:03+00:00
691688238,https://krisha.kz/a/show/691688238,300000,9,2026-08-23T14:25:03+00:00
685662049,https://krisha.kz/a/show/685662049,600000,9,2026-08-23T14:25:03+00:00
675308007,https://krisha.kz/a/show/675308007,230000,9,2026-08-23T14:25:03+00:00
1014531651,https://krisha.kz/a/show/1014531651,600000,9,2026-08-23T14:25:03+00:00
1014715083,https://krisha.kz/a/show/1014715083,350000,9,2026-08-23T14:25:03+00:00
1014777990,https://krisha.kz/a/show/1014777990,235000,9,2026-08-23T14:25:03+00:00
1015041843,https://krisha.kz/a/show/1015041843,250000,9,2026-08-23T14:25:03+00:00
1014786606,https://krisha.kz/a/show/1014786606,300000,10,2026-08-23T14:25:06+00:00
1014752014,https://krisha.kz/a/show/1014752014,350000,9,2026-08-23T14:25:03+00:00
1015029967,https://krisha.kz/a/show/1015029967,380000,10,2026-08-23T14:25:06+00:00
1014107998,https://krisha.kz/a/show/1014107998,700000,9,2026-08-23T14:25:03+00:00
1014468852,https://krisha.kz/a/show/1014468852,450000,9,2026-08-23T14:25:03+00:00
1014468753,https://krisha.kz/a/show/1014468753,1500000,9,2026-08-23T14:25:03+00:00
1004880447,https://krisha.kz/a/show/1004880447,350000,10,2026-08-23T14:25:06+00:00
1015038353,https://krisha.kz/a/show/1015038353,220000,10,2026-08-23T14:25:06+00:00
1014416641,https://krisha.kz/a/show/1014416641,170000,10,2026-08-23T14:25:06+00:00
1014023462,https://krisha.kz/a/show/1014023462,200000,10,2026-08-23T14:25:06+00:00
1014891483,https://krisha.kz/a/show/1014891483,300000,10,2026-08-23T14:25:06+00:00
1014798955,https://krisha.kz/a/show/1014798955,350000,10,2026-08-23T14:25:06+00:00
1014058834,https://krisha.kz/a/show/1014058834,300000,10,2026-08-23T14:25:06+00:00
1014056842,https://krisha.kz/a/show/1014056842,300000,10,2026-08-23T14:25:06+00:00
1014819070,https://krisha.kz/a/show/1014819070,270000,10,2026-08-23T14:25:06+00:00
1014871088,https://krisha.kz/a/show/1014871088,280000,10,2026-08-23T14:25:06+00:00
1014833176,https://krisha.kz/a/show/1014833176,299999,10,2026-08-23T14:25:06+00:00
1014876309,https://krisha.kz/a/show/1014876309,350000,10,2026-08-23T14:25:06+00:00
1015066202,https://krisha.kz/a/show/1015066202,350000,10,2026-08-23T14:25:06+00:00
1014022149,https://krisha.kz/a/show/1014022149,320000,10,2026-08-23T14:25:06+00:00
1014023522,https://krisha.kz/a/show/1014023522,280000,10,2026-08-23T14:25:06+00:00
1014028129,https://krisha.kz/a/show/1014028129,250000,10,2026-08-23T14:25:06+00:00
1014050880,https://krisha.kz/a/show/1014050880,280000,10,2026-08-23T14:25:06+00:00
1014986702,https://krisha.kz/a/show/1014986702,400000,10,2026-08-23T14:25:06+00:00
1014558564,https://krisha.kz/a/show/1014558564,350000,11,2026-08-23T14:25:10+00:00
1014416466,https://krisha.kz/a/show/1014416466,200000,11,2026-08-23T14:25:10+00:00
1014053438,https://krisha.kz/a/show/1014053438,260000,11,2026-08-23T14:25:10+00:00
1013595317,https://krisha.kz/a/show/1013595317,400000,11,2026-08-23T14:25:10+00:00
1014668855,https://krisha.kz/a/show/1014668855,650000,11,2026-08-23T14:25:10+00:00
696547718,https://krisha.kz/a/show/696547718,1900000,11,2026-08-23T14:25:10+00:00
1014023291,https://krisha.kz/a/show/1014023291,280000,11,2026-08-23T14:25:10+00:00
668725127,https://krisha.kz/a/show/668725127,250000,11,2026-08-23T14:25:10+00:00
1014888257,https://krisha.kz/a/show/1014888257,380000,11,2026-08-23T14:25:10+00:00
1014021604,https://krisha.kz/a/show/1014021604,300000,11,2026-08-23T14:25:10+00:00
1014836411,https://krisha.kz/a/show/1014836411,300000,11,2026-08-23T14:25:10+00:00
1014710245,https://krisha.kz/a/show/1014710245,300000,11,2026-08-23T14:25:10+00:00
1014641333,https://krisha.kz/a/show/1014641333,280000,11,2026-08-23T14:25:10+00:00
1014000626,https://krisha.kz/a/show/1014000626,600000,11,2026-08-23T14:25:10+00:00
1014426509,https://krisha.kz/a/show/1014426509,350000,11,2026-08-23T14:25:10+00:00
1014583473,https://krisha.kz/a/show/1014583473,1200000,11,2026-08-23T14:25:10+00:00
1014425046,https://krisha.kz/a/show/1014425046,200000,11,2026-08-23T14:25:10+00:00
1014363483,https://krisha.kz/a/show/1014363483,300000,11,2026-08-23T14:25:10+00:00
1014945326,https://krisha.kz/a/show/1014945326,200000,11,2026-08-23T14:25:10+00:00
675508712,https://krisha.kz/a/show/675508712,630000,13,2026-08-23T14:25:15+00:00
1014712465,https://krisha.kz/a/show/1014712465,320000,13,2026-08-23T14:25:15+00:00
1014430158,https://krisha.kz/a/show/1014430158,220000,13,2026-08-23T14:25:15+00:00
1014425749,https://krisha.kz/a/show/1014425749,380000,13,2026-08-23T14:25:15+00:00
1014060425,https://krisha.kz/a/show/1014060425,270000,13,2026-08-23T14:25:15+00:00
1014860577,https://krisha.kz/a/show/1014860577,350000,13,2026-08-23T14:25:15+00:00
1014711708,https://krisha.kz/a/show/1014711708,340000,13,2026-08-23T14:25:15+00:00
1014455886,https://krisha.kz/a/show/1014455886,260000,13,2026-08-23T14:25:15+00:00
1014021988,https://krisha.kz/a/show/1014021988,300000,13,2026-08-23T14:25:15+00:00
1014673492,https://krisha.kz/a/show/1014673492,280000,13,2026-08-23T14:25:15+00:00
1014000721,https://krisha.kz/a/show/1014000721,1000000,13,2026-08-23T14:25:15+00:00
1013908210,https://krisha.kz/a/show/1013908210,450000,13,2026-08-23T14:25:15+00:00
1014641273,https://krisha.kz/a/show/1014641273,370000,13,2026-08-23T14:25:15+00:00
1014949764,https://krisha.kz/a/show/1014949764,280000,13,2026-08-23T14:25:15+00:00
1013941410,https://krisha.kz/a/show/1013941410,280000,13,2026-08-23T14:25:15+00:00
1014867303,https://krisha.kz/a/show/1014867303,1500000,12,2026-08-23T14:25:13+00:00
1014024431,https://krisha.kz/a/show/1014024431,300000,13,2026-08-23T14:25:15+00:00
1014948552,https://krisha.kz/a/show/1014948552,1200000,12,2026-08-23T14:25:13+00:00
1014712860,https://krisha.kz/a/show/1014712860,500000,12,2026-08-23T14:25:13+00:00
694071668,https://krisha.kz/a/show/694071668,350000,14,2026-08-23T14:25:19+00:00
1014673785,https://krisha.kz/a/show/1014673785,650000,14,2026-08-23T14:25:19+00:00
1014021952,https://krisha.kz/a/show/1014021952,250000,14,2026-08-23T14:25:19+00:00
1011966000,https://krisha.kz/a/show/1011966000,260000,13,2026-08-23T14:25:15+00:00
1014623891,https://krisha.kz/a/show/1014623891,330000,14,2026-08-23T14:25:19+00:00
686143538,https://krisha.kz/a/show/686143538,290000,14,2026-08-23T14:25:19+00:00
1014790277,https://krisha.kz/a/show/1014790277,300000,14,2026-08-23T14:25:19+00:00
1014416566,https://krisha.kz/a/show/1014416566,300000,14,2026-08-23T14:25:19+00:00
1014023603,https://krisha.kz/a/show/1014023603,210000,14,2026-08-23T14:25:19+00:00
1014071093,https://krisha.kz/a/show/1014071093,300000,14,2026-08-23T14:25:19+00:00
1014416392,https://krisha.kz/a/show/1014416392,280000,14,2026-08-23T14:25:19+00:00
1014021754,https://krisha.kz/a/show/1014021754,170000,14,2026-08-23T14:25:19+00:00
1014664469,https://krisha.kz/a/show/1014664469,290000,14,2026-08-23T14:25:19+00:00
1014024195,https://krisha.kz/a/show/1014024195,200000,14,2026-08-23T14:25:19+00:00
1014070736,https://krisha.kz/a/show/1014070736,250000,14,2026-08-23T14:25:19+00:00
1014867746,https://krisha.kz/a/show/1014867746,350000,14,2026-08-23T14:25:19+00:00
1014709368,https://krisha.kz/a/show/1014709368,360000,14,2026-08-23T14:25:19+00:00
1013990422,https://krisha.kz/a/show/1013990422,2800000,14,2026-08-23T14:25:19+00:00
1015038415,https://krisha.kz/a/show/1015038415,400000,14,2026-08-23T14:25:19+00:00
1014711559,https://krisha.kz/a/show/1014711559,320000,14,2026-08-23T14:25:19+00:00
1014031193,https://krisha.kz/a/show/1014031193,250000,15,2026-08-23T14:25:23+00:00
1015047348,https://krisha.kz/a/show/1015047348,380000,15,2026-08-23T14:25:23+00:00
1014867639,https://krisha.kz/a/show/1014867639,800000,15,2026-08-23T14:25:23+00:00
1014867706,https://krisha.kz/a/show/1014867706,450000,15,2026-08-23T14:25:23+00:00
1005022251,https://krisha.kz/a/show/1005022251,200000,15,2026-08-23T14:25:23+00:00
698099161,https://krisha.kz/a/show/698099161,270000,16,2026-08-23T14:25:26+00:00
1014055133,https://krisha.kz/a/show/1014055133,300000,16,2026-08-23T14:25:26+00:00
1014001597,https://krisha.kz/a/show/1014001597,700000,15,2026-08-23T14:25:23+00:00
1013908019,https://krisha.kz/a/show/1013908019,300000,15,2026-08-23T14:25:23+00:00
1004226141,https://krisha.kz/a/show/1004226141,450000,15,2026-08-23T14:25:23+00:00
1014272065,https://krisha.kz/a/show/1014272065,400000,15,2026-08-23T14:25:23+00:00
1015040165,https://krisha.kz/a/show/1015040165,260000,15,2026-08-23T14:25:23+00:00
1014420071,https://krisha.kz/a/show/1014420071,300000,16,2026-08-23T14:25:26+00:00
1015013810,https://krisha.kz/a/show/1015013810,300000,15,2026-08-23T14:25:23+00:00
1014023655,https://krisha.kz/a/show/1014023655,200000,16,2026-08-23T14:25:26+00:00
1014698116,https://krisha.kz/a/show/1014698116,290000,16,2026-08-23T14:25:26+00:00
1014452760,https://krisha.kz/a/show/1014452760,200000,16,2026-08-23T14:25:26+00:00
1014555734,https://krisha.kz/a/show/1014555734,270000,16,2026-08-23T14:25:26+00:00
1014976225,https://krisha.kz/a/show/1014976225,180000,16,2026-08-23T14:25:26+00:00
1014417018,https://krisha.kz/a/show/1014417018,180000,16,2026-08-23T14:25:26+00:00
1014722197,https://krisha.kz/a/show/1014722197,190000,16,2026-08-23T14:25:26+00:00
665179760,https://krisha.kz/a/show/665179760,350000,16,2026-08-23T14:25:26+00:00
1014862685,https://krisha.kz/a/show/1014862685,360000,16,2026-08-23T14:25:26+00:00
1015030150,https://krisha.kz/a/show/1015030150,280000,16,2026-08-23T14:25:26+00:00
1014058191,https://krisha.kz/a/show/1014058191,230000,16,2026-08-23T14:25:26+00:00
1014433215,https://krisha.kz/a/show/1014433215,170000,16,2026-08-23T14:25:26+00:00
1014867579,https://krisha.kz/a/show/1014867579,800000,16,2026-08-23T14:25:26+00:00
1015000198,https://krisha.kz/a/show/1015000198,500000,16,2026-08-23T14:25:26+00:00
1014024029,https://krisha.kz/a/show/1014024029,250000,16,2026-08-23T14:25:26+00:00
1014022188,https://krisha.kz/a/show/1014022188,300000,16,2026-08-23T14:25:26+00:00
1014700707,https://krisha.kz/a/show/1014700707,300000,16,2026-08-23T14:25:26+00:00
1006181759,https://krisha.kz/a/show/1006181759,280000,17,2026-08-23T14:25:30+00:00
1014982294,https://krisha.kz/a/show/1014982294,320000,17,2026-08-23T14:25:30+00:00
1014719766,https://krisha.kz/a/show/1014719766,300000,17,2026-08-23T14:25:30+00:00
1015069223,https://krisha.kz/a/show/1015069223,190000,17,2026-08-23T14:25:30+00:00
1014023871,https://krisha.kz/a/show/1014023871,300000,17,2026-08-23T14:25:30+00:00
1015057886,https://krisha.kz/a/show/1015057886,160000,17,2026-08-23T14:25:30+00:00
1014416965,https://krisha.kz/a/show/1014416965,300000,17,2026-08-23T14:25:30+00:00
1014023973,https://krisha.kz/a/show/1014023973,170000,17,2026-08-23T14:25:30+00:00
1014022539,https://krisha.kz/a/show/1014022539,250000,17,2026-08-23T14:25:30+00:00
1015071060,https://krisha.kz/a/show/1015071060,130000,17,2026-08-23T14:25:30+00:00
1015071237,https://krisha.kz/a/show/1015071237,350000,17,2026-08-23T14:25:30+00:00
1005018067,https://krisha.kz/a/show/1005018067,150000,17,2026-08-23T14:25:30+00:00
1005944851,https://krisha.kz/a/show/1005944851,400000,17,2026-08-23T14:25:30+00:00
1006474481,https://krisha.kz/a/show/1006474481,400000,17,2026-08-23T14:25:30+00:00
1008910294,https://krisha.kz/a/show/1008910294,1000000,17,2026-08-23T14:25:30+00:00
1001665131,https://krisha.kz/a/show/1001665131,280000,17,2026-08-23T14:25:30+00:00
694557649,https://krisha.kz/a/show/694557649,450000,17,2026-08-23T14:25:30+00:00
1009736612,https://krisha.kz/a/show/1009736612,190000,17,2026-08-23T14:25:30+00:00
680544376,https://krisha.kz/a/show/680544376,300000,17,2026-08-23T14:25:30+00:00
1014930809,https://krisha.kz/a/show/1014930809,350000,17,2026-08-23T14:25:30+00:00
1013320320,https://krisha.kz/a/show/1013320320,250000,18,2026-08-23T14:25:32+00:00
1015070917,https://krisha.kz/a/show/1015070917,220000,18,2026-08-23T14:25:32+00:00
689799244,https://krisha.kz/a/show/689799244,250000,18,2026-08-23T14:25:32+00:00
1015043953,https://krisha.kz/a/show/1015043953,245000,18,2026-08-23T14:25:32+00:00
1014898921,https://krisha.kz/a/show/1014898921,350000,18,2026-08-23T14:25:32+00:00
1009242985,https://krisha.kz/a/show/1009242985,330000,18,2026-08-23T14:25:32+00:00
682421175,https://krisha.kz/a/show/682421175,150000,18,2026-08-23T14:25:32+00:00
1014079394,https://krisha.kz/a/show/1014079394,80000,18,2026-08-23T14:25:32+00:00
1014810924,https://krisha.kz/a/show/1014810924,300000,18,2026-08-23T14:25:32+00:00
1015070431,https://krisha.kz/a/show/1015070431,300000,18,2026-08-23T14:25:32+00:00
673989098,https://krisha.kz/a/show/673989098,220000,18,2026-08-23T14:25:32+00:00
1009570461,https://krisha.kz/a/show/1009570461,350000,18,2026-08-23T14:25:32+00:00
1013043239,https://krisha.kz/a/show/1013043239,2000000,18,2026-08-23T14:25:32+00:00
1009220468,https://krisha.kz/a/show/1009220468,220000,18,2026-08-23T14:25:32+00:00
1008375163,https://krisha.kz/a/show/1008375163,400000,18,2026-08-23T14:25:32+00:00
1002225431,https://krisha.kz/a/show/1002225431,450000,18,2026-08-23T14:25:32+00:00
1013068210,https://krisha.kz/a/show/1013068210,500000,18,2026-08-23T14:25:32+00:00
1015070300,https://krisha.kz/a/show/1015070300,200000,18,2026-08-23T14:25:32+00:00
1015070211,https://krisha.kz/a/show/1015070211,250000,18,2026-08-23T14:25:32+00:00
1015069467,https://krisha.kz/a/show/1015069467,440000,18,2026-08-23T14:25:32+00:00
1012565661,https://krisha.kz/a/show/1012565661,250000,19,2026-08-23T14:25:35+00:00
684688928,https://krisha.kz/a/show/684688928,400000,19,2026-08-23T14:25:35+00:00
1003008737,https://krisha.kz/a/show/1003008737,500000,19,2026-08-23T14:25:35+00:00
1015070018,https://krisha.kz/a/show/1015070018,260000,19,2026-08-23T14:25:35+00:00
1015069950,https://krisha.kz/a/show/1015069950,250000,19,2026-08-23T14:25:35+00:00
1015069908,https://krisha.kz/a/show/1015069908,350000,19,2026-08-23T14:25:35+00:00
1007575405,https://krisha.kz/a/show/1007575405,300000,19,2026-08-23T14:25:35+00:00
1010848908,https://krisha.kz/a/show/1010848908,200000,19,2026-08-23T14:25:35+00:00
1008908305,https://krisha.kz/a/show/1008908305,300000,19,2026-08-23T14:25:35+00:00
1011820568,https://krisha.kz/a/show/1011820568,300000,19,2026-08-23T14:25:35+00:00
691280189,https://krisha.kz/a/show/691280189,300000,19,2026-08-23T14:25:35+00:00
1014896350,https://krisha.kz/a/show/1014896350,240000,19,2026-08-23T14:25:35+00:00
762254558,https://krisha.kz/a/show/762254558,200000,19,2026-08-23T14:25:35+00:00
1007037893,https://krisha.kz/a/show/1007037893,700000,19,2026-08-23T14:25:35+00:00
1000529146,https://krisha.kz/a/show/1000529146,250000,19,2026-08-23T14:25:35+00:00
695083098,https://krisha.kz/a/show/695083098,250000,19,2026-08-23T14:25:35+00:00
1013298521,https://krisha.kz/a/show/1013298521,250000,19,2026-08-23T14:25:35+00:00
1012186865,https://krisha.kz/a/show/1012186865,2500000,19,2026-08-23T14:25:35+00:00
1015069419,https://krisha.kz/a/show/1015069419,300000,19,2026-08-23T14:25:35+00:00
689424568,https://krisha.kz/a/show/689424568,500000,19,2026-08-23T14:25:35+00:00
1015069151,https://krisha.kz/a/show/1015069151,320000,20,2026-08-23T14:25:38+00:00
1014866752,https://krisha.kz/a/show/1014866752,300000,20,2026-08-23T14:25:38+00:00
695416442,https://krisha.kz/a/show/695416442,160000,20,2026-08-23T14:25:38+00:00
1015068658,https://krisha.kz/a/show/1015068658,300000,20,2026-08-23T14:25:38+00:00
1015069047,https://krisha.kz/a/show/1015069047,280000,20,2026-08-23T14:25:38+00:00
1015068989,https://krisha.kz/a/show/1015068989,350000,20,2026-08-23T14:25:38+00:00
1015068809,https://krisha.kz/a/show/1015068809,220000,20,2026-08-23T14:25:38+00:00
1015045143,https://krisha.kz/a/show/1015045143,360000,20,2026-08-23T14:25:38+00:00
1015068264,https://krisha.kz/a/show/1015068264,250000,20,2026-08-23T14:25:38+00:00
761739417,https://krisha.kz/a/show/761739417,350000,20,2026-08-23T14:25:38+00:00
1015068588,https://krisha.kz/a/show/1015068588,250000,20,2026-08-23T14:25:38+00:00
1009848608,https://krisha.kz/a/show/1009848608,500000,20,2026-08-23T14:25:38+00:00
1015068553,https://krisha.kz/a/show/1015068553,250000,20,2026-08-23T14:25:38+00:00
680762966,https://krisha.kz/a/show/680762966,250000,20,2026-08-23T14:25:38+00:00
684552148,https://krisha.kz/a/show/684552148,300000,20,2026-08-23T14:25:38+00:00
1012953117,https://krisha.kz/a/show/1012953117,400000,20,2026-08-23T14:25:38+00:00
1015068216,https://krisha.kz/a/show/1015068216,350000,20,2026-08-23T14:25:38+00:00
1010345362,https://krisha.kz/a/show/1010345362,900000,20,2026-08-23T14:25:38+00:00
1015068105,https://krisha.kz/a/show/1015068105,250000,20,2026-08-23T14:25:38+00:00
1015063013,https://krisha.kz/a/show/1015063013,210000,20,2026-08-23T14:25:38+00:00
1015067802,https://krisha.kz/a/show/1015067802,300000,21,2026-08-23T14:25:40+00:00
1014865965,https://krisha.kz/a/show/1014865965,250000,21,2026-08-23T14:25:40+00:00
1015067634,https://krisha.kz/a/show/1015067634,200000,21,2026-08-23T14:25:40+00:00
1015067526,https://krisha.kz/a/show/1015067526,160000,21,2026-08-23T14:25:40+00:00
1006610389,https://krisha.kz/a/show/1006610389,280000,21,2026-08-23T14:25:40+00:00
1000927593,https://krisha.kz/a/show/1000927593,400000,21,2026-08-23T14:25:40+00:00
1000302738,https://krisha.kz/a/show/1000302738,240000,21,2026-08-23T14:25:40+00:00
1015067393,https://krisha.kz/a/show/1015067393,200000,21,2026-08-23T14:25:40+00:00
1015067050,https://krisha.kz/a/show/1015067050,280000,21,2026-08-23T14:25:40+00:00
1015066955,https://krisha.kz/a/show/1015066955,500000,21,2026-08-23T14:25:40+00:00
1015066960,https://krisha.kz/a/show/1015066960,430000,21,2026-08-23T14:25:40+00:00
1015066963,https://krisha.kz/a/show/1015066963,500000,21,2026-08-23T14:25:40+00:00
1015066922,https://krisha.kz/a/show/1015066922,220000,21,2026-08-23T14:25:40+00:00
1002765686,https://krisha.kz/a/show/1002765686,400000,21,2026-08-23T14:25:40+00:00
1014473187,https://krisha.kz/a/show/1014473187,600000,21,2026-08-23T14:25:40+00:00
1011980429,https://krisha.kz/a/show/1011980429,145000,21,2026-08-23T14:25:40+00:00
1015044578,https://krisha.kz/a/show/1015044578,370000,21,2026-08-23T14:25:40+00:00
682477959,https://krisha.kz/a/show/682477959,180000,21,2026-08-23T14:25:40+00:00
1015066401,https://krisha.kz/a/show/1015066401,400000,21,2026-08-23T14:25:40+00:00
1015066311,https://krisha.kz/a/show/1015066311,250000,21,2026-08-23T14:25:40+00:00
1015066321,https://krisha.kz/a/show/1015066321,500000,22,2026-08-23T14:25:44+00:00
1015066300,https://krisha.kz/a/show/1015066300,250000,22,2026-08-23T14:25:44+00:00
1005018399,https://krisha.kz/a/show/1005018399,250000,22,2026-08-23T14:25:44+00:00
1004698957,https://krisha.kz/a/show/1004698957,300000,22,2026-08-23T14:25:44+00:00
1014716449,https://krisha.kz/a/show/1014716449,320000,22,2026-08-23T14:25:44+00:00
1015065959,https://krisha.kz/a/show/1015065959,450000,22,2026-08-23T14:25:44+00:00
1015066239,https://krisha.kz/a/show/1015066239,300000,22,2026-08-23T14:25:44+00:00
1009218464,https://krisha.kz/a/show/1009218464,200000,22,2026-08-23T14:25:44+00:00
1004904715,https://krisha.kz/a/show/1004904715,200000,22,2026-08-23T14:25:44+00:00
1012322605,https://krisha.kz/a/show/1012322605,200000,22,2026-08-23T14:25:44+00:00
1011878248,https://krisha.kz/a/show/1011878248,300000,22,2026-08-23T14:25:44+00:00
1014470652,https://krisha.kz/a/show/1014470652,350000,22,2026-08-23T14:25:44+00:00
1015065997,https://krisha.kz/a/show/1015065997,400000,22,2026-08-23T14:25:44+00:00
1000417128,https://krisha.kz/a/show/1000417128,650000,22,2026-08-23T14:25:44+00:00
1003111027,https://krisha.kz/a/show/1003111027,300000,22,2026-08-23T14:25:44+00:00
1015066024,https://krisha.kz/a/show/1015066024,700000,22,2026-08-23T14:25:44+00:00
1014969402,https://krisha.kz/a/show/1014969402,300000,22,2026-08-23T14:25:44+00:00
1014671502,https://krisha.kz/a/show/1014671502,1700000,22,2026-08-23T14:25:44+00:00
1012082133,https://krisha.kz/a/show/1012082133,260000,22,2026-08-23T14:25:44+00:00
698249424,https://krisha.kz/a/show/698249424,900000,22,2026-08-23T14:25:44+00:00
1015065700,https://krisha.kz/a/show/1015065700,250000,23,2026-08-23T14:25:48+00:00
689560167,https://krisha.kz/a/show/689560167,240000,23,2026-08-23T14:25:48+00:00
1015065747,https://krisha.kz/a/show/1015065747,230000,23,2026-08-23T14:25:48+00:00
1014092003,https://krisha.kz/a/show/1014092003,300000,23,2026-08-23T14:25:48+00:00
1014278821,https://krisha.kz/a/show/1014278821,800000,23,2026-08-23T14:25:48+00:00
762289463,https://krisha.kz/a/show/762289463,260000,23,2026-08-23T14:25:48+00:00
1014103398,https://krisha.kz/a/show/1014103398,450000,23,2026-08-23T14:25:48+00:00
1012234783,https://krisha.kz/a/show/1012234783,250000,23,2026-08-23T14:25:48+00:00
1014671130,https://krisha.kz/a/show/1014671130,300000,23,2026-08-23T14:25:48+00:00
1014670778,https://krisha.kz/a/show/1014670778,400000,23,2026-08-23T14:25:48+00:00
1014863624,https://krisha.kz/a/show/1014863624,850000,23,2026-08-23T14:25:48+00:00
693758968,https://krisha.kz/a/show/693758968,400000,23,2026-08-23T14:25:48+00:00
1015062116,https://krisha.kz/a/show/1015062116,230000,23,2026-08-23T14:25:48+00:00
1002360080,https://krisha.kz/a/show/1002360080,230000,23,2026-08-23T14:25:48+00:00
1015065190,https://krisha.kz/a/show/1015065190,320000,23,2026-08-23T14:25:48+00:00
1006142698,https://krisha.kz/a/show/1006142698,300000,23,2026-08-23T14:25:48+00:00
1003632098,https://krisha.kz/a/show/1003632098,300000,23,2026-08-23T14:25:48+00:00
1015064984,https://krisha.kz/a/show/1015064984,280000,23,2026-08-23T14:25:48+00:00
670673880,https://krisha.kz/a/show/670673880,40000,23,2026-08-23T14:25:48+00:00
1013694179,https://krisha.kz/a/show/1013694179,250000,23,2026-08-23T14:25:48+00:00
1015064736,https://krisha.kz/a/show/1015064736,70000,24,2026-08-23T14:25:51+00:00
1015064604,https://krisha.kz/a/show/1015064604,250000,24,2026-08-23T14:25:51+00:00
1008041365,https://krisha.kz/a/show/1008041365,250000,24,2026-08-23T14:25:51+00:00
1015064346,https://krisha.kz/a/show/1015064346,400000,24,2026-08-23T14:25:51+00:00
1010813215,https://krisha.kz/a/show/1010813215,400000,24,2026-08-23T14:25:51+00:00
698135257,https://krisha.kz/a/show/698135257,350000,24,2026-08-23T14:25:51+00:00
1015062556,https://krisha.kz/a/show/1015062556,420000,24,2026-08-23T14:25:51+00:00
1015064083,https://krisha.kz/a/show/1015064083,250000,24,2026-08-23T14:25:51+00:00
1004937064,https://krisha.kz/a/show/1004937064,300000,24,2026-08-23T14:25:51+00:00
697713496,https://krisha.kz/a/show/697713496,250000,24,2026-08-23T14:25:51+00:00
1014689808,https://krisha.kz/a/show/1014689808,250000,24,2026-08-23T14:25:51+00:00
1014862343,https://krisha.kz/a/show/1014862343,500000,24,2026-08-23T14:25:51+00:00
1014202325,https://krisha.kz/a/show/1014202325,180000,24,2026-08-23T14:25:51+00:00
1012484091,https://krisha.kz/a/show/1012484091,280000,24,2026-08-23T14:25:51+00:00
1014062959,https://krisha.kz/a/show/1014062959,160000,24,2026-08-23T14:25:51+00:00
1007244806,https://krisha.kz/a/show/1007244806,1500000,24,2026-08-23T14:25:51+00:00
1014203810,https://krisha.kz/a/show/1014203810,1300000,24,2026-08-23T14:25:51+00:00
1012423764,https://krisha.kz/a/show/1012423764,250000,24,2026-08-23T14:25:51+00:00
1011389833,https://krisha.kz/a/show/1011389833,230000,24,2026-08-23T14:25:51+00:00
1013972926,https://krisha.kz/a/show/1013972926,350000,25,2026-08-23T14:25:54+00:00
1001509878,https://krisha.kz/a/show/1001509878,400000,25,2026-08-23T14:25:54+00:00
761671316,https://krisha.kz/a/show/761671316,280000,25,2026-08-23T14:25:54+00:00
1003487511,https://krisha.kz/a/show/1003487511,400000,25,2026-08-23T14:25:54+00:00
697466294,https://krisha.kz/a/show/697466294,550000,25,2026-08-23T14:25:54+00:00
695954224,https://krisha.kz/a/show/695954224,350000,25,2026-08-23T14:25:54+00:00
1003954779,https://krisha.kz/a/show/1003954779,380000,25,2026-08-23T14:25:54+00:00
1003502909,https://krisha.kz/a/show/1003502909,450000,25,2026-08-23T14:25:54+00:00
696109884,https://krisha.kz/a/show/696109884,330000,25,2026-08-23T14:25:54+00:00
697352840,https://krisha.kz/a/show/697352840,400000,25,2026-08-23T14:25:54+00:00
1008976053,https://krisha.kz/a/show/1008976053,450000,25,2026-08-23T14:25:54+00:00
1008463370,https://krisha.kz/a/show/1008463370,400000,25,2026-08-23T14:25:54+00:00
1012354724,https://krisha.kz/a/show/1012354724,380000,25,2026-08-23T14:25:54+00:00
690684103,https://krisha.kz/a/show/690684103,300000,25,2026-08-23T14:25:54+00:00
1015063385,https://krisha.kz/a/show/1015063385,250000,25,2026-08-23T14:25:54+00:00
1015063502,https://krisha.kz/a/show/1015063502,220000,25,2026-08-23T14:25:54+00:00
1015063511,https://krisha.kz/a/show/1015063511,250000,25,2026-08-23T14:25:54+00:00
1015063503,https://krisha.kz/a/show/1015063503,180000,25,2026-08-23T14:25:54+00:00
1002209283,https://krisha.kz/a/show/1002209283,400000,25,2026-08-23T14:25:54+00:00
676436503,https://krisha.kz/a/show/676436503,220000,25,2026-08-23T14:25:54+00:00
1014414515,https://krisha.kz/a/show/1014414515,250000,26,2026-08-23T14:25:58+00:00
762011266,https://krisha.kz/a/show/762011266,550000,26,2026-08-23T14:25:58+00:00
1012805475,https://krisha.kz/a/show/1012805475,330000,26,2026-08-23T14:25:58+00:00
1014600266,https://krisha.kz/a/show/1014600266,700000,26,2026-08-23T14:25:58+00:00
1014330700,https://krisha.kz/a/show/1014330700,300000,26,2026-08-23T14:25:58+00:00
761516946,https://krisha.kz/a/show/761516946,260000,26,2026-08-23T14:25:58+00:00
1014975227,https://krisha.kz/a/show/1014975227,360000,26,2026-08-23T14:25:58+00:00
1011451952,https://krisha.kz/a/show/1011451952,150000,26,2026-08-23T14:25:58+00:00
1004048882,https://krisha.kz/a/show/1004048882,130000,26,2026-08-23T14:25:58+00:00
699756962,https://krisha.kz/a/show/699756962,270000,26,2026-08-23T14:25:58+00:00
1015045590,https://krisha.kz/a/show/1015045590,250000,26,2026-08-23T14:25:58+00:00
1005892530,https://krisha.kz/a/show/1005892530,300000,26,2026-08-23T14:25:58+00:00
1002745393,https://krisha.kz/a/show/1002745393,280000,26,2026-08-23T14:25:58+00:00
1014536344,https://krisha.kz/a/show/1014536344,1400000,26,2026-08-23T14:25:58+00:00
1014196991,https://krisha.kz/a/show/1014196991,180000,26,2026-08-23T14:25:58+00:00
687487853,https://krisha.kz/a/show/687487853,330000,26,2026-08-23T14:25:58+00:00
1013085450,https://krisha.kz/a/show/1013085450,280000,26,2026-08-23T14:25:58+00:00
1012969306,https://krisha.kz/a/show/1012969306,280000,26,2026-08-23T14:25:58+00:00
1013966047,https://krisha.kz/a/show/1013966047,400000,26,2026-08-23T14:25:58+00:00
1015061950,https://krisha.kz/a/show/1015061950,180000,26,2026-08-23T14:25:58+00:00
1008138619,https://krisha.kz/a/show/1008138619,220000,27,2026-08-23T14:26:01+00:00
1007769113,https://krisha.kz/a/show/1007769113,700000,27,2026-08-23T14:26:01+00:00
681847773,https://krisha.kz/a/show/681847773,500000,27,2026-08-23T14:26:01+00:00
1007529419,https://krisha.kz/a/show/1007529419,300000,27,2026-08-23T14:26:01+00:00
1013303159,https://krisha.kz/a/show/1013303159,150000,27,2026-08-23T14:26:01+00:00
1008379081,https://krisha.kz/a/show/1008379081,280000,27,2026-08-23T14:26:01+00:00
1014468236,https://krisha.kz/a/show/1014468236,400000,27,2026-08-23T14:26:01+00:00
1005302552,https://krisha.kz/a/show/1005302552,300000,27,2026-08-23T14:26:01+00:00
1014772619,https://krisha.kz/a/show/1014772619,280000,27,2026-08-23T14:26:01+00:00
1013825338,https://krisha.kz/a/show/1013825338,300000,27,2026-08-23T14:26:01+00:00
1015046509,https://krisha.kz/a/show/1015046509,300000,27,2026-08-23T14:26:01+00:00
1014984307,https://krisha.kz/a/show/1014984307,380000,27,2026-08-23T14:26:01+00:00
1014561455,https://krisha.kz/a/show/1014561455,400000,27,2026-08-23T14:26:01+00:00
1014877739,https://krisha.kz/a/show/1014877739,250000,27,2026-08-23T14:26:01+00:00
1010060186,https://krisha.kz/a/show/1010060186,500000,27,2026-08-23T14:26:01+00:00
1015061434,https://krisha.kz/a/show/1015061434,200000,27,2026-08-23T14:26:01+00:00
1014641513,https://krisha.kz/a/show/1014641513,650000,27,2026-08-23T14:26:01+00:00
1011970786,https://krisha.kz/a/show/1011970786,1508000,27,2026-08-23T14:26:01+00:00
1013885302,https://krisha.kz/a/show/1013885302,2500000,27,2026-08-23T14:26:01+00:00
1012680955,https://krisha.kz/a/show/1012680955,500000,27,2026-08-23T14:26:01+00:00
1011921073,https://krisha.kz/a/show/1011921073,400000,28,2026-08-23T14:26:04+00:00
1015061154,https://krisha.kz/a/show/1015061154,300000,28,2026-08-23T14:26:04+00:00
1006252970,https://krisha.kz/a/show/1006252970,400000,28,2026-08-23T14:26:04+00:00
1015061178,https://krisha.kz/a/show/1015061178,300000,28,2026-08-23T14:26:04+00:00
684728017,https://krisha.kz/a/show/684728017,240000,28,2026-08-23T14:26:04+00:00
689950418,https://krisha.kz/a/show/689950418,400000,28,2026-08-23T14:26:04+00:00
666150113,https://krisha.kz/a/show/666150113,650000,28,2026-08-23T14:26:04+00:00
1003072624,https://krisha.kz/a/show/1003072624,500000,28,2026-08-23T14:26:04+00:00
696212418,https://krisha.kz/a/show/696212418,180000,28,2026-08-23T14:26:04+00:00
678244644,https://krisha.kz/a/show/678244644,220000,28,2026-08-23T14:26:04+00:00
699887555,https://krisha.kz/a/show/699887555,200000,28,2026-08-23T14:26:04+00:00
1015060561,https://krisha.kz/a/show/1015060561,320000,28,2026-08-23T14:26:04+00:00
1015060550,https://krisha.kz/a/show/1015060550,240000,28,2026-08-23T14:26:04+00:00
1015022403,https://krisha.kz/a/show/1015022403,280000,28,2026-08-23T14:26:04+00:00
1005709025,https://krisha.kz/a/show/1005709025,230000,28,2026-08-23T14:26:04+00:00
1009083086,https://krisha.kz/a/show/1009083086,250000,28,2026-08-23T14:26:04+00:00
1008997565,https://krisha.kz/a/show/1008997565,250000,28,2026-08-23T14:26:04+00:00
1014192258,https://krisha.kz/a/show/1014192258,280000,28,2026-08-23T14:26:04+00:00
1013888190,https://krisha.kz/a/show/1013888190,350000,28,2026-08-23T14:26:04+00:00
684792495,https://krisha.kz/a/show/684792495,250000,28,2026-08-23T14:26:04+00:00
1014896569,https://krisha.kz/a/show/1014896569,250000,29,2026-08-23T14:26:07+00:00
1008300959,https://krisha.kz/a/show/1008300959,700000,29,2026-08-23T14:26:07+00:00
1014848338,https://krisha.kz/a/show/1014848338,250000,29,2026-08-23T14:26:07+00:00
1008857187,https://krisha.kz/a/show/1008857187,300000,29,2026-08-23T14:26:07+00:00
1009983639,https://krisha.kz/a/show/1009983639,350000,29,2026-08-23T14:26:07+00:00
1015059865,https://krisha.kz/a/show/1015059865,300000,29,2026-08-23T14:26:07+00:00
1014886390,https://krisha.kz/a/show/1014886390,290000,29,2026-08-23T14:26:07+00:00
1010679314,https://krisha.kz/a/show/1010679314,200000,29,2026-08-23T14:26:07+00:00
1015059427,https://krisha.kz/a/show/1015059427,330000,29,2026-08-23T14:26:07+00:00
695593767,https://krisha.kz/a/show/695593767,220000,29,2026-08-23T14:26:07+00:00
1013630421,https://krisha.kz/a/show/1013630421,600000,29,2026-08-23T14:26:07+00:00
683073566,https://krisha.kz/a/show/683073566,420000,29,2026-08-23T14:26:07+00:00
689395965,https://krisha.kz/a/show/689395965,300000,29,2026-08-23T14:26:07+00:00
1000373435,https://krisha.kz/a/show/1000373435,250000,29,2026-08-23T14:26:07+00:00
1013890461,https://krisha.kz/a/show/1013890461,250000,29,2026-08-23T14:26:07+00:00
760032893,https://krisha.kz/a/show/760032893,250000,29,2026-08-23T14:26:07+00:00
695560517,https://krisha.kz/a/show/695560517,180000,29,2026-08-23T14:26:07+00:00
1015059354,https://krisha.kz/a/show/1015059354,450000,29,2026-08-23T14:26:07+00:00
762040110,https://krisha.kz/a/show/762040110,280000,29,2026-08-23T14:26:07+00:00
697981272,https://krisha.kz/a/show/697981272,360000,29,2026-08-23T14:26:07+00:00
1008194438,https://krisha.kz/a/show/1008194438,300000,30,2026-08-23T14:26:09+00:00
696078413,https://krisha.kz/a/show/696078413,400000,30,2026-08-23T14:26:09+00:00
1008836878,https://krisha.kz/a/show/1008836878,270000,30,2026-08-23T14:26:09+00:00
1009147140,https://krisha.kz/a/show/1009147140,280000,30,2026-08-23T14:26:09+00:00
1014758318,https://krisha.kz/a/show/1014758318,350000,30,2026-08-23T14:26:09+00:00
697600006,https://krisha.kz/a/show/697600006,400000,30,2026-08-23T14:26:09+00:00
1011490148,https://krisha.kz/a/show/1011490148,300000,30,2026-08-23T14:26:09+00:00
1003843690,https://krisha.kz/a/show/1003843690,250000,30,2026-08-23T14:26:09+00:00
1015058871,https://krisha.kz/a/show/1015058871,300000,30,2026-08-23T14:26:09+00:00
1015003740,https://krisha.kz/a/show/1015003740,170000,30,2026-08-23T14:26:09+00:00
686413632,https://krisha.kz/a/show/686413632,160000,30,2026-08-23T14:26:09+00:00
1013756613,https://krisha.kz/a/show/1013756613,320000,30,2026-08-23T14:26:09+00:00
1010444898,https://krisha.kz/a/show/1010444898,400000,30,2026-08-23T14:26:09+00:00
689209529,https://krisha.kz/a/show/689209529,300000,30,2026-08-23T14:26:09+00:00
1011836359,https://krisha.kz/a/show/1011836359,420000,30,2026-08-23T14:26:09+00:00
1015058619,https://krisha.kz/a/show/1015058619,290000,30,2026-08-23T14:26:09+00:00
1015058589,https://krisha.kz/a/show/1015058589,330000,30,2026-08-23T14:26:09+00:00
1015058587,https://krisha.kz/a/show/1015058587,225000,30,2026-08-23T14:26:09+00:00
1011982393,https://krisha.kz/a/show/1011982393,350000,30,2026-08-23T14:26:09+00:00
1015058510,https://krisha.kz/a/show/1015058510,170000,30,2026-08-23T14:26:09+00:00
1008393536,https://krisha.kz/a/show/1008393536,400000,31,2026-08-23T14:26:13+00:00
698573838,https://krisha.kz/a/show/698573838,250000,31,2026-08-23T14:26:13+00:00
1014642726,https://krisha.kz/a/show/1014642726,350000,31,2026-08-23T14:26:13+00:00
1014087045,https://krisha.kz/a/show/1014087045,400000,31,2026-08-23T14:26:13+00:00
1013693145,https://krisha.kz/a/show/1013693145,290000,31,2026-08-23T14:26:13+00:00
1014668764,https://krisha.kz/a/show/1014668764,350000,31,2026-08-23T14:26:13+00:00
1014548900,https://krisha.kz/a/show/1014548900,240000,31,2026-08-23T14:26:13+00:00
670231094,https://krisha.kz/a/show/670231094,220000,31,2026-08-23T14:26:13+00:00
688822110,https://krisha.kz/a/show/688822110,150000,31,2026-08-23T14:26:13+00:00
1009792994,https://krisha.kz/a/show/1009792994,280000,31,2026-08-23T14:26:13+00:00
1013415598,https://krisha.kz/a/show/1013415598,180000,31,2026-08-23T14:26:13+00:00
1014855679,https://krisha.kz/a/show/1014855679,320000,31,2026-08-23T14:26:13+00:00
698542649,https://krisha.kz/a/show/698542649,350000,31,2026-08-23T14:26:13+00:00
693792030,https://krisha.kz/a/show/693792030,400000,31,2026-08-23T14:26:13+00:00
1015057030,https://krisha.kz/a/show/1015057030,300000,31,2026-08-23T14:26:13+00:00
1015057021,https://krisha.kz/a/show/1015057021,360000,31,2026-08-23T14:26:13+00:00
1013737814,https://krisha.kz/a/show/1013737814,400000,31,2026-08-23T14:26:13+00:00
1014405187,https://krisha.kz/a/show/1014405187,135000,31,2026-08-23T14:26:13+00:00
1014406069,https://krisha.kz/a/show/1014406069,180000,31,2026-08-23T14:26:13+00:00
1011691391,https://krisha.kz/a/show/1011691391,350000,31,2026-08-23T14:26:13+00:00
761091960,https://krisha.kz/a/show/761091960,800000,32,2026-08-23T14:26:17+00:00
1013406263,https://krisha.kz/a/show/1013406263,260000,32,2026-08-23T14:26:17+00:00
672959050,https://krisha.kz/a/show/672959050,400000,32,2026-08-23T14:26:17+00:00
1014855447,https://krisha.kz/a/show/1014855447,450000,32,2026-08-23T14:26:17+00:00
1014855321,https://krisha.kz/a/show/1014855321,230000,32,2026-08-23T14:26:17+00:00
1010495344,https://krisha.kz/a/show/1010495344,200000,32,2026-08-23T14:26:17+00:00
1005175476,https://krisha.kz/a/show/1005175476,290000,32,2026-08-23T14:26:17+00:00
1005105431,https://krisha.kz/a/show/1005105431,290000,32,2026-08-23T14:26:17+00:00
1014261708,https://krisha.kz/a/show/1014261708,300000,32,2026-08-23T14:26:17+00:00
1015056433,https://krisha.kz/a/show/1015056433,230000,32,2026-08-23T14:26:17+00:00
760576590,https://krisha.kz/a/show/760576590,355555,32,2026-08-23T14:26:17+00:00
1014458653,https://krisha.kz/a/show/1014458653,1300000,32,2026-08-23T14:26:17+00:00
1014275319,https://krisha.kz/a/show/1014275319,600000,32,2026-08-23T14:26:17+00:00
1015056147,https://krisha.kz/a/show/1015056147,550000,32,2026-08-23T14:26:17+00:00
1012341862,https://krisha.kz/a/show/1012341862,1000000,32,2026-08-23T14:26:17+00:00
1010354173,https://krisha.kz/a/show/1010354173,300000,32,2026-08-23T14:26:17+00:00
1014659887,https://krisha.kz/a/show/1014659887,370000,32,2026-08-23T14:26:17+00:00
1014210682,https://krisha.kz/a/show/1014210682,550000,32,2026-08-23T14:26:17+00:00
1007185608,https://krisha.kz/a/show/1007185608,340000,32,2026-08-23T14:26:17+00:00
1014649355,https://krisha.kz/a/show/1014649355,700000,32,2026-08-23T14:26:17+00:00
1014646646,https://krisha.kz/a/show/1014646646,350000,33,2026-08-23T14:26:20+00:00
699767991,https://krisha.kz/a/show/699767991,450000,33,2026-08-23T14:26:20+00:00
1003593996,https://krisha.kz/a/show/1003593996,410000,33,2026-08-23T14:26:20+00:00
1013891029,https://krisha.kz/a/show/1013891029,350000,33,2026-08-23T14:26:20+00:00
1010918234,https://krisha.kz/a/show/1010918234,250000,33,2026-08-23T14:26:20+00:00
1014851751,https://krisha.kz/a/show/1014851751,400000,33,2026-08-23T14:26:20+00:00
1013372336,https://krisha.kz/a/show/1013372336,450000,33,2026-08-23T14:26:20+00:00
1006460629,https://krisha.kz/a/show/1006460629,460000,33,2026-08-23T14:26:20+00:00
1014847695,https://krisha.kz/a/show/1014847695,400000,33,2026-08-23T14:26:20+00:00
1014837495,https://krisha.kz/a/show/1014837495,250000,33,2026-08-23T14:26:20+00:00
1005754740,https://krisha.kz/a/show/1005754740,250000,33,2026-08-23T14:26:20+00:00
1006365653,https://krisha.kz/a/show/1006365653,290000,33,2026-08-23T14:26:20+00:00
1014827509,https://krisha.kz/a/show/1014827509,340000,33,2026-08-23T14:26:20+00:00
1014834238,https://krisha.kz/a/show/1014834238,300000,33,2026-08-23T14:26:20+00:00
1014670322,https://krisha.kz/a/show/1014670322,360000,33,2026-08-23T14:26:20+00:00
690509741,https://krisha.kz/a/show/690509741,550000,33,2026-08-23T14:26:20+00:00
1013480151,https://krisha.kz/a/show/1013480151,300000,33,2026-08-23T14:26:20+00:00
1013696362,https://krisha.kz/a/show/1013696362,230000,33,2026-08-23T14:26:20+00:00
673961250,https://krisha.kz/a/show/673961250,350000,34,2026-08-23T14:26:24+00:00
1014603029,https://krisha.kz/a/show/1014603029,800000,34,2026-08-23T14:26:24+00:00
1014606340,https://krisha.kz/a/show/1014606340,370000,34,2026-08-23T14:26:24+00:00
699911860,https://krisha.kz/a/show/699911860,680000,34,2026-08-23T14:26:24+00:00
1014864858,https://krisha.kz/a/show/1014864858,320000,34,2026-08-23T14:26:24+00:00
698512506,https://krisha.kz/a/show/698512506,250000,34,2026-08-23T14:26:24+00:00
1015035167,https://krisha.kz/a/show/1015035167,400000,36,2026-08-23T14:26:30+00:00
1014603981,https://krisha.kz/a/show/1014603981,310000,36,2026-08-23T14:26:30+00:00
1014608448,https://krisha.kz/a/show/1014608448,400000,36,2026-08-23T14:26:30+00:00
1014623297,https://krisha.kz/a/show/1014623297,320000,34,2026-08-23T14:26:24+00:00
1009030401,https://krisha.kz/a/show/1009030401,350000,34,2026-08-23T14:26:24+00:00
1014538452,https://krisha.kz/a/show/1014538452,750000,34,2026-08-23T14:26:24+00:00
1014684259,https://krisha.kz/a/show/1014684259,250000,34,2026-08-23T14:26:24+00:00
1004249932,https://krisha.kz/a/show/1004249932,200000,34,2026-08-23T14:26:24+00:00
1015045841,https://krisha.kz/a/show/1015045841,250000,34,2026-08-23T14:26:24+00:00
1015037177,https://krisha.kz/a/show/1015037177,280000,34,2026-08-23T14:26:24+00:00
1013296208,https://krisha.kz/a/show/1013296208,800000,34,2026-08-23T14:26:24+00:00
1014977385,https://krisha.kz/a/show/1014977385,300000,34,2026-08-23T14:26:24+00:00
1015047439,https://krisha.kz/a/show/1015047439,350000,34,2026-08-23T14:26:24+00:00
1014986192,https://krisha.kz/a/show/1014986192,350000,34,2026-08-23T14:26:24+00:00
1006697593,https://krisha.kz/a/show/1006697593,240000,35,2026-08-23T14:26:27+00:00
1014895393,https://krisha.kz/a/show/1014895393,250000,35,2026-08-23T14:26:27+00:00
1014524079,https://krisha.kz/a/show/1014524079,450000,35,2026-08-23T14:26:27+00:00
1006054384,https://krisha.kz/a/show/1006054384,350000,35,2026-08-23T14:26:27+00:00
689920534,https://krisha.kz/a/show/689920534,200000,36,2026-08-23T14:26:30+00:00
1013426428,https://krisha.kz/a/show/1013426428,400000,35,2026-08-23T14:26:27+00:00
1004393090,https://krisha.kz/a/show/1004393090,700000,35,2026-08-23T14:26:27+00:00
1014622420,https://krisha.kz/a/show/1014622420,320000,35,2026-08-23T14:26:27+00:00
1005024286,https://krisha.kz/a/show/1005024286,400000,35,2026-08-23T14:26:27+00:00
1014051646,https://krisha.kz/a/show/1014051646,210000,35,2026-08-23T14:26:27+00:00
1000180588,https://krisha.kz/a/show/1000180588,350000,35,2026-08-23T14:26:27+00:00
1014416880,https://krisha.kz/a/show/1014416880,220000,35,2026-08-23T14:26:27+00:00
1008155437,https://krisha.kz/a/show/1008155437,270000,35,2026-08-23T14:26:27+00:00
1014641231,https://krisha.kz/a/show/1014641231,330000,35,2026-08-23T14:26:27+00:00
1014641251,https://krisha.kz/a/show/1014641251,320000,35,2026-08-23T14:26:27+00:00
1015050868,https://krisha.kz/a/show/1015050868,350000,35,2026-08-23T14:26:27+00:00
1014377474,https://krisha.kz/a/show/1014377474,300000,35,2026-08-23T14:26:27+00:00
1000543884,https://krisha.kz/a/show/1000543884,1000000,35,2026-08-23T14:26:27+00:00
1006471877,https://krisha.kz/a/show/1006471877,200000,35,2026-08-23T14:26:27+00:00
1014916126,https://krisha.kz/a/show/1014916126,850000,35,2026-08-23T14:26:27+00:00
1014853232,https://krisha.kz/a/show/1014853232,300000,36,2026-08-23T14:26:30+00:00
1015048094,https://krisha.kz/a/show/1015048094,400000,36,2026-08-23T14:26:30+00:00
1015038304,https://krisha.kz/a/show/1015038304,500000,36,2026-08-23T14:26:30+00:00
1014997664,https://krisha.kz/a/show/1014997664,250000,36,2026-08-23T14:26:30+00:00
1014997699,https://krisha.kz/a/show/1014997699,270000,36,2026-08-23T14:26:30+00:00
1014976048,https://krisha.kz/a/show/1014976048,420000,36,2026-08-23T14:26:30+00:00
1015014765,https://krisha.kz/a/show/1015014765,300000,36,2026-08-23T14:26:30+00:00
1014417508,https://krisha.kz/a/show/1014417508,300000,36,2026-08-23T14:26:30+00:00
1014603232,https://krisha.kz/a/show/1014603232,200000,36,2026-08-23T14:26:30+00:00
1014416232,https://krisha.kz/a/show/1014416232,180000,36,2026-08-23T14:26:30+00:00
1014395900,https://krisha.kz/a/show/1014395900,450000,36,2026-08-23T14:26:30+00:00
1013939357,https://krisha.kz/a/show/1013939357,350000,36,2026-08-23T14:26:30+00:00
1001602878,https://krisha.kz/a/show/1001602878,230000,37,2026-08-23T14:26:34+00:00
1014295166,https://krisha.kz/a/show/1014295166,350000,37,2026-08-23T14:26:34+00:00
1014713100,https://krisha.kz/a/show/1014713100,400000,37,2026-08-23T14:26:34+00:00
1013481019,https://krisha.kz/a/show/1013481019,330000,37,2026-08-23T14:26:34+00:00
1014417365,https://krisha.kz/a/show/1014417365,260000,37,2026-08-23T14:26:34+00:00
1015041694,https://krisha.kz/a/show/1015041694,220000,37,2026-08-23T14:26:34+00:00
1014667785,https://krisha.kz/a/show/1014667785,320000,37,2026-08-23T14:26:34+00:00
1014727270,https://krisha.kz/a/show/1014727270,1000000,37,2026-08-23T14:26:34+00:00
1014416835,https://krisha.kz/a/show/1014416835,170000,37,2026-08-23T14:26:34+00:00
698019257,https://krisha.kz/a/show/698019257,240000,37,2026-08-23T14:26:34+00:00
1014979923,https://krisha.kz/a/show/1014979923,200000,37,2026-08-23T14:26:34+00:00
1014819450,https://krisha.kz/a/show/1014819450,170000,37,2026-08-23T14:26:34+00:00
1014023140,https://krisha.kz/a/show/1014023140,500000,37,2026-08-23T14:26:34+00:00
1014023035,https://krisha.kz/a/show/1014023035,400000,37,2026-08-23T14:26:34+00:00
1014022586,https://krisha.kz/a/show/1014022586,300000,37,2026-08-23T14:26:34+00:00
1015051348,https://krisha.kz/a/show/1015051348,340000,38,2026-08-23T14:26:37+00:00
1014273569,https://krisha.kz/a/show/1014273569,900000,38,2026-08-23T14:26:37+00:00
1014842468,https://krisha.kz/a/show/1014842468,350000,38,2026-08-23T14:26:37+00:00
1006225339,https://krisha.kz/a/show/1006225339,800000,38,2026-08-23T14:26:37+00:00
1006485652,https://krisha.kz/a/show/1006485652,380000,38,2026-08-23T14:26:37+00:00
1014599409,https://krisha.kz/a/show/1014599409,290000,38,2026-08-23T14:26:37+00:00
1014693946,https://krisha.kz/a/show/1014693946,250000,38,2026-08-23T14:26:37+00:00
1014069346,https://krisha.kz/a/show/1014069346,370000,38,2026-08-23T14:26:37+00:00
1014934179,https://krisha.kz/a/show/1014934179,250000,38,2026-08-23T14:26:37+00:00
1010881690,https://krisha.kz/a/show/1010881690,200000,38,2026-08-23T14:26:37+00:00
1009783087,https://krisha.kz/a/show/1009783087,200000,38,2026-08-23T14:26:37+00:00
1014719616,https://krisha.kz/a/show/1014719616,300000,38,2026-08-23T14:26:37+00:00
1014928106,https://krisha.kz/a/show/1014928106,260000,38,2026-08-23T14:26:37+00:00
1014771184,https://krisha.kz/a/show/1014771184,280000,38,2026-08-23T14:26:37+00:00
1013683977,https://krisha.kz/a/show/1013683977,280000,38,2026-08-23T14:26:37+00:00
1014415836,https://krisha.kz/a/show/1014415836,300000,38,2026-08-23T14:26:37+00:00
1014025332,https://krisha.kz/a/show/1014025332,250000,38,2026-08-23T14:26:37+00:00
1015011756,https://krisha.kz/a/show/1015011756,180000,38,2026-08-23T14:26:37+00:00
1015039935,https://krisha.kz/a/show/1015039935,200000,38,2026-08-23T14:26:37+00:00
685373500,https://krisha.kz/a/show/685373500,280000,38,2026-08-23T14:26:37+00:00
688519785,https://krisha.kz/a/show/688519785,300000,39,2026-08-23T14:26:40+00:00
1014842899,https://krisha.kz/a/show/1014842899,350000,39,2026-08-23T14:26:40+00:00
1015038164,https://krisha.kz/a/show/1015038164,400000,39,2026-08-23T14:26:40+00:00
1014625280,https://krisha.kz/a/show/1014625280,280000,39,2026-08-23T14:26:40+00:00
1015039415,https://krisha.kz/a/show/1015039415,250000,41,2026-08-23T14:26:48+00:00
1010861588,https://krisha.kz/a/show/1010861588,450000,39,2026-08-23T14:26:40+00:00
1009811216,https://krisha.kz/a/show/1009811216,400000,39,2026-08-23T14:26:40+00:00
1014770623,https://krisha.kz/a/show/1014770623,230000,39,2026-08-23T14:26:40+00:00
680115998,https://krisha.kz/a/show/680115998,200000,39,2026-08-23T14:26:40+00:00
1014671625,https://krisha.kz/a/show/1014671625,850000,39,2026-08-23T14:26:40+00:00
1004666250,https://krisha.kz/a/show/1004666250,350000,39,2026-08-23T14:26:40+00:00
691224048,https://krisha.kz/a/show/691224048,180000,39,2026-08-23T14:26:40+00:00
1014638300,https://krisha.kz/a/show/1014638300,400000,39,2026-08-23T14:26:40+00:00
672581351,https://krisha.kz/a/show/672581351,450000,39,2026-08-23T14:26:40+00:00
1014955589,https://krisha.kz/a/show/1014955589,250000,39,2026-08-23T14:26:40+00:00
1013782115,https://krisha.kz/a/show/1013782115,300000,39,2026-08-23T14:26:40+00:00
1015040428,https://krisha.kz/a/show/1015040428,350000,39,2026-08-23T14:26:40+00:00
1014708955,https://krisha.kz/a/show/1014708955,300000,39,2026-08-23T14:26:40+00:00
1006382543,https://krisha.kz/a/show/1006382543,260000,39,2026-08-23T14:26:40+00:00
1010929335,https://krisha.kz/a/show/1010929335,450000,39,2026-08-23T14:26:40+00:00
1014730876,https://krisha.kz/a/show/1014730876,350000,40,2026-08-23T14:26:44+00:00
1013381955,https://krisha.kz/a/show/1013381955,350000,40,2026-08-23T14:26:44+00:00
1015042350,https://krisha.kz/a/show/1015042350,350000,40,2026-08-23T14:26:44+00:00
1014832663,https://krisha.kz/a/show/1014832663,2300000,40,2026-08-23T14:26:44+00:00
1006929665,https://krisha.kz/a/show/1006929665,200000,40,2026-08-23T14:26:44+00:00
1015018360,https://krisha.kz/a/show/1015018360,250000,40,2026-08-23T14:26:44+00:00
1015045498,https://krisha.kz/a/show/1015045498,500000,40,2026-08-23T14:26:44+00:00
1000435815,https://krisha.kz/a/show/1000435815,300000,40,2026-08-23T14:26:44+00:00
1014896227,https://krisha.kz/a/show/1014896227,280000,40,2026-08-23T14:26:44+00:00
1015047857,https://krisha.kz/a/show/1015047857,380000,40,2026-08-23T14:26:44+00:00
693722439,https://krisha.kz/a/show/693722439,420000,40,2026-08-23T14:26:44+00:00
688818572,https://krisha.kz/a/show/688818572,250000,40,2026-08-23T14:26:44+00:00
1015049760,https://krisha.kz/a/show/1015049760,700000,40,2026-08-23T14:26:44+00:00
1014419738,https://krisha.kz/a/show/1014419738,230000,40,2026-08-23T14:26:44+00:00
1014022969,https://krisha.kz/a/show/1014022969,230000,40,2026-08-23T14:26:44+00:00
1015050521,https://krisha.kz/a/show/1015050521,230000,40,2026-08-23T14:26:44+00:00
1014728531,https://krisha.kz/a/show/1014728531,350000,40,2026-08-23T14:26:44+00:00
1014074745,https://krisha.kz/a/show/1014074745,410000,40,2026-08-23T14:26:44+00:00
690300458,https://krisha.kz/a/show/690300458,750000,40,2026-08-23T14:26:44+00:00
1014556654,https://krisha.kz/a/show/1014556654,250000,40,2026-08-23T14:26:44+00:00
1014854925,https://krisha.kz/a/show/1014854925,400000,41,2026-08-23T14:26:48+00:00
1014696247,https://krisha.kz/a/show/1014696247,230000,41,2026-08-23T14:26:48+00:00
694756780,https://krisha.kz/a/show/694756780,240000,41,2026-08-23T14:26:48+00:00
1014260846,https://krisha.kz/a/show/1014260846,750000,41,2026-08-23T14:26:48+00:00
1015055834,https://krisha.kz/a/show/1015055834,300000,41,2026-08-23T14:26:48+00:00
1014832234,https://krisha.kz/a/show/1014832234,350000,41,2026-08-23T14:26:48+00:00
1014752456,https://krisha.kz/a/show/1014752456,280000,41,2026-08-23T14:26:48+00:00
1015055485,https://krisha.kz/a/show/1015055485,380000,41,2026-08-23T14:26:48+00:00
1014851639,https://krisha.kz/a/show/1014851639,450000,41,2026-08-23T14:26:48+00:00
760650508,https://krisha.kz/a/show/760650508,330000,41,2026-08-23T14:26:48+00:00
1015055197,https://krisha.kz/a/show/1015055197,300000,41,2026-08-23T14:26:48+00:00
1008576666,https://krisha.kz/a/show/1008576666,300000,41,2026-08-23T14:26:48+00:00
1014063404,https://krisha.kz/a/show/1014063404,385000,41,2026-08-23T14:26:48+00:00
1015055030,https://krisha.kz/a/show/1015055030,230000,41,2026-08-23T14:26:48+00:00
1014853674,https://krisha.kz/a/show/1014853674,240000,41,2026-08-23T14:26:48+00:00
1014660302,https://krisha.kz/a/show/1014660302,250000,41,2026-08-23T14:26:48+00:00
1011975258,https://krisha.kz/a/show/1011975258,500000,41,2026-08-23T14:26:48+00:00
1012729431,https://krisha.kz/a/show/1012729431,380000,41,2026-08-23T14:26:48+00:00
681019644,https://krisha.kz/a/show/681019644,380000,41,2026-08-23T14:26:48+00:00
1013758763,https://krisha.kz/a/show/1013758763,1000000,42,2026-08-23T14:26:51+00:00
1014855480,https://krisha.kz/a/show/1014855480,500000,42,2026-08-23T14:26:51+00:00
1014897756,https://krisha.kz/a/show/1014897756,200000,42,2026-08-23T14:26:51+00:00
1014295980,https://krisha.kz/a/show/1014295980,400000,42,2026-08-23T14:26:51+00:00
1006147948,https://krisha.kz/a/show/1006147948,600000,42,2026-08-23T14:26:51+00:00
1001588280,https://krisha.kz/a/show/1001588280,350000,42,2026-08-23T14:26:51+00:00
1015048439,https://krisha.kz/a/show/1015048439,2000000,42,2026-08-23T14:26:51+00:00
1014491705,https://krisha.kz/a/show/1014491705,400000,42,2026-08-23T14:26:51+00:00
694084302,https://krisha.kz/a/show/694084302,300000,42,2026-08-23T14:26:51+00:00
686164115,https://krisha.kz/a/show/686164115,250000,42,2026-08-23T14:26:51+00:00
699338181,https://krisha.kz/a/show/699338181,230000,42,2026-08-23T14:26:51+00:00
1015054005,https://krisha.kz/a/show/1015054005,220000,42,2026-08-23T14:26:51+00:00
1012979626,https://krisha.kz/a/show/1012979626,280000,42,2026-08-23T14:26:51+00:00
1007669707,https://krisha.kz/a/show/1007669707,370000,42,2026-08-23T14:26:51+00:00
674315709,https://krisha.kz/a/show/674315709,235000,42,2026-08-23T14:26:51+00:00
1015053745,https://krisha.kz/a/show/1015053745,380000,42,2026-08-23T14:26:51+00:00
1015011591,https://krisha.kz/a/show/1015011591,280000,42,2026-08-23T14:26:51+00:00
1014852340,https://krisha.kz/a/show/1014852340,250000,42,2026-08-23T14:26:51+00:00
1014491020,https://krisha.kz/a/show/1014491020,500000,42,2026-08-23T14:26:51+00:00
1014790109,https://krisha.kz/a/show/1014790109,320000,42,2026-08-23T14:26:51+00:00
1003855826,https://krisha.kz/a/show/1003855826,240000,43,2026-08-23T14:26:55+00:00
1005334787,https://krisha.kz/a/show/1005334787,280000,43,2026-08-23T14:26:55+00:00
1014118284,https://krisha.kz/a/show/1014118284,400000,43,2026-08-23T14:26:55+00:00
694756129,https://krisha.kz/a/show/694756129,250000,43,2026-08-23T14:26:55+00:00
1008539826,https://krisha.kz/a/show/1008539826,300000,43,2026-08-23T14:26:55+00:00
1012475269,https://krisha.kz/a/show/1012475269,650000,43,2026-08-23T14:26:55+00:00
1014851713,https://krisha.kz/a/show/1014851713,490000,43,2026-08-23T14:26:55+00:00
1015052216,https://krisha.kz/a/show/1015052216,250000,43,2026-08-23T14:26:55+00:00
1014854680,https://krisha.kz/a/show/1014854680,350000,43,2026-08-23T14:26:55+00:00
1014868374,https://krisha.kz/a/show/1014868374,300000,43,2026-08-23T14:26:55+00:00
675103638,https://krisha.kz/a/show/675103638,350000,43,2026-08-23T14:26:55+00:00
1014858115,https://krisha.kz/a/show/1014858115,270000,43,2026-08-23T14:26:55+00:00
1015052154,https://krisha.kz/a/show/1015052154,250000,43,2026-08-23T14:26:55+00:00
1013856877,https://krisha.kz/a/show/1013856877,230000,43,2026-08-23T14:26:55+00:00
1014880234,https://krisha.kz/a/show/1014880234,350000,43,2026-08-23T14:26:55+00:00
687377541,https://krisha.kz/a/show/687377541,380000,43,2026-08-23T14:26:55+00:00
1015051692,https://krisha.kz/a/show/1015051692,600000,43,2026-08-23T14:26:55+00:00
1013985946,https://krisha.kz/a/show/1013985946,300000,43,2026-08-23T14:26:55+00:00
1012925811,https://krisha.kz/a/show/1012925811,240000,43,2026-08-23T14:26:55+00:00
1015051441,https://krisha.kz/a/show/1015051441,290000,43,2026-08-23T14:26:55+00:00
1014493956,https://krisha.kz/a/show/1014493956,430000,44,2026-08-23T14:27:00+00:00
1015047014,https://krisha.kz/a/show/1015047014,300000,44,2026-08-23T14:27:00+00:00
1013224951,https://krisha.kz/a/show/1013224951,260000,44,2026-08-23T14:27:00+00:00
760116937,https://krisha.kz/a/show/760116937,230000,44,2026-08-23T14:27:00+00:00
52730760,https://krisha.kz/a/show/52730760,250000,44,2026-08-23T14:27:00+00:00
761970872,https://krisha.kz/a/show/761970872,280000,44,2026-08-23T14:27:00+00:00
1004944722,https://krisha.kz/a/show/1004944722,390000,44,2026-08-23T14:27:00+00:00
692019176,https://krisha.kz/a/show/692019176,350000,44,2026-08-23T14:27:00+00:00
1014052141,https://krisha.kz/a/show/1014052141,300000,44,2026-08-23T14:27:00+00:00
1007612128,https://krisha.kz/a/show/1007612128,250000,44,2026-08-23T14:27:00+00:00
1007236547,https://krisha.kz/a/show/1007236547,330000,44,2026-08-23T14:27:00+00:00
1015050618,https://krisha.kz/a/show/1015050618,220000,44,2026-08-23T14:27:00+00:00
1015050552,https://krisha.kz/a/show/1015050552,430000,44,2026-08-23T14:27:00+00:00
1003716708,https://krisha.kz/a/show/1003716708,200000,44,2026-08-23T14:27:00+00:00
1013591242,https://krisha.kz/a/show/1013591242,500000,44,2026-08-23T14:27:00+00:00
1014278933,https://krisha.kz/a/show/1014278933,400000,44,2026-08-23T14:27:00+00:00
1008734360,https://krisha.kz/a/show/1008734360,350000,44,2026-08-23T14:27:00+00:00
1015050437,https://krisha.kz/a/show/1015050437,250000,44,2026-08-23T14:27:00+00:00
682789921,https://krisha.kz/a/show/682789921,400000,44,2026-08-23T14:27:00+00:00
1013937025,https://krisha.kz/a/show/1013937025,300000,44,2026-08-23T14:27:00+00:00
1014671079,https://krisha.kz/a/show/1014671079,400000,45,2026-08-23T14:27:04+00:00
1005600572,https://krisha.kz/a/show/1005600572,450000,45,2026-08-23T14:27:04+00:00
698334576,https://krisha.kz/a/show/698334576,240000,45,2026-08-23T14:27:04+00:00
1012880398,https://krisha.kz/a/show/1012880398,350000,45,2026-08-23T14:27:04+00:00
1014860321,https://krisha.kz/a/show/1014860321,200000,45,2026-08-23T14:27:04+00:00
1000868978,https://krisha.kz/a/show/1000868978,290000,45,2026-08-23T14:27:04+00:00
761930836,https://krisha.kz/a/show/761930836,220000,45,2026-08-23T14:27:04+00:00
1015049787,https://krisha.kz/a/show/1015049787,600000,45,2026-08-23T14:27:04+00:00
1015050072,https://krisha.kz/a/show/1015050072,300000,45,2026-08-23T14:27:04+00:00
1015048021,https://krisha.kz/a/show/1015048021,280000,45,2026-08-23T14:27:04+00:00
1013656425,https://krisha.kz/a/show/1013656425,370000,45,2026-08-23T14:27:04+00:00
1007022222,https://krisha.kz/a/show/1007022222,65000,45,2026-08-23T14:27:04+00:00
1013507809,https://krisha.kz/a/show/1013507809,400000,45,2026-08-23T14:27:04+00:00
1015049653,https://krisha.kz/a/show/1015049653,250000,45,2026-08-23T14:27:04+00:00
1015049751,https://krisha.kz/a/show/1015049751,300000,45,2026-08-23T14:27:04+00:00
1008117554,https://krisha.kz/a/show/1008117554,220000,45,2026-08-23T14:27:04+00:00
1013669388,https://krisha.kz/a/show/1013669388,2200000,45,2026-08-23T14:27:04+00:00
1013303752,https://krisha.kz/a/show/1013303752,200000,45,2026-08-23T14:27:04+00:00
761543613,https://krisha.kz/a/show/761543613,250000,45,2026-08-23T14:27:04+00:00
1008210720,https://krisha.kz/a/show/1008210720,350000,45,2026-08-23T14:27:04+00:00
1014905399,https://krisha.kz/a/show/1014905399,900000,46,2026-08-23T14:27:07+00:00
1012624885,https://krisha.kz/a/show/1012624885,280000,46,2026-08-23T14:27:07+00:00
1015049325,https://krisha.kz/a/show/1015049325,700000,46,2026-08-23T14:27:07+00:00
691486018,https://krisha.kz/a/show/691486018,280000,46,2026-08-23T14:27:07+00:00
1007557254,https://krisha.kz/a/show/1007557254,260000,46,2026-08-23T14:27:07+00:00
56075880,https://krisha.kz/a/show/56075880,550000,46,2026-08-23T14:27:07+00:00
1011811311,https://krisha.kz/a/show/1011811311,255000,46,2026-08-23T14:27:07+00:00
1015049268,https://krisha.kz/a/show/1015049268,500000,46,2026-08-23T14:27:07+00:00
1010840831,https://krisha.kz/a/show/1010840831,500000,46,2026-08-23T14:27:07+00:00
1015049128,https://krisha.kz/a/show/1015049128,250000,46,2026-08-23T14:27:07+00:00
1014267826,https://krisha.kz/a/show/1014267826,360000,46,2026-08-23T14:27:07+00:00
672319451,https://krisha.kz/a/show/672319451,300000,46,2026-08-23T14:27:07+00:00
1008701246,https://krisha.kz/a/show/1008701246,220000,46,2026-08-23T14:27:07+00:00
1002373406,https://krisha.kz/a/show/1002373406,250000,46,2026-08-23T14:27:07+00:00
1013549781,https://krisha.kz/a/show/1013549781,1000000,46,2026-08-23T14:27:07+00:00
1010854547,https://krisha.kz/a/show/1010854547,225000,46,2026-08-23T14:27:07+00:00
1003499082,https://krisha.kz/a/show/1003499082,500000,46,2026-08-23T14:27:07+00:00
1014902152,https://krisha.kz/a/show/1014902152,300000,46,2026-08-23T14:27:07+00:00
1015048660,https://krisha.kz/a/show/1015048660,300000,46,2026-08-23T14:27:07+00:00
1015047850,https://krisha.kz/a/show/1015047850,280000,46,2026-08-23T14:27:07+00:00
691513100,https://krisha.kz/a/show/691513100,280000,47,2026-08-23T14:27:11+00:00
1009900691,https://krisha.kz/a/show/1009900691,700000,47,2026-08-23T14:27:11+00:00
1015048301,https://krisha.kz/a/show/1015048301,250000,47,2026-08-23T14:27:11+00:00
1007476008,https://krisha.kz/a/show/1007476008,550000,47,2026-08-23T14:27:11+00:00
1013453797,https://krisha.kz/a/show/1013453797,500000,47,2026-08-23T14:27:11+00:00
1004351963,https://krisha.kz/a/show/1004351963,700000,47,2026-08-23T14:27:11+00:00
1010059653,https://krisha.kz/a/show/1010059653,900000,47,2026-08-23T14:27:11+00:00
1015045621,https://krisha.kz/a/show/1015045621,350000,47,2026-08-23T14:27:11+00:00
1015047872,https://krisha.kz/a/show/1015047872,250000,47,2026-08-23T14:27:11+00:00
1014746059,https://krisha.kz/a/show/1014746059,200000,47,2026-08-23T14:27:11+00:00
1005240204,https://krisha.kz/a/show/1005240204,350000,47,2026-08-23T14:27:11+00:00
1015047515,https://krisha.kz/a/show/1015047515,400000,47,2026-08-23T14:27:11+00:00
1013090670,https://krisha.kz/a/show/1013090670,400000,47,2026-08-23T14:27:11+00:00
1013212495,https://krisha.kz/a/show/1013212495,350000,47,2026-08-23T14:27:11+00:00
1014167504,https://krisha.kz/a/show/1014167504,400000,47,2026-08-23T14:27:11+00:00
1014058062,https://krisha.kz/a/show/1014058062,1500000,47,2026-08-23T14:27:11+00:00
697234814,https://krisha.kz/a/show/697234814,1500000,47,2026-08-23T14:27:11+00:00
1007976327,https://krisha.kz/a/show/1007976327,250000,47,2026-08-23T14:27:11+00:00
1007659347,https://krisha.kz/a/show/1007659347,300000,47,2026-08-23T14:27:11+00:00
1005863439,https://krisha.kz/a/show/1005863439,400000,47,2026-08-23T14:27:11+00:00
1015045508,https://krisha.kz/a/show/1015045508,300000,48,2026-08-23T14:27:15+00:00
1014102072,https://krisha.kz/a/show/1014102072,895000,48,2026-08-23T14:27:15+00:00
1004880081,https://krisha.kz/a/show/1004880081,300000,48,2026-08-23T14:27:15+00:00
1003075566,https://krisha.kz/a/show/1003075566,300000,48,2026-08-23T14:27:15+00:00
1006479637,https://krisha.kz/a/show/1006479637,500000,48,2026-08-23T14:27:15+00:00
1014071096,https://krisha.kz/a/show/1014071096,280000,48,2026-08-23T14:27:15+00:00
1011665110,https://krisha.kz/a/show/1011665110,400000,48,2026-08-23T14:27:15+00:00
1010657392,https://krisha.kz/a/show/1010657392,350000,48,2026-08-23T14:27:15+00:00
1005386448,https://krisha.kz/a/show/1005386448,200000,48,2026-08-23T14:27:15+00:00
689023158,https://krisha.kz/a/show/689023158,220000,48,2026-08-23T14:27:15+00:00
1014372344,https://krisha.kz/a/show/1014372344,270000,48,2026-08-23T14:27:15+00:00
686268298,https://krisha.kz/a/show/686268298,300000,48,2026-08-23T14:27:15+00:00
1013209025,https://krisha.kz/a/show/1013209025,550000,48,2026-08-23T14:27:15+00:00
698107299,https://krisha.kz/a/show/698107299,400000,48,2026-08-23T14:27:15+00:00
1014063577,https://krisha.kz/a/show/1014063577,370000,48,2026-08-23T14:27:15+00:00
1012484741,https://krisha.kz/a/show/1012484741,1400000,48,2026-08-23T14:27:15+00:00
692389597,https://krisha.kz/a/show/692389597,320000,48,2026-08-23T14:27:15+00:00
1015046205,https://krisha.kz/a/show/1015046205,280000,48,2026-08-23T14:27:15+00:00
1005782703,https://krisha.kz/a/show/1005782703,90000,48,2026-08-23T14:27:15+00:00
692222760,https://krisha.kz/a/show/692222760,270000,48,2026-08-23T14:27:15+00:00
1014897448,https://krisha.kz/a/show/1014897448,500000,49,2026-08-23T14:27:17+00:00
1015045879,https://krisha.kz/a/show/1015045879,350000,49,2026-08-23T14:27:17+00:00
1007545069,https://krisha.kz/a/show/1007545069,400000,49,2026-08-23T14:27:17+00:00
1006841903,https://krisha.kz/a/show/1006841903,190000,49,2026-08-23T14:27:17+00:00
688268300,https://krisha.kz/a/show/688268300,230000,49,2026-08-23T14:27:17+00:00
1015045236,https://krisha.kz/a/show/1015045236,1200000,49,2026-08-23T14:27:17+00:00
1015045266,https://krisha.kz/a/show/1015045266,300000,49,2026-08-23T14:27:17+00:00
1014451097,https://krisha.kz/a/show/1014451097,1500000,49,2026-08-23T14:27:17+00:00
1013351296,https://krisha.kz/a/show/1013351296,435555,49,2026-08-23T14:27:17+00:00
761862316,https://krisha.kz/a/show/761862316,555555,49,2026-08-23T14:27:17+00:00
1014843802,https://krisha.kz/a/show/1014843802,280000,49,2026-08-23T14:27:17+00:00
1015044896,https://krisha.kz/a/show/1015044896,420000,49,2026-08-23T14:27:17+00:00
686889455,https://krisha.kz/a/show/686889455,330000,49,2026-08-23T14:27:17+00:00
1014521726,https://krisha.kz/a/show/1014521726,495000,49,2026-08-23T14:27:17+00:00
1006982431,https://krisha.kz/a/show/1006982431,280000,49,2026-08-23T14:27:17+00:00
1014172082,https://krisha.kz/a/show/1014172082,420000,49,2026-08-23T14:27:17+00:00
1015044609,https://krisha.kz/a/show/1015044609,400000,49,2026-08-23T14:27:17+00:00
1004539888,https://krisha.kz/a/show/1004539888,3500000,49,2026-08-23T14:27:17+00:00
760363637,https://krisha.kz/a/show/760363637,220000,49,2026-08-23T14:27:17+00:00
1013794364,https://krisha.kz/a/show/1013794364,250000,49,2026-08-23T14:27:17+00:00
1007357198,https://krisha.kz/a/show/1007357198,280000,50,2026-08-23T14:27:20+00:00
1014632688,https://krisha.kz/a/show/1014632688,260000,50,2026-08-23T14:27:20+00:00
1006507424,https://krisha.kz/a/show/1006507424,450000,50,2026-08-23T14:27:20+00:00
1015043923,https://krisha.kz/a/show/1015043923,230000,50,2026-08-23T14:27:20+00:00
1014833174,https://krisha.kz/a/show/1014833174,350000,50,2026-08-23T14:27:20+00:00
1012026919,https://krisha.kz/a/show/1012026919,350000,50,2026-08-23T14:27:20+00:00
1006981149,https://krisha.kz/a/show/1006981149,300000,50,2026-08-23T14:27:20+00:00
1007150930,https://krisha.kz/a/show/1007150930,600000,50,2026-08-23T14:27:20+00:00
1001834950,https://krisha.kz/a/show/1001834950,690000,50,2026-08-23T14:27:20+00:00
1014842209,https://krisha.kz/a/show/1014842209,250000,50,2026-08-23T14:27:20+00:00
1014842014,https://krisha.kz/a/show/1014842014,280000,50,2026-08-23T14:27:20+00:00
1013813555,https://krisha.kz/a/show/1013813555,600000,50,2026-08-23T14:27:20+00:00
1013302203,https://krisha.kz/a/show/1013302203,280000,50,2026-08-23T14:27:20+00:00
1015043215,https://krisha.kz/a/show/1015043215,390000,50,2026-08-23T14:27:20+00:00
1015043083,https://krisha.kz/a/show/1015043083,290000,50,2026-08-23T14:27:20+00:00
695828547,https://krisha.kz/a/show/695828547,300000,50,2026-08-23T14:27:20+00:00
1014841379,https://krisha.kz/a/show/1014841379,190000,50,2026-08-23T14:27:20+00:00
1011413602,https://krisha.kz/a/show/1011413602,600000,50,2026-08-23T14:27:20+00:00
693367025,https://krisha.kz/a/show/693367025,200000,50,2026-08-23T14:27:20+00:00
699561222,https://krisha.kz/a/show/699561222,285000,50,2026-08-23T14:27:20+00:00
1005194727,https://krisha.kz/a/show/1005194727,280000,51,2026-08-23T14:27:22+00:00
1013148451,https://krisha.kz/a/show/1013148451,550000,51,2026-08-23T14:27:22+00:00
1011311318,https://krisha.kz/a/show/1011311318,350000,51,2026-08-23T14:27:22+00:00
1014840677,https://krisha.kz/a/show/1014840677,220000,51,2026-08-23T14:27:22+00:00
1014698268,https://krisha.kz/a/show/1014698268,750000,51,2026-08-23T14:27:22+00:00
1014792999,https://krisha.kz/a/show/1014792999,350000,51,2026-08-23T14:27:22+00:00
1014820180,https://krisha.kz/a/show/1014820180,400000,51,2026-08-23T14:27:22+00:00
1014820689,https://krisha.kz/a/show/1014820689,400000,51,2026-08-23T14:27:22+00:00
1015041748,https://krisha.kz/a/show/1015041748,280000,51,2026-08-23T14:27:22+00:00
1015041406,https://krisha.kz/a/show/1015041406,300000,51,2026-08-23T14:27:22+00:00
1015041636,https://krisha.kz/a/show/1015041636,400000,51,2026-08-23T14:27:22+00:00
1012680297,https://krisha.kz/a/show/1012680297,280000,51,2026-08-23T14:27:22+00:00
1013658971,https://krisha.kz/a/show/1013658971,240000,51,2026-08-23T14:27:22+00:00
1000531392,https://krisha.kz/a/show/1000531392,300000,51,2026-08-23T14:27:22+00:00
1005994637,https://krisha.kz/a/show/1005994637,650000,51,2026-08-23T14:27:22+00:00
1013735609,https://krisha.kz/a/show/1013735609,1000000,51,2026-08-23T14:27:22+00:00
1015041387,https://krisha.kz/a/show/1015041387,250000,51,2026-08-23T14:27:22+00:00
1015041093,https://krisha.kz/a/show/1015041093,220000,51,2026-08-23T14:27:22+00:00
697878893,https://krisha.kz/a/show/697878893,280000,51,2026-08-23T14:27:22+00:00
1014803355,https://krisha.kz/a/show/1014803355,300000,51,2026-08-23T14:27:22+00:00
692556500,https://krisha.kz/a/show/692556500,210000,52,2026-08-23T14:27:26+00:00
666594634,https://krisha.kz/a/show/666594634,200000,52,2026-08-23T14:27:26+00:00
1015040870,https://krisha.kz/a/show/1015040870,200000,52,2026-08-23T14:27:26+00:00
1015040819,https://krisha.kz/a/show/1015040819,350000,52,2026-08-23T14:27:26+00:00
1014370780,https://krisha.kz/a/show/1014370780,230000,52,2026-08-23T14:27:26+00:00
1008448385,https://krisha.kz/a/show/1008448385,268000,52,2026-08-23T14:27:26+00:00
1005106818,https://krisha.kz/a/show/1005106818,220000,52,2026-08-23T14:27:26+00:00
696105928,https://krisha.kz/a/show/696105928,450000,52,2026-08-23T14:27:26+00:00
1013779964,https://krisha.kz/a/show/1013779964,900000,52,2026-08-23T14:27:26+00:00
1010848946,https://krisha.kz/a/show/1010848946,220000,52,2026-08-23T14:27:26+00:00
1013071606,https://krisha.kz/a/show/1013071606,290000,52,2026-08-23T14:27:26+00:00
1015040015,https://krisha.kz/a/show/1015040015,900000,52,2026-08-23T14:27:26+00:00
1015040058,https://krisha.kz/a/show/1015040058,220000,52,2026-08-23T14:27:26+00:00
1014838755,https://krisha.kz/a/show/1014838755,450000,52,2026-08-23T14:27:26+00:00
1015039452,https://krisha.kz/a/show/1015039452,190000,52,2026-08-23T14:27:26+00:00
1012869572,https://krisha.kz/a/show/1012869572,300000,52,2026-08-23T14:27:26+00:00
684183312,https://krisha.kz/a/show/684183312,260000,52,2026-08-23T14:27:26+00:00
1011781880,https://krisha.kz/a/show/1011781880,800000,52,2026-08-23T14:27:26+00:00
1015039658,https://krisha.kz/a/show/1015039658,300000,52,2026-08-23T14:27:26+00:00
1015039619,https://krisha.kz/a/show/1015039619,270000,53,2026-08-23T14:27:29+00:00
695378908,https://krisha.kz/a/show/695378908,400000,53,2026-08-23T14:27:29+00:00
1011332222,https://krisha.kz/a/show/1011332222,3500000,53,2026-08-23T14:27:29+00:00
760808406,https://krisha.kz/a/show/760808406,250000,53,2026-08-23T14:27:29+00:00
1005234343,https://krisha.kz/a/show/1005234343,250000,53,2026-08-23T14:27:29+00:00
1008003126,https://krisha.kz/a/show/1008003126,350000,53,2026-08-23T14:27:29+00:00
1014837775,https://krisha.kz/a/show/1014837775,350000,53,2026-08-23T14:27:29+00:00
1015029957,https://krisha.kz/a/show/1015029957,350000,53,2026-08-23T14:27:29+00:00
1015038757,https://krisha.kz/a/show/1015038757,250000,53,2026-08-23T14:27:29+00:00
687146111,https://krisha.kz/a/show/687146111,350000,53,2026-08-23T14:27:29+00:00
1013219474,https://krisha.kz/a/show/1013219474,200000,53,2026-08-23T14:27:29+00:00
1015038564,https://krisha.kz/a/show/1015038564,250000,53,2026-08-23T14:27:29+00:00
761016185,https://krisha.kz/a/show/761016185,350000,53,2026-08-23T14:27:29+00:00
1013488812,https://krisha.kz/a/show/1013488812,240000,53,2026-08-23T14:27:29+00:00
1008550093,https://krisha.kz/a/show/1008550093,260000,53,2026-08-23T14:27:29+00:00
1014263739,https://krisha.kz/a/show/1014263739,250000,53,2026-08-23T14:27:29+00:00
1012540317,https://krisha.kz/a/show/1012540317,300000,53,2026-08-23T14:27:29+00:00
1013241713,https://krisha.kz/a/show/1013241713,220000,53,2026-08-23T14:27:29+00:00
1014000887,https://krisha.kz/a/show/1014000887,400000,53,2026-08-23T14:27:29+00:00
1015037885,https://krisha.kz/a/show/1015037885,380000,53,2026-08-23T14:27:29+00:00
1012495828,https://krisha.kz/a/show/1012495828,500000,54,2026-08-23T14:27:32+00:00
1014976168,https://krisha.kz/a/show/1014976168,75000,54,2026-08-23T14:27:32+00:00
1014340050,https://krisha.kz/a/show/1014340050,300000,54,2026-08-23T14:27:32+00:00
1008161008,https://krisha.kz/a/show/1008161008,600000,54,2026-08-23T14:27:32+00:00
1015037529,https://krisha.kz/a/show/1015037529,250000,54,2026-08-23T14:27:32+00:00
690302379,https://krisha.kz/a/show/690302379,250000,54,2026-08-23T14:27:32+00:00
761737335,https://krisha.kz/a/show/761737335,300000,54,2026-08-23T14:27:32+00:00
1014836460,https://krisha.kz/a/show/1014836460,450000,54,2026-08-23T14:27:32+00:00
1003999733,https://krisha.kz/a/show/1003999733,280000,54,2026-08-23T14:27:32+00:00
1001695914,https://krisha.kz/a/show/1001695914,230000,54,2026-08-23T14:27:32+00:00
678437252,https://krisha.kz/a/show/678437252,500000,54,2026-08-23T14:27:32+00:00
671076886,https://krisha.kz/a/show/671076886,230000,54,2026-08-23T14:27:32+00:00
1015023395,https://krisha.kz/a/show/1015023395,300000,54,2026-08-23T14:27:32+00:00
1015033069,https://krisha.kz/a/show/1015033069,240000,54,2026-08-23T14:27:32+00:00
1015037166,https://krisha.kz/a/show/1015037166,320000,54,2026-08-23T14:27:32+00:00
1015037112,https://krisha.kz/a/show/1015037112,2000000,54,2026-08-23T14:27:32+00:00
1015037083,https://krisha.kz/a/show/1015037083,200000,54,2026-08-23T14:27:32+00:00
1015036914,https://krisha.kz/a/show/1015036914,450000,54,2026-08-23T14:27:32+00:00
1014432121,https://krisha.kz/a/show/1014432121,250000,54,2026-08-23T14:27:32+00:00
1011021482,https://krisha.kz/a/show/1011021482,350000,54,2026-08-23T14:27:32+00:00
1015036647,https://krisha.kz/a/show/1015036647,220000,55,2026-08-23T14:27:36+00:00
1013937499,https://krisha.kz/a/show/1013937499,250000,55,2026-08-23T14:27:36+00:00
1010661402,https://krisha.kz/a/show/1010661402,550000,55,2026-08-23T14:27:36+00:00
1014834829,https://krisha.kz/a/show/1014834829,380000,55,2026-08-23T14:27:36+00:00
1014834188,https://krisha.kz/a/show/1014834188,750000,55,2026-08-23T14:27:36+00:00
1014641344,https://krisha.kz/a/show/1014641344,850000,55,2026-08-23T14:27:36+00:00
1004271326,https://krisha.kz/a/show/1004271326,200000,55,2026-08-23T14:27:36+00:00
1015035948,https://krisha.kz/a/show/1015035948,300000,55,2026-08-23T14:27:36+00:00
1009443133,https://krisha.kz/a/show/1009443133,250000,55,2026-08-23T14:27:36+00:00
671280404,https://krisha.kz/a/show/671280404,300000,55,2026-08-23T14:27:36+00:00
1014855105,https://krisha.kz/a/show/1014855105,350000,55,2026-08-23T14:27:36+00:00
1000811494,https://krisha.kz/a/show/1000811494,500000,55,2026-08-23T14:27:36+00:00
1004698630,https://krisha.kz/a/show/1004698630,220000,55,2026-08-23T14:27:36+00:00
1014058020,https://krisha.kz/a/show/1014058020,430000,55,2026-08-23T14:27:36+00:00
1005420107,https://krisha.kz/a/show/1005420107,250000,55,2026-08-23T14:27:36+00:00
1015034993,https://krisha.kz/a/show/1015034993,370000,55,2026-08-23T14:27:36+00:00
1014833804,https://krisha.kz/a/show/1014833804,280000,55,2026-08-23T14:27:36+00:00
1014833766,https://krisha.kz/a/show/1014833766,290000,55,2026-08-23T14:27:36+00:00
1013729855,https://krisha.kz/a/show/1013729855,400000,55,2026-08-23T14:27:36+00:00
1001988872,https://krisha.kz/a/show/1001988872,330000,55,2026-08-23T14:27:36+00:00
694407361,https://krisha.kz/a/show/694407361,300000,56,2026-08-23T14:27:38+00:00
1008084824,https://krisha.kz/a/show/1008084824,400000,56,2026-08-23T14:27:38+00:00
1012865824,https://krisha.kz/a/show/1012865824,270000,56,2026-08-23T14:27:38+00:00
1015004392,https://krisha.kz/a/show/1015004392,300000,56,2026-08-23T14:27:38+00:00
1015034513,https://krisha.kz/a/show/1015034513,300000,56,2026-08-23T14:27:38+00:00
1014832018,https://krisha.kz/a/show/1014832018,230000,56,2026-08-23T14:27:38+00:00
1014434123,https://krisha.kz/a/show/1014434123,280000,56,2026-08-23T14:27:38+00:00
697843609,https://krisha.kz/a/show/697843609,220000,56,2026-08-23T14:27:38+00:00
1014417922,https://krisha.kz/a/show/1014417922,400000,56,2026-08-23T14:27:38+00:00
1010307515,https://krisha.kz/a/show/1010307515,350000,56,2026-08-23T14:27:38+00:00
1009319012,https://krisha.kz/a/show/1009319012,280000,56,2026-08-23T14:27:38+00:00
1013503817,https://krisha.kz/a/show/1013503817,270000,56,2026-08-23T14:27:38+00:00
1014508749,https://krisha.kz/a/show/1014508749,270000,56,2026-08-23T14:27:38+00:00
1007371844,https://krisha.kz/a/show/1007371844,600000,56,2026-08-23T14:27:38+00:00
1014209535,https://krisha.kz/a/show/1014209535,450000,56,2026-08-23T14:27:38+00:00
1014620714,https://krisha.kz/a/show/1014620714,200000,56,2026-08-23T14:27:38+00:00
1011667933,https://krisha.kz/a/show/1011667933,300000,56,2026-08-23T14:27:38+00:00
1009580259,https://krisha.kz/a/show/1009580259,380000,56,2026-08-23T14:27:38+00:00
1014614264,https://krisha.kz/a/show/1014614264,800000,56,2026-08-23T14:27:38+00:00
1014818333,https://krisha.kz/a/show/1014818333,300000,56,2026-08-23T14:27:38+00:00
1012167059,https://krisha.kz/a/show/1012167059,280000,57,2026-08-23T14:27:42+00:00
698755811,https://krisha.kz/a/show/698755811,350000,57,2026-08-23T14:27:42+00:00
1001441925,https://krisha.kz/a/show/1001441925,300000,57,2026-08-23T14:27:42+00:00
760663398,https://krisha.kz/a/show/760663398,220000,57,2026-08-23T14:27:42+00:00
1014751594,https://krisha.kz/a/show/1014751594,300000,57,2026-08-23T14:27:42+00:00
1014616142,https://krisha.kz/a/show/1014616142,320000,57,2026-08-23T14:27:42+00:00
696075854,https://krisha.kz/a/show/696075854,450000,57,2026-08-23T14:27:42+00:00
1014744165,https://krisha.kz/a/show/1014744165,1000000,57,2026-08-23T14:27:42+00:00
1013767457,https://krisha.kz/a/show/1013767457,270000,57,2026-08-23T14:27:42+00:00
1014531447,https://krisha.kz/a/show/1014531447,350000,57,2026-08-23T14:27:42+00:00
1012095709,https://krisha.kz/a/show/1012095709,330000,57,2026-08-23T14:27:42+00:00
1004607359,https://krisha.kz/a/show/1004607359,2300000,57,2026-08-23T14:27:42+00:00
1014302017,https://krisha.kz/a/show/1014302017,500000,57,2026-08-23T14:27:42+00:00
1013909237,https://krisha.kz/a/show/1013909237,500000,57,2026-08-23T14:27:42+00:00
1014563310,https://krisha.kz/a/show/1014563310,370000,57,2026-08-23T14:27:42+00:00
1015034437,https://krisha.kz/a/show/1015034437,350000,57,2026-08-23T14:27:42+00:00
1012902056,https://krisha.kz/a/show/1012902056,350000,57,2026-08-23T14:27:42+00:00
1014833035,https://krisha.kz/a/show/1014833035,300000,57,2026-08-23T14:27:42+00:00
697528045,https://krisha.kz/a/show/697528045,1200000,59,2026-08-23T14:27:47+00:00
1006738910,https://krisha.kz/a/show/1006738910,400000,59,2026-08-23T14:27:47+00:00
660233518,https://krisha.kz/a/show/660233518,240000,58,2026-08-23T14:27:45+00:00
1015004878,https://krisha.kz/a/show/1015004878,400000,58,2026-08-23T14:27:45+00:00
1015001983,https://krisha.kz/a/show/1015001983,240000,58,2026-08-23T14:27:45+00:00
695189217,https://krisha.kz/a/show/695189217,400000,58,2026-08-23T14:27:45+00:00
1014999501,https://krisha.kz/a/show/1014999501,280000,58,2026-08-23T14:27:45+00:00
1011382318,https://krisha.kz/a/show/1011382318,800000,58,2026-08-23T14:27:45+00:00
1012792971,https://krisha.kz/a/show/1012792971,800000,58,2026-08-23T14:27:45+00:00
687371418,https://krisha.kz/a/show/687371418,1100000,58,2026-08-23T14:27:45+00:00
1006949807,https://krisha.kz/a/show/1006949807,320000,58,2026-08-23T14:27:45+00:00
1014688416,https://krisha.kz/a/show/1014688416,220000,58,2026-08-23T14:27:45+00:00
689242818,https://krisha.kz/a/show/689242818,500000,58,2026-08-23T14:27:45+00:00
1014609313,https://krisha.kz/a/show/1014609313,330000,58,2026-08-23T14:27:45+00:00
1014638141,https://krisha.kz/a/show/1014638141,360000,58,2026-08-23T14:27:45+00:00
1014712748,https://krisha.kz/a/show/1014712748,300000,58,2026-08-23T14:27:45+00:00
1014608107,https://krisha.kz/a/show/1014608107,350000,58,2026-08-23T14:27:45+00:00
1012378184,https://krisha.kz/a/show/1012378184,350000,58,2026-08-23T14:27:45+00:00
1008343695,https://krisha.kz/a/show/1008343695,520000,58,2026-08-23T14:27:45+00:00
1014620262,https://krisha.kz/a/show/1014620262,320000,58,2026-08-23T14:27:45+00:00
1014610176,https://krisha.kz/a/show/1014610176,350000,58,2026-08-23T14:27:45+00:00
1014067574,https://krisha.kz/a/show/1014067574,400000,58,2026-08-23T14:27:45+00:00
1014859789,https://krisha.kz/a/show/1014859789,400000,59,2026-08-23T14:27:47+00:00
1014622169,https://krisha.kz/a/show/1014622169,320000,59,2026-08-23T14:27:47+00:00
1015030695,https://krisha.kz/a/show/1015030695,270000,59,2026-08-23T14:27:47+00:00
685951274,https://krisha.kz/a/show/685951274,430000,59,2026-08-23T14:27:47+00:00
690040404,https://krisha.kz/a/show/690040404,350000,59,2026-08-23T14:27:47+00:00
1014000224,https://krisha.kz/a/show/1014000224,1400000,59,2026-08-23T14:27:47+00:00
1015003220,https://krisha.kz/a/show/1015003220,380000,59,2026-08-23T14:27:47+00:00
1014079311,https://krisha.kz/a/show/1014079311,270000,59,2026-08-23T14:27:47+00:00
1014275941,https://krisha.kz/a/show/1014275941,350000,59,2026-08-23T14:27:47+00:00
1015003605,https://krisha.kz/a/show/1015003605,350000,59,2026-08-23T14:27:47+00:00
1015007805,https://krisha.kz/a/show/1015007805,320000,59,2026-08-23T14:27:47+00:00
1015011187,https://krisha.kz/a/show/1015011187,320000,59,2026-08-23T14:27:47+00:00
1014790227,https://krisha.kz/a/show/1014790227,290000,59,2026-08-23T14:27:47+00:00
686501697,https://krisha.kz/a/show/686501697,325000,59,2026-08-23T14:27:47+00:00
1012624648,https://krisha.kz/a/show/1012624648,250000,59,2026-08-23T14:27:47+00:00
1005295781,https://krisha.kz/a/show/1005295781,350000,59,2026-08-23T14:27:47+00:00
1014971161,https://krisha.kz/a/show/1014971161,250000,59,2026-08-23T14:27:47+00:00
695382239,https://krisha.kz/a/show/695382239,350000,59,2026-08-23T14:27:47+00:00
1014794556,https://krisha.kz/a/show/1014794556,240000,60,2026-08-23T14:27:50+00:00
1015011502,https://krisha.kz/a/show/1015011502,220000,60,2026-08-23T14:27:50+00:00
1012433543,https://krisha.kz/a/show/1012433543,550000,60,2026-08-23T14:27:50+00:00
1014138221,https://krisha.kz/a/show/1014138221,300000,60,2026-08-23T14:27:50+00:00
1012670630,https://krisha.kz/a/show/1012670630,1200000,60,2026-08-23T14:27:50+00:00
1015012054,https://krisha.kz/a/show/1015012054,300000,60,2026-08-23T14:27:50+00:00
1010144284,https://krisha.kz/a/show/1010144284,250000,61,2026-08-23T14:27:53+00:00
1014879619,https://krisha.kz/a/show/1014879619,550000,60,2026-08-23T14:27:50+00:00
696571337,https://krisha.kz/a/show/696571337,350000,61,2026-08-23T14:27:53+00:00
1015005390,https://krisha.kz/a/show/1015005390,250000,60,2026-08-23T14:27:50+00:00
1009431419,https://krisha.kz/a/show/1009431419,300000,60,2026-08-23T14:27:50+00:00
1015017580,https://krisha.kz/a/show/1015017580,500000,60,2026-08-23T14:27:50+00:00
669976537,https://krisha.kz/a/show/669976537,370000,60,2026-08-23T14:27:50+00:00
1014895507,https://krisha.kz/a/show/1014895507,380000,60,2026-08-23T14:27:50+00:00
1013939128,https://krisha.kz/a/show/1013939128,500000,60,2026-08-23T14:27:50+00:00
1014608992,https://krisha.kz/a/show/1014608992,350000,60,2026-08-23T14:27:50+00:00
1013963249,https://krisha.kz/a/show/1013963249,300000,60,2026-08-23T14:27:50+00:00
1014003372,https://krisha.kz/a/show/1014003372,300000,60,2026-08-23T14:27:50+00:00
1015008284,https://krisha.kz/a/show/1015008284,300000,60,2026-08-23T14:27:50+00:00
1014650001,https://krisha.kz/a/show/1014650001,250000,60,2026-08-23T14:27:50+00:00
1014933972,https://krisha.kz/a/show/1014933972,300000,61,2026-08-23T14:27:53+00:00
1014907727,https://krisha.kz/a/show/1014907727,320000,61,2026-08-23T14:27:53+00:00
1015028630,https://krisha.kz/a/show/1015028630,500000,61,2026-08-23T14:27:53+00:00
1015026482,https://krisha.kz/a/show/1015026482,350000,61,2026-08-23T14:27:53+00:00
1014639313,https://krisha.kz/a/show/1014639313,350000,61,2026-08-23T14:27:53+00:00
1014371729,https://krisha.kz/a/show/1014371729,1000000,61,2026-08-23T14:27:53+00:00
1014712293,https://krisha.kz/a/show/1014712293,310000,61,2026-08-23T14:27:53+00:00
1014567344,https://krisha.kz/a/show/1014567344,300000,61,2026-08-23T14:27:53+00:00
1013791649,https://krisha.kz/a/show/1013791649,480000,61,2026-08-23T14:27:53+00:00
1012887805,https://krisha.kz/a/show/1012887805,350000,61,2026-08-23T14:27:53+00:00
1015024554,https://krisha.kz/a/show/1015024554,270000,61,2026-08-23T14:27:53+00:00
1014775164,https://krisha.kz/a/show/1014775164,500000,61,2026-08-23T14:27:53+00:00
1005272624,https://krisha.kz/a/show/1005272624,250000,61,2026-08-23T14:27:53+00:00
1014173289,https://krisha.kz/a/show/1014173289,250000,61,2026-08-23T14:27:53+00:00
1003744186,https://krisha.kz/a/show/1003744186,280000,61,2026-08-23T14:27:53+00:00
1007101586,https://krisha.kz/a/show/1007101586,350000,61,2026-08-23T14:27:53+00:00
1015033353,https://krisha.kz/a/show/1015033353,750000,61,2026-08-23T14:27:53+00:00
1014886419,https://krisha.kz/a/show/1014886419,250000,61,2026-08-23T14:27:53+00:00
1010137571,https://krisha.kz/a/show/1010137571,800000,62,2026-08-23T14:27:56+00:00
1011118546,https://krisha.kz/a/show/1011118546,700000,62,2026-08-23T14:27:56+00:00
1014410465,https://krisha.kz/a/show/1014410465,600000,62,2026-08-23T14:27:56+00:00
1014376988,https://krisha.kz/a/show/1014376988,350000,62,2026-08-23T14:27:56+00:00
1014516504,https://krisha.kz/a/show/1014516504,700000,62,2026-08-23T14:27:56+00:00
1006771459,https://krisha.kz/a/show/1006771459,400000,62,2026-08-23T14:27:56+00:00
1015006849,https://krisha.kz/a/show/1015006849,350000,62,2026-08-23T14:27:56+00:00
1015005287,https://krisha.kz/a/show/1015005287,270000,62,2026-08-23T14:27:56+00:00
1014651676,https://krisha.kz/a/show/1014651676,300000,62,2026-08-23T14:27:56+00:00
1013169512,https://krisha.kz/a/show/1013169512,599999,62,2026-08-23T14:27:56+00:00
1014842528,https://krisha.kz/a/show/1014842528,300000,62,2026-08-23T14:27:56+00:00
1015011528,https://krisha.kz/a/show/1015011528,250000,62,2026-08-23T14:27:56+00:00
1014125823,https://krisha.kz/a/show/1014125823,1700000,62,2026-08-23T14:27:56+00:00
1015023543,https://krisha.kz/a/show/1015023543,350000,63,2026-08-23T14:27:59+00:00
1014603330,https://krisha.kz/a/show/1014603330,300000,63,2026-08-23T14:27:59+00:00
1014641301,https://krisha.kz/a/show/1014641301,310000,64,2026-08-23T14:28:03+00:00
1015018478,https://krisha.kz/a/show/1015018478,490000,63,2026-08-23T14:27:59+00:00
1014709782,https://krisha.kz/a/show/1014709782,310000,63,2026-08-23T14:27:59+00:00
1014828504,https://krisha.kz/a/show/1014828504,450000,63,2026-08-23T14:27:59+00:00
1012239463,https://krisha.kz/a/show/1012239463,390000,62,2026-08-23T14:27:56+00:00
1014889457,https://krisha.kz/a/show/1014889457,300000,63,2026-08-23T14:27:59+00:00
1014817344,https://krisha.kz/a/show/1014817344,380000,63,2026-08-23T14:27:59+00:00
1014766086,https://krisha.kz/a/show/1014766086,1500000,63,2026-08-23T14:27:59+00:00
1014432531,https://krisha.kz/a/show/1014432531,250000,63,2026-08-23T14:27:59+00:00
1014836604,https://krisha.kz/a/show/1014836604,270000,64,2026-08-23T14:28:03+00:00
1013602722,https://krisha.kz/a/show/1013602722,1500000,64,2026-08-23T14:28:03+00:00
1015028926,https://krisha.kz/a/show/1015028926,350000,63,2026-08-23T14:27:59+00:00
1015029633,https://krisha.kz/a/show/1015029633,280000,63,2026-08-23T14:27:59+00:00
1014891525,https://krisha.kz/a/show/1014891525,260000,63,2026-08-23T14:27:59+00:00
1003047650,https://krisha.kz/a/show/1003047650,250000,63,2026-08-23T14:27:59+00:00
1015033565,https://krisha.kz/a/show/1015033565,350000,63,2026-08-23T14:27:59+00:00
1015016933,https://krisha.kz/a/show/1015016933,400000,63,2026-08-23T14:27:59+00:00
1015020128,https://krisha.kz/a/show/1015020128,230000,63,2026-08-23T14:27:59+00:00
1014842299,https://krisha.kz/a/show/1014842299,300000,63,2026-08-23T14:27:59+00:00
1014864099,https://krisha.kz/a/show/1014864099,500000,64,2026-08-23T14:28:03+00:00
1015034288,https://krisha.kz/a/show/1015034288,200000,64,2026-08-23T14:28:03+00:00
680000163,https://krisha.kz/a/show/680000163,450000,64,2026-08-23T14:28:03+00:00
1014836325,https://krisha.kz/a/show/1014836325,320000,64,2026-08-23T14:28:03+00:00
1015022050,https://krisha.kz/a/show/1015022050,220000,64,2026-08-23T14:28:03+00:00
1014555662,https://krisha.kz/a/show/1014555662,300000,64,2026-08-23T14:28:03+00:00
1011459023,https://krisha.kz/a/show/1011459023,250000,64,2026-08-23T14:28:03+00:00
1015034352,https://krisha.kz/a/show/1015034352,300000,64,2026-08-23T14:28:03+00:00
1014774051,https://krisha.kz/a/show/1014774051,260000,64,2026-08-23T14:28:03+00:00
1014660988,https://krisha.kz/a/show/1014660988,600000,64,2026-08-23T14:28:03+00:00
687540246,https://krisha.kz/a/show/687540246,250000,64,2026-08-23T14:28:03+00:00
688999878,https://krisha.kz/a/show/688999878,280000,64,2026-08-23T14:28:03+00:00
1015033640,https://krisha.kz/a/show/1015033640,90000,64,2026-08-23T14:28:03+00:00
1015019644,https://krisha.kz/a/show/1015019644,250000,64,2026-08-23T14:28:03+00:00
1012570438,https://krisha.kz/a/show/1012570438,220000,64,2026-08-23T14:28:03+00:00
1012598842,https://krisha.kz/a/show/1012598842,450000,64,2026-08-23T14:28:03+00:00
1008818879,https://krisha.kz/a/show/1008818879,300000,64,2026-08-23T14:28:03+00:00
679905532,https://krisha.kz/a/show/679905532,450000,65,2026-08-23T14:28:05+00:00
1014647528,https://krisha.kz/a/show/1014647528,200000,65,2026-08-23T14:28:05+00:00
1010832404,https://krisha.kz/a/show/1010832404,550000,65,2026-08-23T14:28:05+00:00
1009814848,https://krisha.kz/a/show/1009814848,220000,65,2026-08-23T14:28:05+00:00
1007074282,https://krisha.kz/a/show/1007074282,450000,65,2026-08-23T14:28:05+00:00
1015032522,https://krisha.kz/a/show/1015032522,240000,65,2026-08-23T14:28:05+00:00
1011460478,https://krisha.kz/a/show/1011460478,270000,65,2026-08-23T14:28:05+00:00
1004702908,https://krisha.kz/a/show/1004702908,250000,65,2026-08-23T14:28:05+00:00
1005882279,https://krisha.kz/a/show/1005882279,550000,65,2026-08-23T14:28:05+00:00
1007732541,https://krisha.kz/a/show/1007732541,250000,65,2026-08-23T14:28:05+00:00
1012968863,https://krisha.kz/a/show/1012968863,420000,65,2026-08-23T14:28:05+00:00
672367235,https://krisha.kz/a/show/672367235,300000,65,2026-08-23T14:28:05+00:00
1007354960,https://krisha.kz/a/show/1007354960,280000,65,2026-08-23T14:28:05+00:00
1015031305,https://krisha.kz/a/show/1015031305,400000,65,2026-08-23T14:28:05+00:00
1014697911,https://krisha.kz/a/show/1014697911,300000,65,2026-08-23T14:28:05+00:00
696445539,https://krisha.kz/a/show/696445539,200000,65,2026-08-23T14:28:05+00:00
1015030726,https://krisha.kz/a/show/1015030726,290000,65,2026-08-23T14:28:05+00:00
1014962558,https://krisha.kz/a/show/1014962558,320000,65,2026-08-23T14:28:05+00:00
1013676827,https://krisha.kz/a/show/1013676827,250000,65,2026-08-23T14:28:05+00:00
1005651601,https://krisha.kz/a/show/1005651601,700000,65,2026-08-23T14:28:05+00:00
690853262,https://krisha.kz/a/show/690853262,250000,66,2026-08-23T14:28:08+00:00
699650206,https://krisha.kz/a/show/699650206,270000,66,2026-08-23T14:28:08+00:00
698333887,https://krisha.kz/a/show/698333887,500000,66,2026-08-23T14:28:08+00:00
1013267764,https://krisha.kz/a/show/1013267764,550000,66,2026-08-23T14:28:08+00:00
1014655954,https://krisha.kz/a/show/1014655954,280000,66,2026-08-23T14:28:08+00:00
1014829564,https://krisha.kz/a/show/1014829564,450000,66,2026-08-23T14:28:08+00:00
1011345629,https://krisha.kz/a/show/1011345629,230000,66,2026-08-23T14:28:08+00:00
1014336649,https://krisha.kz/a/show/1014336649,430000,66,2026-08-23T14:28:08+00:00
1008471754,https://krisha.kz/a/show/1008471754,850000,66,2026-08-23T14:28:08+00:00
665275356,https://krisha.kz/a/show/665275356,270000,66,2026-08-23T14:28:08+00:00
1014234846,https://krisha.kz/a/show/1014234846,300000,66,2026-08-23T14:28:08+00:00
1015029841,https://krisha.kz/a/show/1015029841,250000,66,2026-08-23T14:28:08+00:00
1015007028,https://krisha.kz/a/show/1015007028,250000,66,2026-08-23T14:28:08+00:00
1005630194,https://krisha.kz/a/show/1005630194,650000,66,2026-08-23T14:28:08+00:00
699124600,https://krisha.kz/a/show/699124600,1000000,66,2026-08-23T14:28:08+00:00
671120502,https://krisha.kz/a/show/671120502,750000,66,2026-08-23T14:28:08+00:00
1014328957,https://krisha.kz/a/show/1014328957,1500000,66,2026-08-23T14:28:08+00:00
1006693242,https://krisha.kz/a/show/1006693242,230000,66,2026-08-23T14:28:08+00:00
1004620556,https://krisha.kz/a/show/1004620556,350000,66,2026-08-23T14:28:08+00:00
760450882,https://krisha.kz/a/show/760450882,270000,66,2026-08-23T14:28:08+00:00
1014654876,https://krisha.kz/a/show/1014654876,260000,67,2026-08-23T14:28:12+00:00
1003131905,https://krisha.kz/a/show/1003131905,1000000,67,2026-08-23T14:28:12+00:00
1009038909,https://krisha.kz/a/show/1009038909,200000,67,2026-08-23T14:28:12+00:00
1015029301,https://krisha.kz/a/show/1015029301,550000,67,2026-08-23T14:28:12+00:00
1015015937,https://krisha.kz/a/show/1015015937,300000,67,2026-08-23T14:28:12+00:00
1007665497,https://krisha.kz/a/show/1007665497,380000,67,2026-08-23T14:28:12+00:00
1014634657,https://krisha.kz/a/show/1014634657,350000,67,2026-08-23T14:28:12+00:00
692068414,https://krisha.kz/a/show/692068414,250000,67,2026-08-23T14:28:12+00:00
1014111403,https://krisha.kz/a/show/1014111403,300000,67,2026-08-23T14:28:12+00:00
1013718487,https://krisha.kz/a/show/1013718487,250000,67,2026-08-23T14:28:12+00:00
1013721679,https://krisha.kz/a/show/1013721679,650000,67,2026-08-23T14:28:12+00:00
1013926104,https://krisha.kz/a/show/1013926104,300000,67,2026-08-23T14:28:12+00:00
1001755340,https://krisha.kz/a/show/1001755340,330000,67,2026-08-23T14:28:12+00:00
1011576332,https://krisha.kz/a/show/1011576332,1200000,67,2026-08-23T14:28:12+00:00
1014827398,https://krisha.kz/a/show/1014827398,300000,67,2026-08-23T14:28:12+00:00
1014841894,https://krisha.kz/a/show/1014841894,400000,67,2026-08-23T14:28:12+00:00
682383567,https://krisha.kz/a/show/682383567,300000,67,2026-08-23T14:28:12+00:00
1000979366,https://krisha.kz/a/show/1000979366,300000,67,2026-08-23T14:28:12+00:00
1013417849,https://krisha.kz/a/show/1013417849,600000,67,2026-08-23T14:28:12+00:00
1015027653,https://krisha.kz/a/show/1015027653,260000,67,2026-08-23T14:28:12+00:00
1015027572,https://krisha.kz/a/show/1015027572,330000,68,2026-08-23T14:28:15+00:00
1015027454,https://krisha.kz/a/show/1015027454,250000,68,2026-08-23T14:28:15+00:00
1000770766,https://krisha.kz/a/show/1000770766,230000,68,2026-08-23T14:28:15+00:00
1003516593,https://krisha.kz/a/show/1003516593,400000,68,2026-08-23T14:28:15+00:00
1013461872,https://krisha.kz/a/show/1013461872,400000,68,2026-08-23T14:28:15+00:00
1014431966,https://krisha.kz/a/show/1014431966,300000,68,2026-08-23T14:28:15+00:00
1014826756,https://krisha.kz/a/show/1014826756,800000,68,2026-08-23T14:28:15+00:00
1004070348,https://krisha.kz/a/show/1004070348,600000,68,2026-08-23T14:28:15+00:00
698941670,https://krisha.kz/a/show/698941670,350000,68,2026-08-23T14:28:15+00:00
1006286412,https://krisha.kz/a/show/1006286412,380000,68,2026-08-23T14:28:15+00:00
1015026685,https://krisha.kz/a/show/1015026685,450000,68,2026-08-23T14:28:15+00:00
695147129,https://krisha.kz/a/show/695147129,350000,68,2026-08-23T14:28:15+00:00
1015024538,https://krisha.kz/a/show/1015024538,200000,68,2026-08-23T14:28:15+00:00
676074753,https://krisha.kz/a/show/676074753,450000,68,2026-08-23T14:28:15+00:00
671425221,https://krisha.kz/a/show/671425221,450000,68,2026-08-23T14:28:15+00:00
694816530,https://krisha.kz/a/show/694816530,450000,68,2026-08-23T14:28:15+00:00
1014825774,https://krisha.kz/a/show/1014825774,4000000,68,2026-08-23T14:28:15+00:00
1005325601,https://krisha.kz/a/show/1005325601,250000,68,2026-08-23T14:28:15+00:00
1015001225,https://krisha.kz/a/show/1015001225,280000,68,2026-08-23T14:28:15+00:00
695991191,https://krisha.kz/a/show/695991191,800000,68,2026-08-23T14:28:15+00:00
1015025504,https://krisha.kz/a/show/1015025504,250000,69,2026-08-23T14:28:20+00:00
677003326,https://krisha.kz/a/show/677003326,365000,69,2026-08-23T14:28:20+00:00
691946466,https://krisha.kz/a/show/691946466,400000,69,2026-08-23T14:28:20+00:00
1007867368,https://krisha.kz/a/show/1007867368,400000,69,2026-08-23T14:28:20+00:00
1009483975,https://krisha.kz/a/show/1009483975,300000,69,2026-08-23T14:28:20+00:00
1006415750,https://krisha.kz/a/show/1006415750,170000,69,2026-08-23T14:28:20+00:00
696957461,https://krisha.kz/a/show/696957461,600000,69,2026-08-23T14:28:20+00:00
1013952799,https://krisha.kz/a/show/1013952799,330000,69,2026-08-23T14:28:20+00:00
696482175,https://krisha.kz/a/show/696482175,250000,69,2026-08-23T14:28:20+00:00
1012503724,https://krisha.kz/a/show/1012503724,420000,69,2026-08-23T14:28:20+00:00
1013952419,https://krisha.kz/a/show/1013952419,460000,69,2026-08-23T14:28:20+00:00
1012010053,https://krisha.kz/a/show/1012010053,270000,69,2026-08-23T14:28:20+00:00
680662480,https://krisha.kz/a/show/680662480,380000,69,2026-08-23T14:28:20+00:00
1015023713,https://krisha.kz/a/show/1015023713,350000,69,2026-08-23T14:28:20+00:00
698746135,https://krisha.kz/a/show/698746135,300000,69,2026-08-23T14:28:20+00:00
1014964812,https://krisha.kz/a/show/1014964812,350000,69,2026-08-23T14:28:20+00:00
1007996726,https://krisha.kz/a/show/1007996726,1100000,69,2026-08-23T14:28:20+00:00
1015023207,https://krisha.kz/a/show/1015023207,350000,69,2026-08-23T14:28:20+00:00
1014186902,https://krisha.kz/a/show/1014186902,280000,69,2026-08-23T14:28:20+00:00
1011614638,https://krisha.kz/a/show/1011614638,700000,69,2026-08-23T14:28:20+00:00
1013090684,https://krisha.kz/a/show/1013090684,230000,70,2026-08-23T14:28:22+00:00
1014660007,https://krisha.kz/a/show/1014660007,280000,70,2026-08-23T14:28:22+00:00
1008517880,https://krisha.kz/a/show/1008517880,400000,70,2026-08-23T14:28:22+00:00
1010707180,https://krisha.kz/a/show/1010707180,310000,70,2026-08-23T14:28:22+00:00
1015022506,https://krisha.kz/a/show/1015022506,270000,70,2026-08-23T14:28:22+00:00
692268334,https://krisha.kz/a/show/692268334,350000,70,2026-08-23T14:28:22+00:00
1010049070,https://krisha.kz/a/show/1010049070,360000,70,2026-08-23T14:28:22+00:00
1000219581,https://krisha.kz/a/show/1000219581,350000,70,2026-08-23T14:28:22+00:00
1015022109,https://krisha.kz/a/show/1015022109,250000,70,2026-08-23T14:28:22+00:00
1008930327,https://krisha.kz/a/show/1008930327,270000,70,2026-08-23T14:28:22+00:00
1012148064,https://krisha.kz/a/show/1012148064,300000,70,2026-08-23T14:28:22+00:00
693083731,https://krisha.kz/a/show/693083731,320000,70,2026-08-23T14:28:22+00:00
1015021274,https://krisha.kz/a/show/1015021274,1500000,70,2026-08-23T14:28:22+00:00
688922782,https://krisha.kz/a/show/688922782,350000,70,2026-08-23T14:28:22+00:00
1013371523,https://krisha.kz/a/show/1013371523,370000,70,2026-08-23T14:28:22+00:00
761129568,https://krisha.kz/a/show/761129568,400000,70,2026-08-23T14:28:22+00:00
1005362302,https://krisha.kz/a/show/1005362302,450000,70,2026-08-23T14:28:22+00:00
1015020973,https://krisha.kz/a/show/1015020973,350000,70,2026-08-23T14:28:22+00:00
1015017349,https://krisha.kz/a/show/1015017349,430000,70,2026-08-23T14:28:22+00:00
1004891239,https://krisha.kz/a/show/1004891239,850000,71,2026-08-23T14:28:25+00:00
1015020520,https://krisha.kz/a/show/1015020520,1300000,71,2026-08-23T14:28:25+00:00
1013238808,https://krisha.kz/a/show/1013238808,180000,71,2026-08-23T14:28:25+00:00
693165591,https://krisha.kz/a/show/693165591,180000,71,2026-08-23T14:28:25+00:00
1005359971,https://krisha.kz/a/show/1005359971,250000,71,2026-08-23T14:28:25+00:00
1015020148,https://krisha.kz/a/show/1015020148,300000,71,2026-08-23T14:28:25+00:00
1014649453,https://krisha.kz/a/show/1014649453,250000,71,2026-08-23T14:28:25+00:00
1013975137,https://krisha.kz/a/show/1013975137,550000,71,2026-08-23T14:28:25+00:00
1013603876,https://krisha.kz/a/show/1013603876,250000,71,2026-08-23T14:28:25+00:00
1014804346,https://krisha.kz/a/show/1014804346,350000,71,2026-08-23T14:28:25+00:00
1015019731,https://krisha.kz/a/show/1015019731,550000,71,2026-08-23T14:28:25+00:00
1015019589,https://krisha.kz/a/show/1015019589,290000,71,2026-08-23T14:28:25+00:00
1006577421,https://krisha.kz/a/show/1006577421,400000,71,2026-08-23T14:28:25+00:00
1012796205,https://krisha.kz/a/show/1012796205,470000,71,2026-08-23T14:28:25+00:00
676588566,https://krisha.kz/a/show/676588566,1350000,71,2026-08-23T14:28:25+00:00
1003999488,https://krisha.kz/a/show/1003999488,600000,71,2026-08-23T14:28:25+00:00
1014626045,https://krisha.kz/a/show/1014626045,270000,71,2026-08-23T14:28:25+00:00
1003532832,https://krisha.kz/a/show/1003532832,280000,71,2026-08-23T14:28:25+00:00
686359483,https://krisha.kz/a/show/686359483,180000,71,2026-08-23T14:28:25+00:00
1015018812,https://krisha.kz/a/show/1015018812,300000,71,2026-08-23T14:28:25+00:00
1015019067,https://krisha.kz/a/show/1015019067,500000,72,2026-08-23T14:28:29+00:00
1015019080,https://krisha.kz/a/show/1015019080,290000,72,2026-08-23T14:28:29+00:00
1015018737,https://krisha.kz/a/show/1015018737,250000,72,2026-08-23T14:28:29+00:00
1014840880,https://krisha.kz/a/show/1014840880,230000,72,2026-08-23T14:28:29+00:00
1002561655,https://krisha.kz/a/show/1002561655,350000,72,2026-08-23T14:28:29+00:00
696750975,https://krisha.kz/a/show/696750975,300000,72,2026-08-23T14:28:29+00:00
687372021,https://krisha.kz/a/show/687372021,300000,72,2026-08-23T14:28:29+00:00
1015018157,https://krisha.kz/a/show/1015018157,350000,72,2026-08-23T14:28:29+00:00
1015018122,https://krisha.kz/a/show/1015018122,450000,72,2026-08-23T14:28:29+00:00
760021374,https://krisha.kz/a/show/760021374,250000,72,2026-08-23T14:28:29+00:00
1013729061,https://krisha.kz/a/show/1013729061,250000,72,2026-08-23T14:28:29+00:00
1001094806,https://krisha.kz/a/show/1001094806,270000,72,2026-08-23T14:28:29+00:00
1014819619,https://krisha.kz/a/show/1014819619,300000,72,2026-08-23T14:28:29+00:00
1015016870,https://krisha.kz/a/show/1015016870,450000,72,2026-08-23T14:28:29+00:00
1001451284,https://krisha.kz/a/show/1001451284,300000,72,2026-08-23T14:28:29+00:00
1014654085,https://krisha.kz/a/show/1014654085,310000,72,2026-08-23T14:28:29+00:00
1009516699,https://krisha.kz/a/show/1009516699,300000,72,2026-08-23T14:28:29+00:00
693596308,https://krisha.kz/a/show/693596308,250000,72,2026-08-23T14:28:29+00:00
1007998427,https://krisha.kz/a/show/1007998427,220000,72,2026-08-23T14:28:29+00:00
1004213945,https://krisha.kz/a/show/1004213945,350000,72,2026-08-23T14:28:29+00:00
1015016281,https://krisha.kz/a/show/1015016281,330000,73,2026-08-23T14:28:32+00:00
678978238,https://krisha.kz/a/show/678978238,350000,73,2026-08-23T14:28:32+00:00
1015016422,https://krisha.kz/a/show/1015016422,190000,73,2026-08-23T14:28:32+00:00
696510814,https://krisha.kz/a/show/696510814,310000,73,2026-08-23T14:28:32+00:00
1007575981,https://krisha.kz/a/show/1007575981,550000,73,2026-08-23T14:28:32+00:00
1011862005,https://krisha.kz/a/show/1011862005,300000,73,2026-08-23T14:28:32+00:00
1009604988,https://krisha.kz/a/show/1009604988,470000,73,2026-08-23T14:28:32+00:00
1015013858,https://krisha.kz/a/show/1015013858,1500000,73,2026-08-23T14:28:32+00:00
1015004444,https://krisha.kz/a/show/1015004444,400000,73,2026-08-23T14:28:32+00:00
1015015837,https://krisha.kz/a/show/1015015837,300000,73,2026-08-23T14:28:32+00:00
1015013299,https://krisha.kz/a/show/1015013299,300000,73,2026-08-23T14:28:32+00:00
57570628,https://krisha.kz/a/show/57570628,380000,73,2026-08-23T14:28:32+00:00
1015015531,https://krisha.kz/a/show/1015015531,300000,73,2026-08-23T14:28:32+00:00
1002193931,https://krisha.kz/a/show/1002193931,210000,73,2026-08-23T14:28:32+00:00
698083483,https://krisha.kz/a/show/698083483,500000,73,2026-08-23T14:28:32+00:00
684174995,https://krisha.kz/a/show/684174995,1100000,73,2026-08-23T14:28:32+00:00
1015014497,https://krisha.kz/a/show/1015014497,300000,73,2026-08-23T14:28:32+00:00
1013945056,https://krisha.kz/a/show/1013945056,200000,73,2026-08-23T14:28:32+00:00
1007090497,https://krisha.kz/a/show/1007090497,450000,73,2026-08-23T14:28:32+00:00
1011605636,https://krisha.kz/a/show/1011605636,225000,73,2026-08-23T14:28:32+00:00
691934102,https://krisha.kz/a/show/691934102,300000,74,2026-08-23T14:28:35+00:00
1014026705,https://krisha.kz/a/show/1014026705,350000,74,2026-08-23T14:28:35+00:00
684097126,https://krisha.kz/a/show/684097126,300000,74,2026-08-23T14:28:35+00:00
1006113017,https://krisha.kz/a/show/1006113017,350000,74,2026-08-23T14:28:35+00:00
1004332462,https://krisha.kz/a/show/1004332462,300000,74,2026-08-23T14:28:35+00:00
1015013510,https://krisha.kz/a/show/1015013510,270000,74,2026-08-23T14:28:35+00:00
1015013511,https://krisha.kz/a/show/1015013511,500000,74,2026-08-23T14:28:35+00:00
698476449,https://krisha.kz/a/show/698476449,230000,74,2026-08-23T14:28:35+00:00
1015012589,https://krisha.kz/a/show/1015012589,250000,74,2026-08-23T14:28:35+00:00
1014418086,https://krisha.kz/a/show/1014418086,260000,74,2026-08-23T14:28:35+00:00
1007582156,https://krisha.kz/a/show/1007582156,250000,74,2026-08-23T14:28:35+00:00
1014815599,https://krisha.kz/a/show/1014815599,1500000,74,2026-08-23T14:28:35+00:00
1009548464,https://krisha.kz/a/show/1009548464,650000,74,2026-08-23T14:28:35+00:00
1015012636,https://krisha.kz/a/show/1015012636,1000000,74,2026-08-23T14:28:35+00:00
1012700196,https://krisha.kz/a/show/1012700196,300000,74,2026-08-23T14:28:35+00:00
1009858854,https://krisha.kz/a/show/1009858854,340000,74,2026-08-23T14:28:35+00:00
1015012282,https://krisha.kz/a/show/1015012282,320000,74,2026-08-23T14:28:35+00:00
1015011601,https://krisha.kz/a/show/1015011601,300000,74,2026-08-23T14:28:35+00:00
1013231467,https://krisha.kz/a/show/1013231467,220000,74,2026-08-23T14:28:35+00:00
1014617215,https://krisha.kz/a/show/1014617215,170000,74,2026-08-23T14:28:35+00:00
1005393975,https://krisha.kz/a/show/1005393975,400000,75,2026-08-23T14:28:38+00:00
1015011373,https://krisha.kz/a/show/1015011373,275000,75,2026-08-23T14:28:38+00:00
1004778865,https://krisha.kz/a/show/1004778865,300000,75,2026-08-23T14:28:38+00:00
1014021796,https://krisha.kz/a/show/1014021796,300000,75,2026-08-23T14:28:38+00:00
1013568821,https://krisha.kz/a/show/1013568821,450000,75,2026-08-23T14:28:38+00:00
698330428,https://krisha.kz/a/show/698330428,600000,75,2026-08-23T14:28:38+00:00
1014811501,https://krisha.kz/a/show/1014811501,240000,75,2026-08-23T14:28:38+00:00
1013991651,https://krisha.kz/a/show/1013991651,250000,75,2026-08-23T14:28:38+00:00
1015009748,https://krisha.kz/a/show/1015009748,270000,75,2026-08-23T14:28:38+00:00
1014561007,https://krisha.kz/a/show/1014561007,350000,75,2026-08-23T14:28:38+00:00
1005961049,https://krisha.kz/a/show/1005961049,300000,75,2026-08-23T14:28:38+00:00
1009321134,https://krisha.kz/a/show/1009321134,150000,75,2026-08-23T14:28:38+00:00
1011568026,https://krisha.kz/a/show/1011568026,300000,75,2026-08-23T14:28:38+00:00
1015008981,https://krisha.kz/a/show/1015008981,320000,75,2026-08-23T14:28:38+00:00
760949023,https://krisha.kz/a/show/760949023,260000,75,2026-08-23T14:28:38+00:00
1014850802,https://krisha.kz/a/show/1014850802,300000,75,2026-08-23T14:28:38+00:00
1007408355,https://krisha.kz/a/show/1007408355,250000,75,2026-08-23T14:28:38+00:00
1014213503,https://krisha.kz/a/show/1014213503,270000,75,2026-08-23T14:28:38+00:00
1006629555,https://krisha.kz/a/show/1006629555,360000,75,2026-08-23T14:28:38+00:00
1015008687,https://krisha.kz/a/show/1015008687,370000,75,2026-08-23T14:28:38+00:00
1014988446,https://krisha.kz/a/show/1014988446,300000,76,2026-08-23T14:28:41+00:00
1014943053,https://krisha.kz/a/show/1014943053,450000,76,2026-08-23T14:28:41+00:00
1014983453,https://krisha.kz/a/show/1014983453,220000,76,2026-08-23T14:28:41+00:00
1012047164,https://krisha.kz/a/show/1012047164,250000,76,2026-08-23T14:28:41+00:00
1014786934,https://krisha.kz/a/show/1014786934,500000,76,2026-08-23T14:28:41+00:00
1006302390,https://krisha.kz/a/show/1006302390,240000,76,2026-08-23T14:28:41+00:00
1014650005,https://krisha.kz/a/show/1014650005,230000,76,2026-08-23T14:28:41+00:00
1015008020,https://krisha.kz/a/show/1015008020,1000000,76,2026-08-23T14:28:41+00:00
1014810349,https://krisha.kz/a/show/1014810349,270000,76,2026-08-23T14:28:41+00:00
1014609712,https://krisha.kz/a/show/1014609712,1500000,76,2026-08-23T14:28:41+00:00
1004968162,https://krisha.kz/a/show/1004968162,450000,76,2026-08-23T14:28:41+00:00
1014646721,https://krisha.kz/a/show/1014646721,240000,76,2026-08-23T14:28:41+00:00
1015007293,https://krisha.kz/a/show/1015007293,300000,76,2026-08-23T14:28:41+00:00
1004944723,https://krisha.kz/a/show/1004944723,1200000,76,2026-08-23T14:28:41+00:00
1014781187,https://krisha.kz/a/show/1014781187,700000,76,2026-08-23T14:28:41+00:00
1013170138,https://krisha.kz/a/show/1013170138,900000,76,2026-08-23T14:28:41+00:00
1008650043,https://krisha.kz/a/show/1008650043,450000,76,2026-08-23T14:28:41+00:00
1015005366,https://krisha.kz/a/show/1015005366,250000,76,2026-08-23T14:28:41+00:00
1015006277,https://krisha.kz/a/show/1015006277,400000,76,2026-08-23T14:28:41+00:00
1013781412,https://krisha.kz/a/show/1013781412,260000,76,2026-08-23T14:28:41+00:00
1012837868,https://krisha.kz/a/show/1012837868,330000,77,2026-08-23T14:28:44+00:00
1010283144,https://krisha.kz/a/show/1010283144,250000,77,2026-08-23T14:28:44+00:00
1010214215,https://krisha.kz/a/show/1010214215,320000,77,2026-08-23T14:28:44+00:00
1013038069,https://krisha.kz/a/show/1013038069,330000,77,2026-08-23T14:28:44+00:00
677820122,https://krisha.kz/a/show/677820122,230000,77,2026-08-23T14:28:44+00:00
1006181349,https://krisha.kz/a/show/1006181349,1200000,77,2026-08-23T14:28:44+00:00
1010411166,https://krisha.kz/a/show/1010411166,800000,77,2026-08-23T14:28:44+00:00
1015005463,https://krisha.kz/a/show/1015005463,330000,77,2026-08-23T14:28:44+00:00
1014807965,https://krisha.kz/a/show/1014807965,250000,77,2026-08-23T14:28:44+00:00
1015005460,https://krisha.kz/a/show/1015005460,215000,77,2026-08-23T14:28:44+00:00
1013060309,https://krisha.kz/a/show/1013060309,280000,77,2026-08-23T14:28:44+00:00
1013438793,https://krisha.kz/a/show/1013438793,250000,77,2026-08-23T14:28:44+00:00
1006741609,https://krisha.kz/a/show/1006741609,380000,77,2026-08-23T14:28:44+00:00
1015004903,https://krisha.kz/a/show/1015004903,350000,77,2026-08-23T14:28:44+00:00
1011983429,https://krisha.kz/a/show/1011983429,290000,77,2026-08-23T14:28:44+00:00
1005839172,https://krisha.kz/a/show/1005839172,350000,77,2026-08-23T14:28:44+00:00
1004709137,https://krisha.kz/a/show/1004709137,250000,77,2026-08-23T14:28:44+00:00
1014851604,https://krisha.kz/a/show/1014851604,250000,77,2026-08-23T14:28:44+00:00
1013356193,https://krisha.kz/a/show/1013356193,160000,77,2026-08-23T14:28:44+00:00
1012685685,https://krisha.kz/a/show/1012685685,450000,77,2026-08-23T14:28:44+00:00
1012158391,https://krisha.kz/a/show/1012158391,350000,78,2026-08-23T14:28:47+00:00
688677594,https://krisha.kz/a/show/688677594,250000,78,2026-08-23T14:28:47+00:00
1008812669,https://krisha.kz/a/show/1008812669,280000,78,2026-08-23T14:28:47+00:00
1006394611,https://krisha.kz/a/show/1006394611,350000,78,2026-08-23T14:28:47+00:00
1008896587,https://krisha.kz/a/show/1008896587,400000,78,2026-08-23T14:28:47+00:00
1015004172,https://krisha.kz/a/show/1015004172,1200000,78,2026-08-23T14:28:47+00:00
1008968107,https://krisha.kz/a/show/1008968107,550000,78,2026-08-23T14:28:47+00:00
1015003956,https://krisha.kz/a/show/1015003956,2500000,78,2026-08-23T14:28:47+00:00
1015003575,https://krisha.kz/a/show/1015003575,220000,78,2026-08-23T14:28:47+00:00
696719052,https://krisha.kz/a/show/696719052,1300000,78,2026-08-23T14:28:47+00:00
692820736,https://krisha.kz/a/show/692820736,280000,78,2026-08-23T14:28:47+00:00
1014067378,https://krisha.kz/a/show/1014067378,800000,78,2026-08-23T14:28:47+00:00
1014405630,https://krisha.kz/a/show/1014405630,400000,78,2026-08-23T14:28:47+00:00
1014378008,https://krisha.kz/a/show/1014378008,400000,78,2026-08-23T14:28:47+00:00
1013650803,https://krisha.kz/a/show/1013650803,250000,78,2026-08-23T14:28:47+00:00
679112814,https://krisha.kz/a/show/679112814,650000,78,2026-08-23T14:28:47+00:00
1014610144,https://krisha.kz/a/show/1014610144,350000,78,2026-08-23T14:28:47+00:00
1010616359,https://krisha.kz/a/show/1010616359,600000,78,2026-08-23T14:28:47+00:00
1014603614,https://krisha.kz/a/show/1014603614,500000,78,2026-08-23T14:28:47+00:00
699264670,https://krisha.kz/a/show/699264670,230000,78,2026-08-23T14:28:47+00:00
1014396389,https://krisha.kz/a/show/1014396389,1200000,79,2026-08-23T14:28:50+00:00
1014590434,https://krisha.kz/a/show/1014590434,250000,79,2026-08-23T14:28:50+00:00
1008903238,https://krisha.kz/a/show/1008903238,300000,79,2026-08-23T14:28:50+00:00
1014706253,https://krisha.kz/a/show/1014706253,500000,79,2026-08-23T14:28:50+00:00
1014710973,https://krisha.kz/a/show/1014710973,300000,79,2026-08-23T14:28:50+00:00
1014360171,https://krisha.kz/a/show/1014360171,350000,79,2026-08-23T14:28:50+00:00
1002634598,https://krisha.kz/a/show/1002634598,800000,79,2026-08-23T14:28:50+00:00
1014790332,https://krisha.kz/a/show/1014790332,280000,79,2026-08-23T14:28:50+00:00
1014790562,https://krisha.kz/a/show/1014790562,400000,79,2026-08-23T14:28:50+00:00
1008524221,https://krisha.kz/a/show/1008524221,230000,79,2026-08-23T14:28:50+00:00
1014590899,https://krisha.kz/a/show/1014590899,490000,79,2026-08-23T14:28:50+00:00
1012565357,https://krisha.kz/a/show/1012565357,365000,79,2026-08-23T14:28:50+00:00
1014778072,https://krisha.kz/a/show/1014778072,270000,79,2026-08-23T14:28:50+00:00
694366389,https://krisha.kz/a/show/694366389,250000,79,2026-08-23T14:28:50+00:00
1014972644,https://krisha.kz/a/show/1014972644,260000,79,2026-08-23T14:28:50+00:00
1014972086,https://krisha.kz/a/show/1014972086,450000,79,2026-08-23T14:28:50+00:00
1014779972,https://krisha.kz/a/show/1014779972,600000,79,2026-08-23T14:28:50+00:00
1014574911,https://krisha.kz/a/show/1014574911,900000,79,2026-08-23T14:28:50+00:00
1003185813,https://krisha.kz/a/show/1003185813,250000,79,2026-08-23T14:28:50+00:00
1014936074,https://krisha.kz/a/show/1014936074,300000,79,2026-08-23T14:28:50+00:00
1013963313,https://krisha.kz/a/show/1013963313,280000,80,2026-08-23T14:28:52+00:00
1014001117,https://krisha.kz/a/show/1014001117,1500000,80,2026-08-23T14:28:52+00:00
1014001515,https://krisha.kz/a/show/1014001515,1700000,80,2026-08-23T14:28:52+00:00
1013939049,https://krisha.kz/a/show/1013939049,800000,80,2026-08-23T14:28:52+00:00
1014847962,https://krisha.kz/a/show/1014847962,400000,80,2026-08-23T14:28:52+00:00
1014939682,https://krisha.kz/a/show/1014939682,3000000,80,2026-08-23T14:28:52+00:00
1010733769,https://krisha.kz/a/show/1010733769,280000,80,2026-08-23T14:28:52+00:00
1014429166,https://krisha.kz/a/show/1014429166,250000,80,2026-08-23T14:28:52+00:00
1014963215,https://krisha.kz/a/show/1014963215,300000,80,2026-08-23T14:28:52+00:00
1009978258,https://krisha.kz/a/show/1009978258,450000,80,2026-08-23T14:28:52+00:00
1014988682,https://krisha.kz/a/show/1014988682,250000,80,2026-08-23T14:28:52+00:00
1003273678,https://krisha.kz/a/show/1003273678,1000000,80,2026-08-23T14:28:52+00:00
1013463968,https://krisha.kz/a/show/1013463968,270000,80,2026-08-23T14:28:52+00:00
1014972097,https://krisha.kz/a/show/1014972097,380000,80,2026-08-23T14:28:52+00:00
1014782169,https://krisha.kz/a/show/1014782169,230000,80,2026-08-23T14:28:52+00:00
699054512,https://krisha.kz/a/show/699054512,350000,80,2026-08-23T14:28:52+00:00
1004246969,https://krisha.kz/a/show/1004246969,350000,80,2026-08-23T14:28:52+00:00
1004919587,https://krisha.kz/a/show/1004919587,400000,80,2026-08-23T14:28:52+00:00
1014971788,https://krisha.kz/a/show/1014971788,350000,80,2026-08-23T14:28:52+00:00
1009858990,https://krisha.kz/a/show/1009858990,330000,80,2026-08-23T14:28:52+00:00
760246459,https://krisha.kz/a/show/760246459,290000,81,2026-08-23T14:28:56+00:00
1014988820,https://krisha.kz/a/show/1014988820,500000,81,2026-08-23T14:28:56+00:00
1014981700,https://krisha.kz/a/show/1014981700,280000,81,2026-08-23T14:28:56+00:00
1010378988,https://krisha.kz/a/show/1010378988,250000,81,2026-08-23T14:28:56+00:00
1006830280,https://krisha.kz/a/show/1006830280,180000,81,2026-08-23T14:28:56+00:00
1014998397,https://krisha.kz/a/show/1014998397,250000,81,2026-08-23T14:28:56+00:00
1014000914,https://krisha.kz/a/show/1014000914,1500000,81,2026-08-23T14:28:56+00:00
1004322343,https://krisha.kz/a/show/1004322343,420000,81,2026-08-23T14:28:56+00:00
1014920621,https://krisha.kz/a/show/1014920621,250000,81,2026-08-23T14:28:56+00:00
1014972146,https://krisha.kz/a/show/1014972146,380000,81,2026-08-23T14:28:56+00:00
1011334962,https://krisha.kz/a/show/1011334962,500000,81,2026-08-23T14:28:56+00:00
1003299352,https://krisha.kz/a/show/1003299352,700000,81,2026-08-23T14:28:56+00:00
1003298175,https://krisha.kz/a/show/1003298175,1500000,81,2026-08-23T14:28:56+00:00
1014998485,https://krisha.kz/a/show/1014998485,500000,81,2026-08-23T14:28:56+00:00
1014456233,https://krisha.kz/a/show/1014456233,280000,81,2026-08-23T14:28:56+00:00
1005110741,https://krisha.kz/a/show/1005110741,300000,81,2026-08-23T14:28:56+00:00
1014763738,https://krisha.kz/a/show/1014763738,200000,81,2026-08-23T14:28:56+00:00
1008637742,https://krisha.kz/a/show/1008637742,290000,81,2026-08-23T14:28:56+00:00
1014008875,https://krisha.kz/a/show/1014008875,350000,81,2026-08-23T14:28:56+00:00
1014938169,https://krisha.kz/a/show/1014938169,300000,81,2026-08-23T14:28:56+00:00
1014902990,https://krisha.kz/a/show/1014902990,350000,82,2026-08-23T14:29:00+00:00
1014665974,https://krisha.kz/a/show/1014665974,500000,82,2026-08-23T14:29:00+00:00
673848603,https://krisha.kz/a/show/673848603,250000,82,2026-08-23T14:29:00+00:00
1011985601,https://krisha.kz/a/show/1011985601,310000,82,2026-08-23T14:29:00+00:00
1011782647,https://krisha.kz/a/show/1011782647,450000,82,2026-08-23T14:29:00+00:00
1014979583,https://krisha.kz/a/show/1014979583,900000,82,2026-08-23T14:29:00+00:00
1004693967,https://krisha.kz/a/show/1004693967,330000,82,2026-08-23T14:29:00+00:00
1014985168,https://krisha.kz/a/show/1014985168,380000,82,2026-08-23T14:29:00+00:00
1014775182,https://krisha.kz/a/show/1014775182,1000000,82,2026-08-23T14:29:00+00:00
1013627797,https://krisha.kz/a/show/1013627797,1700000,82,2026-08-23T14:29:00+00:00
1006422751,https://krisha.kz/a/show/1006422751,350000,82,2026-08-23T14:29:00+00:00
1013939330,https://krisha.kz/a/show/1013939330,200000,82,2026-08-23T14:29:00+00:00
1013938818,https://krisha.kz/a/show/1013938818,1300000,82,2026-08-23T14:29:00+00:00
1014813208,https://krisha.kz/a/show/1014813208,330000,82,2026-08-23T14:29:00+00:00
1012583372,https://krisha.kz/a/show/1012583372,290000,82,2026-08-23T14:29:00+00:00
1015000692,https://krisha.kz/a/show/1015000692,400000,82,2026-08-23T14:29:00+00:00
1014072851,https://krisha.kz/a/show/1014072851,700000,82,2026-08-23T14:29:00+00:00
1014904347,https://krisha.kz/a/show/1014904347,450000,82,2026-08-23T14:29:00+00:00
1014860698,https://krisha.kz/a/show/1014860698,300000,82,2026-08-23T14:29:00+00:00
1014182294,https://krisha.kz/a/show/1014182294,500000,82,2026-08-23T14:29:00+00:00
1013763290,https://krisha.kz/a/show/1013763290,320000,83,2026-08-23T14:29:03+00:00
1007667041,https://krisha.kz/a/show/1007667041,359000,83,2026-08-23T14:29:03+00:00
1006296200,https://krisha.kz/a/show/1006296200,600000,83,2026-08-23T14:29:03+00:00
1005751616,https://krisha.kz/a/show/1005751616,700000,83,2026-08-23T14:29:03+00:00
1011717454,https://krisha.kz/a/show/1011717454,700000,83,2026-08-23T14:29:03+00:00
1014162575,https://krisha.kz/a/show/1014162575,1500000,83,2026-08-23T14:29:03+00:00
1014685707,https://krisha.kz/a/show/1014685707,180000,83,2026-08-23T14:29:03+00:00
1014980582,https://krisha.kz/a/show/1014980582,220000,83,2026-08-23T14:29:03+00:00
1013963127,https://krisha.kz/a/show/1013963127,500000,83,2026-08-23T14:29:03+00:00
1014477972,https://krisha.kz/a/show/1014477972,400000,83,2026-08-23T14:29:03+00:00
685708058,https://krisha.kz/a/show/685708058,300000,83,2026-08-23T14:29:03+00:00
1002939346,https://krisha.kz/a/show/1002939346,420000,83,2026-08-23T14:29:03+00:00
1013093807,https://krisha.kz/a/show/1013093807,690000,84,2026-08-23T14:29:07+00:00
1013233618,https://krisha.kz/a/show/1013233618,850000,84,2026-08-23T14:29:07+00:00
1014856899,https://krisha.kz/a/show/1014856899,210000,83,2026-08-23T14:29:03+00:00
690301529,https://krisha.kz/a/show/690301529,500000,83,2026-08-23T14:29:03+00:00
1014555597,https://krisha.kz/a/show/1014555597,250000,84,2026-08-23T14:29:07+00:00
698132626,https://krisha.kz/a/show/698132626,900000,84,2026-08-23T14:29:07+00:00
1014924575,https://krisha.kz/a/show/1014924575,350000,84,2026-08-23T14:29:07+00:00
1002377753,https://krisha.kz/a/show/1002377753,700000,83,2026-08-23T14:29:03+00:00
1014441863,https://krisha.kz/a/show/1014441863,2000000,84,2026-08-23T14:29:07+00:00
1015002034,https://krisha.kz/a/show/1015002034,350000,84,2026-08-23T14:29:07+00:00
697654810,https://krisha.kz/a/show/697654810,450000,84,2026-08-23T14:29:07+00:00
1014805265,https://krisha.kz/a/show/1014805265,320000,84,2026-08-23T14:29:07+00:00
1014978070,https://krisha.kz/a/show/1014978070,900000,84,2026-08-23T14:29:07+00:00
1014997015,https://krisha.kz/a/show/1014997015,270000,84,2026-08-23T14:29:07+00:00
1005335515,https://krisha.kz/a/show/1005335515,290000,84,2026-08-23T14:29:07+00:00
1014989438,https://krisha.kz/a/show/1014989438,750000,84,2026-08-23T14:29:07+00:00
677424808,https://krisha.kz/a/show/677424808,620000,84,2026-08-23T14:29:07+00:00
1013078135,https://krisha.kz/a/show/1013078135,800000,84,2026-08-23T14:29:07+00:00
1014995082,https://krisha.kz/a/show/1014995082,350000,84,2026-08-23T14:29:07+00:00
699585774,https://krisha.kz/a/show/699585774,300000,84,2026-08-23T14:29:07+00:00
1014042980,https://krisha.kz/a/show/1014042980,1150000,84,2026-08-23T14:29:07+00:00
1014552049,https://krisha.kz/a/show/1014552049,300000,84,2026-08-23T14:29:07+00:00
1013658755,https://krisha.kz/a/show/1013658755,300000,84,2026-08-23T14:29:07+00:00
1014984859,https://krisha.kz/a/show/1014984859,300000,85,2026-08-23T14:29:11+00:00
1014844681,https://krisha.kz/a/show/1014844681,250000,85,2026-08-23T14:29:11+00:00
1014992283,https://krisha.kz/a/show/1014992283,320000,85,2026-08-23T14:29:11+00:00
1012702803,https://krisha.kz/a/show/1012702803,230000,85,2026-08-23T14:29:11+00:00
1015002949,https://krisha.kz/a/show/1015002949,350000,85,2026-08-23T14:29:11+00:00
1001955868,https://krisha.kz/a/show/1001955868,320000,85,2026-08-23T14:29:11+00:00
688616965,https://krisha.kz/a/show/688616965,380000,85,2026-08-23T14:29:11+00:00
1014130468,https://krisha.kz/a/show/1014130468,200000,85,2026-08-23T14:29:11+00:00
1007264316,https://krisha.kz/a/show/1007264316,320000,85,2026-08-23T14:29:11+00:00
1006412272,https://krisha.kz/a/show/1006412272,300000,85,2026-08-23T14:29:11+00:00
1010836963,https://krisha.kz/a/show/1010836963,300000,85,2026-08-23T14:29:11+00:00
1014207307,https://krisha.kz/a/show/1014207307,600000,85,2026-08-23T14:29:11+00:00
1012904270,https://krisha.kz/a/show/1012904270,320000,85,2026-08-23T14:29:11+00:00
697309416,https://krisha.kz/a/show/697309416,450000,85,2026-08-23T14:29:11+00:00
1014805148,https://krisha.kz/a/show/1014805148,650000,85,2026-08-23T14:29:11+00:00
1014868008,https://krisha.kz/a/show/1014868008,450000,85,2026-08-23T14:29:11+00:00
1014999200,https://krisha.kz/a/show/1014999200,5000000,85,2026-08-23T14:29:11+00:00
1015002188,https://krisha.kz/a/show/1015002188,750000,85,2026-08-23T14:29:11+00:00
1005457830,https://krisha.kz/a/show/1005457830,450000,85,2026-08-23T14:29:11+00:00
1001490943,https://krisha.kz/a/show/1001490943,230000,85,2026-08-23T14:29:11+00:00
1015001486,https://krisha.kz/a/show/1015001486,200000,86,2026-08-23T14:29:15+00:00
1015001923,https://krisha.kz/a/show/1015001923,400000,86,2026-08-23T14:29:15+00:00
1015000442,https://krisha.kz/a/show/1015000442,250000,86,2026-08-23T14:29:15+00:00
1015001538,https://krisha.kz/a/show/1015001538,220000,86,2026-08-23T14:29:15+00:00
1015001405,https://krisha.kz/a/show/1015001405,400000,86,2026-08-23T14:29:15+00:00
1008775326,https://krisha.kz/a/show/1008775326,310000,86,2026-08-23T14:29:15+00:00
1010573782,https://krisha.kz/a/show/1010573782,300000,86,2026-08-23T14:29:15+00:00
1010840947,https://krisha.kz/a/show/1010840947,350000,86,2026-08-23T14:29:15+00:00
1014804025,https://krisha.kz/a/show/1014804025,400000,86,2026-08-23T14:29:15+00:00
1014803096,https://krisha.kz/a/show/1014803096,250000,86,2026-08-23T14:29:15+00:00
699059743,https://krisha.kz/a/show/699059743,320000,86,2026-08-23T14:29:15+00:00
1013060507,https://krisha.kz/a/show/1013060507,350000,86,2026-08-23T14:29:15+00:00
1001874851,https://krisha.kz/a/show/1001874851,330000,86,2026-08-23T14:29:15+00:00
1014205594,https://krisha.kz/a/show/1014205594,270000,86,2026-08-23T14:29:15+00:00
1014657374,https://krisha.kz/a/show/1014657374,250000,86,2026-08-23T14:29:15+00:00
1014803403,https://krisha.kz/a/show/1014803403,230000,86,2026-08-23T14:29:15+00:00
1014607999,https://krisha.kz/a/show/1014607999,280000,86,2026-08-23T14:29:15+00:00
1005248233,https://krisha.kz/a/show/1005248233,530000,86,2026-08-23T14:29:15+00:00
1013614615,https://krisha.kz/a/show/1013614615,275000,86,2026-08-23T14:29:15+00:00
1010318554,https://krisha.kz/a/show/1010318554,240000,87,2026-08-23T14:29:17+00:00
1014257262,https://krisha.kz/a/show/1014257262,285000,87,2026-08-23T14:29:17+00:00
1014802927,https://krisha.kz/a/show/1014802927,280000,87,2026-08-23T14:29:17+00:00
699445578,https://krisha.kz/a/show/699445578,180000,87,2026-08-23T14:29:17+00:00
1008427529,https://krisha.kz/a/show/1008427529,350000,87,2026-08-23T14:29:17+00:00
761056000,https://krisha.kz/a/show/761056000,250000,87,2026-08-23T14:29:17+00:00
672816225,https://krisha.kz/a/show/672816225,190000,87,2026-08-23T14:29:17+00:00
1014999036,https://krisha.kz/a/show/1014999036,300000,87,2026-08-23T14:29:17+00:00
685355902,https://krisha.kz/a/show/685355902,350000,87,2026-08-23T14:29:17+00:00
1014998822,https://krisha.kz/a/show/1014998822,500000,87,2026-08-23T14:29:17+00:00
1014998766,https://krisha.kz/a/show/1014998766,190000,87,2026-08-23T14:29:17+00:00
1014606147,https://krisha.kz/a/show/1014606147,500000,87,2026-08-23T14:29:17+00:00
1014403452,https://krisha.kz/a/show/1014403452,350000,87,2026-08-23T14:29:17+00:00
684875395,https://krisha.kz/a/show/684875395,240000,87,2026-08-23T14:29:17+00:00
1011591647,https://krisha.kz/a/show/1011591647,180000,87,2026-08-23T14:29:17+00:00
1014998587,https://krisha.kz/a/show/1014998587,700000,87,2026-08-23T14:29:17+00:00
1008230329,https://krisha.kz/a/show/1008230329,300000,87,2026-08-23T14:29:17+00:00
686469413,https://krisha.kz/a/show/686469413,270000,87,2026-08-23T14:29:17+00:00
695502293,https://krisha.kz/a/show/695502293,240000,87,2026-08-23T14:29:17+00:00
1013588800,https://krisha.kz/a/show/1013588800,700000,88,2026-08-23T14:29:21+00:00
1014069883,https://krisha.kz/a/show/1014069883,210000,88,2026-08-23T14:29:21+00:00
1014800958,https://krisha.kz/a/show/1014800958,300000,88,2026-08-23T14:29:21+00:00
695331809,https://krisha.kz/a/show/695331809,350000,88,2026-08-23T14:29:21+00:00
1014633594,https://krisha.kz/a/show/1014633594,650000,88,2026-08-23T14:29:21+00:00
1012791475,https://krisha.kz/a/show/1012791475,470000,88,2026-08-23T14:29:21+00:00
1004427466,https://krisha.kz/a/show/1004427466,290000,88,2026-08-23T14:29:21+00:00
1013010919,https://krisha.kz/a/show/1013010919,350000,88,2026-08-23T14:29:21+00:00
676510297,https://krisha.kz/a/show/676510297,300000,88,2026-08-23T14:29:21+00:00
1009036621,https://krisha.kz/a/show/1009036621,400000,88,2026-08-23T14:29:21+00:00
691552590,https://krisha.kz/a/show/691552590,200000,88,2026-08-23T14:29:21+00:00
1011382602,https://krisha.kz/a/show/1011382602,300000,88,2026-08-23T14:29:21+00:00
1013315037,https://krisha.kz/a/show/1013315037,280000,88,2026-08-23T14:29:21+00:00
1014574864,https://krisha.kz/a/show/1014574864,1300000,88,2026-08-23T14:29:21+00:00
1013320576,https://krisha.kz/a/show/1013320576,250000,88,2026-08-23T14:29:21+00:00
1014954427,https://krisha.kz/a/show/1014954427,350000,88,2026-08-23T14:29:21+00:00
1014603557,https://krisha.kz/a/show/1014603557,350000,88,2026-08-23T14:29:21+00:00
1003635941,https://krisha.kz/a/show/1003635941,350000,88,2026-08-23T14:29:21+00:00
1014996103,https://krisha.kz/a/show/1014996103,420000,88,2026-08-23T14:29:21+00:00
1014476459,https://krisha.kz/a/show/1014476459,400000,88,2026-08-23T14:29:21+00:00
1012939627,https://krisha.kz/a/show/1012939627,500000,89,2026-08-23T14:29:25+00:00
1000429896,https://krisha.kz/a/show/1000429896,260000,89,2026-08-23T14:29:25+00:00
1014992331,https://krisha.kz/a/show/1014992331,700000,89,2026-08-23T14:29:25+00:00
1005948682,https://krisha.kz/a/show/1005948682,330000,89,2026-08-23T14:29:25+00:00
1014995492,https://krisha.kz/a/show/1014995492,350000,89,2026-08-23T14:29:25+00:00
761504720,https://krisha.kz/a/show/761504720,200000,89,2026-08-23T14:29:25+00:00
1003582331,https://krisha.kz/a/show/1003582331,750000,89,2026-08-23T14:29:25+00:00
1014995412,https://krisha.kz/a/show/1014995412,250000,89,2026-08-23T14:29:25+00:00
1009604016,https://krisha.kz/a/show/1009604016,700000,89,2026-08-23T14:29:25+00:00
1014969428,https://krisha.kz/a/show/1014969428,250000,89,2026-08-23T14:29:25+00:00
1013423054,https://krisha.kz/a/show/1013423054,260000,89,2026-08-23T14:29:25+00:00
1008065983,https://krisha.kz/a/show/1008065983,276000,89,2026-08-23T14:29:25+00:00
1014514112,https://krisha.kz/a/show/1014514112,1000000,89,2026-08-23T14:29:25+00:00
1004213843,https://krisha.kz/a/show/1004213843,800000,89,2026-08-23T14:29:25+00:00
1014994477,https://krisha.kz/a/show/1014994477,300000,89,2026-08-23T14:29:25+00:00
1013445596,https://krisha.kz/a/show/1013445596,200000,89,2026-08-23T14:29:25+00:00
1014355925,https://krisha.kz/a/show/1014355925,1900000,89,2026-08-23T14:29:25+00:00
1003614522,https://krisha.kz/a/show/1003614522,850000,89,2026-08-23T14:29:25+00:00
1012581957,https://krisha.kz/a/show/1012581957,450000,89,2026-08-23T14:29:25+00:00
1008637546,https://krisha.kz/a/show/1008637546,1600000,90,2026-08-23T14:29:29+00:00
1014970766,https://krisha.kz/a/show/1014970766,350000,90,2026-08-23T14:29:29+00:00
1007575222,https://krisha.kz/a/show/1007575222,320000,90,2026-08-23T14:29:29+00:00
1014367133,https://krisha.kz/a/show/1014367133,400000,90,2026-08-23T14:29:29+00:00
1014993694,https://krisha.kz/a/show/1014993694,900000,90,2026-08-23T14:29:29+00:00
1014987561,https://krisha.kz/a/show/1014987561,220000,90,2026-08-23T14:29:29+00:00
1005948104,https://krisha.kz/a/show/1005948104,250000,90,2026-08-23T14:29:29+00:00
1008806332,https://krisha.kz/a/show/1008806332,400000,90,2026-08-23T14:29:29+00:00
673552016,https://krisha.kz/a/show/673552016,550000,90,2026-08-23T14:29:29+00:00
1007913466,https://krisha.kz/a/show/1007913466,240000,90,2026-08-23T14:29:29+00:00
695904266,https://krisha.kz/a/show/695904266,350000,90,2026-08-23T14:29:29+00:00
1014992203,https://krisha.kz/a/show/1014992203,220000,90,2026-08-23T14:29:29+00:00
1014992176,https://krisha.kz/a/show/1014992176,250000,90,2026-08-23T14:29:29+00:00
1007462812,https://krisha.kz/a/show/1007462812,300000,90,2026-08-23T14:29:29+00:00
1014234145,https://krisha.kz/a/show/1014234145,2100000,90,2026-08-23T14:29:29+00:00
1014989379,https://krisha.kz/a/show/1014989379,400000,90,2026-08-23T14:29:29+00:00
681590520,https://krisha.kz/a/show/681590520,250000,90,2026-08-23T14:29:29+00:00
1011122057,https://krisha.kz/a/show/1011122057,400000,90,2026-08-23T14:29:29+00:00
1011558108,https://krisha.kz/a/show/1011558108,380000,90,2026-08-23T14:29:29+00:00
1008914814,https://krisha.kz/a/show/1008914814,230000,90,2026-08-23T14:29:29+00:00
761870587,https://krisha.kz/a/show/761870587,300000,91,2026-08-23T14:29:32+00:00
1012365435,https://krisha.kz/a/show/1012365435,500000,91,2026-08-23T14:29:32+00:00
1014074935,https://krisha.kz/a/show/1014074935,2000000,91,2026-08-23T14:29:32+00:00
1014598623,https://krisha.kz/a/show/1014598623,350000,91,2026-08-23T14:29:32+00:00
1012161521,https://krisha.kz/a/show/1012161521,450000,91,2026-08-23T14:29:32+00:00
678864570,https://krisha.kz/a/show/678864570,550000,91,2026-08-23T14:29:32+00:00
760392596,https://krisha.kz/a/show/760392596,350000,91,2026-08-23T14:29:32+00:00
1012660855,https://krisha.kz/a/show/1012660855,460000,91,2026-08-23T14:29:32+00:00
1006054544,https://krisha.kz/a/show/1006054544,250000,91,2026-08-23T14:29:32+00:00
1007615510,https://krisha.kz/a/show/1007615510,250000,91,2026-08-23T14:29:32+00:00
1005124453,https://krisha.kz/a/show/1005124453,450000,91,2026-08-23T14:29:32+00:00
1014597922,https://krisha.kz/a/show/1014597922,600000,91,2026-08-23T14:29:32+00:00
1014990566,https://krisha.kz/a/show/1014990566,2000000,91,2026-08-23T14:29:32+00:00
1014374538,https://krisha.kz/a/show/1014374538,400000,91,2026-08-23T14:29:32+00:00
1005774430,https://krisha.kz/a/show/1005774430,400000,91,2026-08-23T14:29:32+00:00
1003706432,https://krisha.kz/a/show/1003706432,300000,91,2026-08-23T14:29:32+00:00
1014990044,https://krisha.kz/a/show/1014990044,330000,91,2026-08-23T14:29:32+00:00
1014990037,https://krisha.kz/a/show/1014990037,300000,91,2026-08-23T14:29:32+00:00
1004160643,https://krisha.kz/a/show/1004160643,350000,91,2026-08-23T14:29:32+00:00
760276158,https://krisha.kz/a/show/760276158,245000,91,2026-08-23T14:29:32+00:00
1014989496,https://krisha.kz/a/show/1014989496,750000,92,2026-08-23T14:29:36+00:00
1010480953,https://krisha.kz/a/show/1010480953,250000,92,2026-08-23T14:29:36+00:00
1014989154,https://krisha.kz/a/show/1014989154,1200000,92,2026-08-23T14:29:36+00:00
679376658,https://krisha.kz/a/show/679376658,300000,92,2026-08-23T14:29:36+00:00
761254895,https://krisha.kz/a/show/761254895,375000,92,2026-08-23T14:29:36+00:00
1014807737,https://krisha.kz/a/show/1014807737,550000,92,2026-08-23T14:29:36+00:00
694085776,https://krisha.kz/a/show/694085776,210000,92,2026-08-23T14:29:36+00:00
1014988619,https://krisha.kz/a/show/1014988619,2000000,92,2026-08-23T14:29:36+00:00
1002331317,https://krisha.kz/a/show/1002331317,400000,92,2026-08-23T14:29:36+00:00
761308191,https://krisha.kz/a/show/761308191,1790000,92,2026-08-23T14:29:36+00:00
1014346422,https://krisha.kz/a/show/1014346422,450000,92,2026-08-23T14:29:36+00:00
1004489302,https://krisha.kz/a/show/1004489302,300000,92,2026-08-23T14:29:36+00:00
690197589,https://krisha.kz/a/show/690197589,350000,92,2026-08-23T14:29:36+00:00
1011095120,https://krisha.kz/a/show/1011095120,300000,92,2026-08-23T14:29:36+00:00
1014988247,https://krisha.kz/a/show/1014988247,300000,92,2026-08-23T14:29:36+00:00
1014792132,https://krisha.kz/a/show/1014792132,400000,92,2026-08-23T14:29:36+00:00
1014987674,https://krisha.kz/a/show/1014987674,300000,92,2026-08-23T14:29:36+00:00
1005792178,https://krisha.kz/a/show/1005792178,280000,92,2026-08-23T14:29:36+00:00
1005325376,https://krisha.kz/a/show/1005325376,240000,92,2026-08-23T14:29:36+00:00
1013689457,https://krisha.kz/a/show/1013689457,400000,92,2026-08-23T14:29:36+00:00
1014987292,https://krisha.kz/a/show/1014987292,1000000,93,2026-08-23T14:29:39+00:00
1014987256,https://krisha.kz/a/show/1014987256,450000,93,2026-08-23T14:29:39+00:00
1004061843,https://krisha.kz/a/show/1004061843,400000,93,2026-08-23T14:29:39+00:00
1014742462,https://krisha.kz/a/show/1014742462,350000,93,2026-08-23T14:29:39+00:00
1014193244,https://krisha.kz/a/show/1014193244,320000,93,2026-08-23T14:29:39+00:00
1012982048,https://krisha.kz/a/show/1012982048,850000,93,2026-08-23T14:29:39+00:00
1013471462,https://krisha.kz/a/show/1013471462,700000,93,2026-08-23T14:29:39+00:00
699214086,https://krisha.kz/a/show/699214086,300000,93,2026-08-23T14:29:39+00:00
1014986733,https://krisha.kz/a/show/1014986733,250000,93,2026-08-23T14:29:39+00:00
1013178212,https://krisha.kz/a/show/1013178212,250000,93,2026-08-23T14:29:39+00:00
677618811,https://krisha.kz/a/show/677618811,310000,93,2026-08-23T14:29:39+00:00
1014986481,https://krisha.kz/a/show/1014986481,600000,93,2026-08-23T14:29:39+00:00
1002579806,https://krisha.kz/a/show/1002579806,370000,93,2026-08-23T14:29:39+00:00
694728430,https://krisha.kz/a/show/694728430,250000,93,2026-08-23T14:29:39+00:00
1013363860,https://krisha.kz/a/show/1013363860,400000,93,2026-08-23T14:29:39+00:00
1014891425,https://krisha.kz/a/show/1014891425,500000,93,2026-08-23T14:29:39+00:00
694943977,https://krisha.kz/a/show/694943977,430000,93,2026-08-23T14:29:39+00:00
1014044293,https://krisha.kz/a/show/1014044293,230000,93,2026-08-23T14:29:39+00:00
1014645947,https://krisha.kz/a/show/1014645947,220000,93,2026-08-23T14:29:39+00:00
1014032446,https://krisha.kz/a/show/1014032446,290000,93,2026-08-23T14:29:39+00:00
1014985306,https://krisha.kz/a/show/1014985306,650000,94,2026-08-23T14:29:43+00:00
1007239785,https://krisha.kz/a/show/1007239785,650000,94,2026-08-23T14:29:43+00:00
1010632446,https://krisha.kz/a/show/1010632446,230000,94,2026-08-23T14:29:43+00:00
1014985530,https://krisha.kz/a/show/1014985530,500000,94,2026-08-23T14:29:43+00:00
1014984841,https://krisha.kz/a/show/1014984841,500000,94,2026-08-23T14:29:43+00:00
1013570458,https://krisha.kz/a/show/1013570458,330000,94,2026-08-23T14:29:43+00:00
1013906765,https://krisha.kz/a/show/1013906765,300000,94,2026-08-23T14:29:43+00:00
1013057594,https://krisha.kz/a/show/1013057594,650000,94,2026-08-23T14:29:43+00:00
1013146215,https://krisha.kz/a/show/1013146215,300000,94,2026-08-23T14:29:43+00:00
1014761943,https://krisha.kz/a/show/1014761943,550000,94,2026-08-23T14:29:43+00:00
1014592617,https://krisha.kz/a/show/1014592617,390000,94,2026-08-23T14:29:43+00:00
1014984685,https://krisha.kz/a/show/1014984685,250000,94,2026-08-23T14:29:43+00:00
1014984274,https://krisha.kz/a/show/1014984274,1500000,94,2026-08-23T14:29:43+00:00
1014984013,https://krisha.kz/a/show/1014984013,1000000,94,2026-08-23T14:29:43+00:00
1014788999,https://krisha.kz/a/show/1014788999,700000,94,2026-08-23T14:29:43+00:00
696706507,https://krisha.kz/a/show/696706507,200000,94,2026-08-23T14:29:43+00:00
1014984604,https://krisha.kz/a/show/1014984604,800000,94,2026-08-23T14:29:43+00:00
699292264,https://krisha.kz/a/show/699292264,400000,94,2026-08-23T14:29:43+00:00
1002171854,https://krisha.kz/a/show/1002171854,400000,94,2026-08-23T14:29:43+00:00
1001228375,https://krisha.kz/a/show/1001228375,270000,94,2026-08-23T14:29:43+00:00
57212304,https://krisha.kz/a/show/57212304,550000,95,2026-08-23T14:29:47+00:00
690319941,https://krisha.kz/a/show/690319941,270000,95,2026-08-23T14:29:47+00:00
1008868322,https://krisha.kz/a/show/1008868322,1000000,95,2026-08-23T14:29:47+00:00
1005810279,https://krisha.kz/a/show/1005810279,1500000,95,2026-08-23T14:29:47+00:00
1014530210,https://krisha.kz/a/show/1014530210,700000,95,2026-08-23T14:29:47+00:00
1004410198,https://krisha.kz/a/show/1004410198,280000,95,2026-08-23T14:29:47+00:00
1011391506,https://krisha.kz/a/show/1011391506,1800000,95,2026-08-23T14:29:47+00:00
760853484,https://krisha.kz/a/show/760853484,700000,95,2026-08-23T14:29:47+00:00
697378519,https://krisha.kz/a/show/697378519,250000,95,2026-08-23T14:29:47+00:00
1014273671,https://krisha.kz/a/show/1014273671,370000,95,2026-08-23T14:29:47+00:00
1014559786,https://krisha.kz/a/show/1014559786,320000,95,2026-08-23T14:29:47+00:00
697340924,https://krisha.kz/a/show/697340924,360000,95,2026-08-23T14:29:47+00:00
1014722246,https://krisha.kz/a/show/1014722246,430000,95,2026-08-23T14:29:47+00:00
1014787713,https://krisha.kz/a/show/1014787713,300000,95,2026-08-23T14:29:47+00:00
698347455,https://krisha.kz/a/show/698347455,350000,95,2026-08-23T14:29:47+00:00
1014983686,https://krisha.kz/a/show/1014983686,400000,95,2026-08-23T14:29:47+00:00
1014983698,https://krisha.kz/a/show/1014983698,300000,95,2026-08-23T14:29:47+00:00
1009224848,https://krisha.kz/a/show/1009224848,350000,95,2026-08-23T14:29:47+00:00
1014983330,https://krisha.kz/a/show/1014983330,230000,95,2026-08-23T14:29:47+00:00
1013722777,https://krisha.kz/a/show/1013722777,450000,95,2026-08-23T14:29:47+00:00
761711843,https://krisha.kz/a/show/761711843,300000,96,2026-08-23T14:29:51+00:00
1000668365,https://krisha.kz/a/show/1000668365,280000,96,2026-08-23T14:29:51+00:00
1011296668,https://krisha.kz/a/show/1011296668,220000,96,2026-08-23T14:29:51+00:00
1012315503,https://krisha.kz/a/show/1012315503,250000,96,2026-08-23T14:29:51+00:00
1011887288,https://krisha.kz/a/show/1011887288,260000,96,2026-08-23T14:29:51+00:00
1014785992,https://krisha.kz/a/show/1014785992,300000,96,2026-08-23T14:29:51+00:00
1014982088,https://krisha.kz/a/show/1014982088,220000,96,2026-08-23T14:29:51+00:00
1007221448,https://krisha.kz/a/show/1007221448,220000,96,2026-08-23T14:29:51+00:00
1005098783,https://krisha.kz/a/show/1005098783,270000,96,2026-08-23T14:29:51+00:00
1014980989,https://krisha.kz/a/show/1014980989,350000,96,2026-08-23T14:29:51+00:00
1012100971,https://krisha.kz/a/show/1012100971,600000,96,2026-08-23T14:29:51+00:00
1012975338,https://krisha.kz/a/show/1012975338,460000,96,2026-08-23T14:29:51+00:00
1012136416,https://krisha.kz/a/show/1012136416,350000,96,2026-08-23T14:29:51+00:00
1014980436,https://krisha.kz/a/show/1014980436,400000,96,2026-08-23T14:29:51+00:00
696279217,https://krisha.kz/a/show/696279217,450000,96,2026-08-23T14:29:51+00:00
1014980094,https://krisha.kz/a/show/1014980094,100000,96,2026-08-23T14:29:51+00:00
1014387157,https://krisha.kz/a/show/1014387157,300000,96,2026-08-23T14:29:51+00:00
676621303,https://krisha.kz/a/show/676621303,650000,96,2026-08-23T14:29:51+00:00
1014118849,https://krisha.kz/a/show/1014118849,280000,96,2026-08-23T14:29:51+00:00
1005122968,https://krisha.kz/a/show/1005122968,260000,96,2026-08-23T14:29:51+00:00
1014492216,https://krisha.kz/a/show/1014492216,235000,97,2026-08-23T14:29:54+00:00
1008382026,https://krisha.kz/a/show/1008382026,210000,97,2026-08-23T14:29:54+00:00
1014569304,https://krisha.kz/a/show/1014569304,280000,97,2026-08-23T14:29:54+00:00
761144213,https://krisha.kz/a/show/761144213,290000,97,2026-08-23T14:29:54+00:00
1014979516,https://krisha.kz/a/show/1014979516,250000,97,2026-08-23T14:29:54+00:00
1013818665,https://krisha.kz/a/show/1013818665,500000,97,2026-08-23T14:29:54+00:00
675053242,https://krisha.kz/a/show/675053242,2000000,97,2026-08-23T14:29:54+00:00
761423575,https://krisha.kz/a/show/761423575,350000,97,2026-08-23T14:29:54+00:00
666256341,https://krisha.kz/a/show/666256341,400000,97,2026-08-23T14:29:54+00:00
1006966536,https://krisha.kz/a/show/1006966536,400000,97,2026-08-23T14:29:54+00:00
1004342969,https://krisha.kz/a/show/1004342969,300000,97,2026-08-23T14:29:54+00:00
1014905428,https://krisha.kz/a/show/1014905428,2000000,97,2026-08-23T14:29:54+00:00
1014978151,https://krisha.kz/a/show/1014978151,360000,97,2026-08-23T14:29:54+00:00
1013439518,https://krisha.kz/a/show/1013439518,250000,97,2026-08-23T14:29:54+00:00
1011516211,https://krisha.kz/a/show/1011516211,500000,97,2026-08-23T14:29:54+00:00
698484482,https://krisha.kz/a/show/698484482,200000,97,2026-08-23T14:29:54+00:00
1008917891,https://krisha.kz/a/show/1008917891,950000,97,2026-08-23T14:29:54+00:00
761221638,https://krisha.kz/a/show/761221638,600000,97,2026-08-23T14:29:54+00:00
697454772,https://krisha.kz/a/show/697454772,270000,97,2026-08-23T14:29:54+00:00
689034945,https://krisha.kz/a/show/689034945,360000,97,2026-08-23T14:29:54+00:00
1005623409,https://krisha.kz/a/show/1005623409,330000,98,2026-08-23T14:29:57+00:00
1009672603,https://krisha.kz/a/show/1009672603,180000,98,2026-08-23T14:29:57+00:00
1008124762,https://krisha.kz/a/show/1008124762,450000,98,2026-08-23T14:29:57+00:00
1014039958,https://krisha.kz/a/show/1014039958,800000,98,2026-08-23T14:29:57+00:00
1007695607,https://krisha.kz/a/show/1007695607,300000,98,2026-08-23T14:29:57+00:00
1001759436,https://krisha.kz/a/show/1001759436,8000000,98,2026-08-23T14:29:57+00:00
1014976615,https://krisha.kz/a/show/1014976615,260000,98,2026-08-23T14:29:57+00:00
1010728489,https://krisha.kz/a/show/1010728489,250000,98,2026-08-23T14:29:57+00:00
1014975725,https://krisha.kz/a/show/1014975725,400000,98,2026-08-23T14:29:57+00:00
1012910966,https://krisha.kz/a/show/1012910966,400000,98,2026-08-23T14:29:57+00:00
1008548333,https://krisha.kz/a/show/1008548333,185000,98,2026-08-23T14:29:57+00:00
1014789451,https://krisha.kz/a/show/1014789451,350000,98,2026-08-23T14:29:57+00:00
1014583571,https://krisha.kz/a/show/1014583571,300000,98,2026-08-23T14:29:57+00:00
1013516701,https://krisha.kz/a/show/1013516701,570000,98,2026-08-23T14:29:57+00:00
1014960231,https://krisha.kz/a/show/1014960231,300000,98,2026-08-23T14:29:57+00:00
1011315825,https://krisha.kz/a/show/1011315825,250000,98,2026-08-23T14:29:57+00:00
1013897284,https://krisha.kz/a/show/1013897284,1300000,98,2026-08-23T14:29:57+00:00
1013797993,https://krisha.kz/a/show/1013797993,500000,98,2026-08-23T14:29:57+00:00
1014204293,https://krisha.kz/a/show/1014204293,440000,98,2026-08-23T14:29:57+00:00
1014974539,https://krisha.kz/a/show/1014974539,250000,98,2026-08-23T14:29:57+00:00
692978768,https://krisha.kz/a/show/692978768,400000,99,2026-08-23T14:30:00+00:00
1014974237,https://krisha.kz/a/show/1014974237,270000,99,2026-08-23T14:30:00+00:00
1002506159,https://krisha.kz/a/show/1002506159,400000,99,2026-08-23T14:30:00+00:00
1009983773,https://krisha.kz/a/show/1009983773,300000,99,2026-08-23T14:30:00+00:00
1013969803,https://krisha.kz/a/show/1013969803,250000,99,2026-08-23T14:30:00+00:00
1014973186,https://krisha.kz/a/show/1014973186,280000,99,2026-08-23T14:30:00+00:00
697599402,https://krisha.kz/a/show/697599402,250000,99,2026-08-23T14:30:00+00:00
1011421052,https://krisha.kz/a/show/1011421052,310000,99,2026-08-23T14:30:00+00:00
1000247150,https://krisha.kz/a/show/1000247150,380000,99,2026-08-23T14:30:00+00:00
1014967976,https://krisha.kz/a/show/1014967976,400000,99,2026-08-23T14:30:00+00:00
1014607266,https://krisha.kz/a/show/1014607266,300000,99,2026-08-23T14:30:00+00:00
1013820753,https://krisha.kz/a/show/1013820753,350000,99,2026-08-23T14:30:00+00:00
1014014916,https://krisha.kz/a/show/1014014916,300000,99,2026-08-23T14:30:00+00:00
1006066336,https://krisha.kz/a/show/1006066336,280000,99,2026-08-23T14:30:00+00:00
679806433,https://krisha.kz/a/show/679806433,350000,99,2026-08-23T14:30:00+00:00
1014771163,https://krisha.kz/a/show/1014771163,280000,99,2026-08-23T14:30:00+00:00
1008625441,https://krisha.kz/a/show/1008625441,400000,99,2026-08-23T14:30:00+00:00
760654582,https://krisha.kz/a/show/760654582,340000,99,2026-08-23T14:30:00+00:00
1010068293,https://krisha.kz/a/show/1010068293,500000,99,2026-08-23T14:30:00+00:00
697426085,https://krisha.kz/a/show/697426085,250000,99,2026-08-23T14:30:00+00:00
1007210444,https://krisha.kz/a/show/1007210444,300000,100,2026-08-23T14:30:03+00:00
674380028,https://krisha.kz/a/show/674380028,240000,100,2026-08-23T14:30:03+00:00
1014378218,https://krisha.kz/a/show/1014378218,320000,100,2026-08-23T14:30:03+00:00
698710135,https://krisha.kz/a/show/698710135,250000,100,2026-08-23T14:30:03+00:00
761749151,https://krisha.kz/a/show/761749151,500000,100,2026-08-23T14:30:03+00:00
1013960663,https://krisha.kz/a/show/1013960663,300000,100,2026-08-23T14:30:03+00:00
1014374679,https://krisha.kz/a/show/1014374679,500000,100,2026-08-23T14:30:03+00:00
1002163541,https://krisha.kz/a/show/1002163541,400000,100,2026-08-23T14:30:03+00:00
1014348676,https://krisha.kz/a/show/1014348676,250000,100,2026-08-23T14:30:03+00:00
1013303680,https://krisha.kz/a/show/1013303680,900000,100,2026-08-23T14:30:03+00:00
1014579573,https://krisha.kz/a/show/1014579573,300000,100,2026-08-23T14:30:03+00:00
1014518555,https://krisha.kz/a/show/1014518555,2100000,100,2026-08-23T14:30:03+00:00
1014578735,https://krisha.kz/a/show/1014578735,380000,100,2026-08-23T14:30:03+00:00
1012038125,https://krisha.kz/a/show/1012038125,320000,100,2026-08-23T14:30:03+00:00
1014192767,https://krisha.kz/a/show/1014192767,600000,100,2026-08-23T14:30:03+00:00
1014564702,https://krisha.kz/a/show/1014564702,350000,100,2026-08-23T14:30:03+00:00
1004028205,https://krisha.kz/a/show/1004028205,550000,100,2026-08-23T14:30:03+00:00
1012253689,https://krisha.kz/a/show/1012253689,290000,100,2026-08-23T14:30:03+00:00
1013378981,https://krisha.kz/a/show/1013378981,400000,100,2026-08-23T14:30:03+00:00
1014694689,https://krisha.kz/a/show/1014694689,350000,100,2026-08-23T14:30:03+00:00
1013983233,https://krisha.kz/a/show/1013983233,630000,101,2026-08-23T14:30:06+00:00
1013502948,https://krisha.kz/a/show/1013502948,280000,101,2026-08-23T14:30:06+00:00
696806079,https://krisha.kz/a/show/696806079,330000,101,2026-08-23T14:30:06+00:00
1014738315,https://krisha.kz/a/show/1014738315,620000,101,2026-08-23T14:30:06+00:00
1014764970,https://krisha.kz/a/show/1014764970,500000,101,2026-08-23T14:30:06+00:00
1014268235,https://krisha.kz/a/show/1014268235,500000,101,2026-08-23T14:30:06+00:00
1014767743,https://krisha.kz/a/show/1014767743,1500000,101,2026-08-23T14:30:06+00:00
1003020235,https://krisha.kz/a/show/1003020235,220000,101,2026-08-23T14:30:06+00:00
1014765299,https://krisha.kz/a/show/1014765299,170000,101,2026-08-23T14:30:06+00:00
1013893043,https://krisha.kz/a/show/1013893043,900000,101,2026-08-23T14:30:06+00:00
1007006088,https://krisha.kz/a/show/1007006088,500000,101,2026-08-23T14:30:06+00:00
1000175635,https://krisha.kz/a/show/1000175635,800000,101,2026-08-23T14:30:06+00:00
1007122753,https://krisha.kz/a/show/1007122753,320000,101,2026-08-23T14:30:06+00:00
1014502612,https://krisha.kz/a/show/1014502612,1500000,101,2026-08-23T14:30:06+00:00
674775508,https://krisha.kz/a/show/674775508,250000,101,2026-08-23T14:30:06+00:00
1014971257,https://krisha.kz/a/show/1014971257,220000,101,2026-08-23T14:30:06+00:00
1013236427,https://krisha.kz/a/show/1013236427,800000,101,2026-08-23T14:30:06+00:00
1009962636,https://krisha.kz/a/show/1009962636,350000,101,2026-08-23T14:30:06+00:00
1014717513,https://krisha.kz/a/show/1014717513,550000,101,2026-08-23T14:30:06+00:00
1003264976,https://krisha.kz/a/show/1003264976,400000,101,2026-08-23T14:30:06+00:00
1003776591,https://krisha.kz/a/show/1003776591,500000,102,2026-08-23T14:30:10+00:00
1007855134,https://krisha.kz/a/show/1007855134,1500000,102,2026-08-23T14:30:10+00:00
1014886941,https://krisha.kz/a/show/1014886941,850000,102,2026-08-23T14:30:10+00:00
1013366282,https://krisha.kz/a/show/1013366282,900000,102,2026-08-23T14:30:10+00:00
1014946509,https://krisha.kz/a/show/1014946509,450000,102,2026-08-23T14:30:10+00:00
1005000876,https://krisha.kz/a/show/1005000876,220000,102,2026-08-23T14:30:10+00:00
677841485,https://krisha.kz/a/show/677841485,700000,102,2026-08-23T14:30:10+00:00
1014053613,https://krisha.kz/a/show/1014053613,260000,102,2026-08-23T14:30:10+00:00
1014468048,https://krisha.kz/a/show/1014468048,350000,102,2026-08-23T14:30:10+00:00
1014420307,https://krisha.kz/a/show/1014420307,380000,102,2026-08-23T14:30:10+00:00
1014948861,https://krisha.kz/a/show/1014948861,300000,102,2026-08-23T14:30:10+00:00
1014644321,https://krisha.kz/a/show/1014644321,400000,102,2026-08-23T14:30:10+00:00
1014783756,https://krisha.kz/a/show/1014783756,600000,102,2026-08-23T14:30:10+00:00
1014863769,https://krisha.kz/a/show/1014863769,350000,102,2026-08-23T14:30:10+00:00
1014788847,https://krisha.kz/a/show/1014788847,1100000,102,2026-08-23T14:30:10+00:00
1014750630,https://krisha.kz/a/show/1014750630,300000,102,2026-08-23T14:30:10+00:00
1014725371,https://krisha.kz/a/show/1014725371,550000,102,2026-08-23T14:30:10+00:00
1012987464,https://krisha.kz/a/show/1012987464,300000,102,2026-08-23T14:30:10+00:00
1014192003,https://krisha.kz/a/show/1014192003,300000,102,2026-08-23T14:30:10+00:00
1014896786,https://krisha.kz/a/show/1014896786,260000,102,2026-08-23T14:30:10+00:00
1014966847,https://krisha.kz/a/show/1014966847,400000,103,2026-08-23T14:30:14+00:00
1014967838,https://krisha.kz/a/show/1014967838,290000,103,2026-08-23T14:30:14+00:00
1014505965,https://krisha.kz/a/show/1014505965,3500000,103,2026-08-23T14:30:14+00:00
1014680446,https://krisha.kz/a/show/1014680446,450000,103,2026-08-23T14:30:14+00:00
1014964721,https://krisha.kz/a/show/1014964721,400000,103,2026-08-23T14:30:14+00:00
1014740802,https://krisha.kz/a/show/1014740802,450000,103,2026-08-23T14:30:14+00:00
1013963380,https://krisha.kz/a/show/1013963380,350000,103,2026-08-23T14:30:14+00:00
1014285375,https://krisha.kz/a/show/1014285375,550000,103,2026-08-23T14:30:14+00:00
1014959800,https://krisha.kz/a/show/1014959800,250000,103,2026-08-23T14:30:14+00:00
1013589197,https://krisha.kz/a/show/1013589197,450000,103,2026-08-23T14:30:14+00:00
1014943752,https://krisha.kz/a/show/1014943752,250000,103,2026-08-23T14:30:14+00:00
1014021367,https://krisha.kz/a/show/1014021367,450000,103,2026-08-23T14:30:14+00:00
1014940760,https://krisha.kz/a/show/1014940760,250000,103,2026-08-23T14:30:14+00:00
1014942141,https://krisha.kz/a/show/1014942141,300000,103,2026-08-23T14:30:14+00:00
1014854960,https://krisha.kz/a/show/1014854960,220000,103,2026-08-23T14:30:14+00:00
1010791249,https://krisha.kz/a/show/1010791249,200000,103,2026-08-23T14:30:14+00:00
1014751824,https://krisha.kz/a/show/1014751824,300000,103,2026-08-23T14:30:14+00:00
1014751499,https://krisha.kz/a/show/1014751499,700000,103,2026-08-23T14:30:14+00:00
1014959037,https://krisha.kz/a/show/1014959037,450000,104,2026-08-23T14:30:17+00:00
1007581988,https://krisha.kz/a/show/1007581988,200000,104,2026-08-23T14:30:17+00:00
681737876,https://krisha.kz/a/show/681737876,350000,104,2026-08-23T14:30:17+00:00
1003775815,https://krisha.kz/a/show/1003775815,1000000,104,2026-08-23T14:30:17+00:00
1010926337,https://krisha.kz/a/show/1010926337,700000,104,2026-08-23T14:30:17+00:00
1003263032,https://krisha.kz/a/show/1003263032,1000000,104,2026-08-23T14:30:17+00:00
1013692173,https://krisha.kz/a/show/1013692173,1800000,104,2026-08-23T14:30:17+00:00
1014947534,https://krisha.kz/a/show/1014947534,700000,104,2026-08-23T14:30:17+00:00
1014725504,https://krisha.kz/a/show/1014725504,750000,104,2026-08-23T14:30:17+00:00
1013962747,https://krisha.kz/a/show/1013962747,650000,104,2026-08-23T14:30:17+00:00
1014792168,https://krisha.kz/a/show/1014792168,300000,104,2026-08-23T14:30:17+00:00
1014417897,https://krisha.kz/a/show/1014417897,230000,104,2026-08-23T14:30:17+00:00
1014898874,https://krisha.kz/a/show/1014898874,400000,104,2026-08-23T14:30:17+00:00
1013962986,https://krisha.kz/a/show/1013962986,500000,104,2026-08-23T14:30:17+00:00
1014961101,https://krisha.kz/a/show/1014961101,170000,104,2026-08-23T14:30:17+00:00
1014887078,https://krisha.kz/a/show/1014887078,250000,104,2026-08-23T14:30:17+00:00
1013872748,https://krisha.kz/a/show/1013872748,300000,104,2026-08-23T14:30:17+00:00
1014942697,https://krisha.kz/a/show/1014942697,400000,104,2026-08-23T14:30:17+00:00
1013352357,https://krisha.kz/a/show/1013352357,320000,104,2026-08-23T14:30:17+00:00
1014966666,https://krisha.kz/a/show/1014966666,250000,104,2026-08-23T14:30:17+00:00
1014753129,https://krisha.kz/a/show/1014753129,400000,105,2026-08-23T14:30:21+00:00
1014752183,https://krisha.kz/a/show/1014752183,700000,105,2026-08-23T14:30:21+00:00
688711766,https://krisha.kz/a/show/688711766,400000,105,2026-08-23T14:30:21+00:00
1003273785,https://krisha.kz/a/show/1003273785,2500000,105,2026-08-23T14:30:21+00:00
1003329627,https://krisha.kz/a/show/1003329627,500000,105,2026-08-23T14:30:21+00:00
688758179,https://krisha.kz/a/show/688758179,2000000,105,2026-08-23T14:30:21+00:00
1003331946,https://krisha.kz/a/show/1003331946,1000000,105,2026-08-23T14:30:21+00:00
1014555108,https://krisha.kz/a/show/1014555108,600000,105,2026-08-23T14:30:21+00:00
1003331723,https://krisha.kz/a/show/1003331723,500000,105,2026-08-23T14:30:21+00:00
1014507397,https://krisha.kz/a/show/1014507397,270000,105,2026-08-23T14:30:21+00:00
1014886850,https://krisha.kz/a/show/1014886850,620000,105,2026-08-23T14:30:21+00:00
698546000,https://krisha.kz/a/show/698546000,260000,105,2026-08-23T14:30:21+00:00
1014957690,https://krisha.kz/a/show/1014957690,360000,105,2026-08-23T14:30:21+00:00
1014513876,https://krisha.kz/a/show/1014513876,285000,106,2026-08-23T14:30:24+00:00
689274910,https://krisha.kz/a/show/689274910,250000,105,2026-08-23T14:30:21+00:00
1014954943,https://krisha.kz/a/show/1014954943,350000,105,2026-08-23T14:30:21+00:00
1014874175,https://krisha.kz/a/show/1014874175,350000,105,2026-08-23T14:30:21+00:00
1010062385,https://krisha.kz/a/show/1010062385,380000,105,2026-08-23T14:30:21+00:00
1014751126,https://krisha.kz/a/show/1014751126,500000,105,2026-08-23T14:30:21+00:00
1014757446,https://krisha.kz/a/show/1014757446,500000,105,2026-08-23T14:30:21+00:00
1014962866,https://krisha.kz/a/show/1014962866,300000,106,2026-08-23T14:30:24+00:00
1014621067,https://krisha.kz/a/show/1014621067,450000,106,2026-08-23T14:30:24+00:00
1014571208,https://krisha.kz/a/show/1014571208,280000,106,2026-08-23T14:30:24+00:00
1012162710,https://krisha.kz/a/show/1012162710,300000,106,2026-08-23T14:30:24+00:00
1014560014,https://krisha.kz/a/show/1014560014,550000,106,2026-08-23T14:30:24+00:00
1002866475,https://krisha.kz/a/show/1002866475,800000,106,2026-08-23T14:30:24+00:00
1014688001,https://krisha.kz/a/show/1014688001,350000,106,2026-08-23T14:30:24+00:00
1014845694,https://krisha.kz/a/show/1014845694,400000,106,2026-08-23T14:30:24+00:00
1014949570,https://krisha.kz/a/show/1014949570,700000,106,2026-08-23T14:30:24+00:00
680614944,https://krisha.kz/a/show/680614944,500000,106,2026-08-23T14:30:24+00:00
1014928145,https://krisha.kz/a/show/1014928145,500000,106,2026-08-23T14:30:24+00:00
1014970946,https://krisha.kz/a/show/1014970946,250000,106,2026-08-23T14:30:24+00:00
1014970876,https://krisha.kz/a/show/1014970876,350000,106,2026-08-23T14:30:24+00:00
1004067171,https://krisha.kz/a/show/1004067171,330000,106,2026-08-23T14:30:24+00:00
1014578846,https://krisha.kz/a/show/1014578846,450000,106,2026-08-23T14:30:24+00:00
1013583600,https://krisha.kz/a/show/1013583600,700000,106,2026-08-23T14:30:24+00:00
1009315575,https://krisha.kz/a/show/1009315575,350000,106,2026-08-23T14:30:24+00:00
1007166464,https://krisha.kz/a/show/1007166464,250000,106,2026-08-23T14:30:24+00:00
1014969805,https://krisha.kz/a/show/1014969805,240000,106,2026-08-23T14:30:24+00:00
1009375564,https://krisha.kz/a/show/1009375564,250000,107,2026-08-23T14:30:28+00:00
760117619,https://krisha.kz/a/show/760117619,450000,107,2026-08-23T14:30:28+00:00
1014891670,https://krisha.kz/a/show/1014891670,420000,107,2026-08-23T14:30:28+00:00
697880193,https://krisha.kz/a/show/697880193,1000000,107,2026-08-23T14:30:28+00:00
696911586,https://krisha.kz/a/show/696911586,300000,107,2026-08-23T14:30:28+00:00
693144016,https://krisha.kz/a/show/693144016,450000,107,2026-08-23T14:30:28+00:00
1012820871,https://krisha.kz/a/show/1012820871,350000,107,2026-08-23T14:30:28+00:00
1007092958,https://krisha.kz/a/show/1007092958,450000,107,2026-08-23T14:30:28+00:00
1014175822,https://krisha.kz/a/show/1014175822,250000,107,2026-08-23T14:30:28+00:00
1006113818,https://krisha.kz/a/show/1006113818,450000,107,2026-08-23T14:30:28+00:00
1007385430,https://krisha.kz/a/show/1007385430,500000,107,2026-08-23T14:30:28+00:00
692207648,https://krisha.kz/a/show/692207648,300000,107,2026-08-23T14:30:28+00:00
1013301145,https://krisha.kz/a/show/1013301145,280000,107,2026-08-23T14:30:28+00:00
1014968523,https://krisha.kz/a/show/1014968523,1200000,107,2026-08-23T14:30:28+00:00
1006747051,https://krisha.kz/a/show/1006747051,350000,107,2026-08-23T14:30:28+00:00
1014968107,https://krisha.kz/a/show/1014968107,1000000,107,2026-08-23T14:30:28+00:00
1011474159,https://krisha.kz/a/show/1011474159,220000,107,2026-08-23T14:30:28+00:00
675224342,https://krisha.kz/a/show/675224342,800000,107,2026-08-23T14:30:28+00:00
1013107304,https://krisha.kz/a/show/1013107304,400000,107,2026-08-23T14:30:28+00:00
1009325779,https://krisha.kz/a/show/1009325779,400000,107,2026-08-23T14:30:28+00:00
689111286,https://krisha.kz/a/show/689111286,1600000,108,2026-08-23T14:30:30+00:00
1014967646,https://krisha.kz/a/show/1014967646,250000,108,2026-08-23T14:30:30+00:00
686612452,https://krisha.kz/a/show/686612452,900000,108,2026-08-23T14:30:30+00:00
689133465,https://krisha.kz/a/show/689133465,400000,108,2026-08-23T14:30:30+00:00
1008872075,https://krisha.kz/a/show/1008872075,300000,108,2026-08-23T14:30:30+00:00
1008952487,https://krisha.kz/a/show/1008952487,3200000,108,2026-08-23T14:30:30+00:00
1014967110,https://krisha.kz/a/show/1014967110,370000,108,2026-08-23T14:30:30+00:00
1014771795,https://krisha.kz/a/show/1014771795,350000,108,2026-08-23T14:30:30+00:00
1008418168,https://krisha.kz/a/show/1008418168,500000,108,2026-08-23T14:30:30+00:00
1014966781,https://krisha.kz/a/show/1014966781,250000,108,2026-08-23T14:30:30+00:00
1011919217,https://krisha.kz/a/show/1011919217,400000,108,2026-08-23T14:30:30+00:00
1014185146,https://krisha.kz/a/show/1014185146,1290000,108,2026-08-23T14:30:30+00:00
1009369921,https://krisha.kz/a/show/1009369921,380000,108,2026-08-23T14:30:30+00:00
1014966174,https://krisha.kz/a/show/1014966174,550000,108,2026-08-23T14:30:30+00:00
1014966122,https://krisha.kz/a/show/1014966122,470000,108,2026-08-23T14:30:30+00:00
1006774402,https://krisha.kz/a/show/1006774402,400000,108,2026-08-23T14:30:30+00:00
1008345349,https://krisha.kz/a/show/1008345349,300000,108,2026-08-23T14:30:30+00:00
1013574992,https://krisha.kz/a/show/1013574992,300000,108,2026-08-23T14:30:30+00:00
1013597434,https://krisha.kz/a/show/1013597434,1000000,108,2026-08-23T14:30:30+00:00
1006003550,https://krisha.kz/a/show/1006003550,350000,108,2026-08-23T14:30:30+00:00
697986474,https://krisha.kz/a/show/697986474,350000,109,2026-08-23T14:30:34+00:00
1013674942,https://krisha.kz/a/show/1013674942,290000,109,2026-08-23T14:30:34+00:00
1014382800,https://krisha.kz/a/show/1014382800,3500000,109,2026-08-23T14:30:34+00:00
1014784620,https://krisha.kz/a/show/1014784620,280000,109,2026-08-23T14:30:34+00:00
696356691,https://krisha.kz/a/show/696356691,300000,109,2026-08-23T14:30:34+00:00
699383710,https://krisha.kz/a/show/699383710,300000,109,2026-08-23T14:30:34+00:00
1014927536,https://krisha.kz/a/show/1014927536,180000,109,2026-08-23T14:30:34+00:00
1014964811,https://krisha.kz/a/show/1014964811,250000,109,2026-08-23T14:30:34+00:00
1012502765,https://krisha.kz/a/show/1012502765,350000,109,2026-08-23T14:30:34+00:00
1012502368,https://krisha.kz/a/show/1012502368,350000,109,2026-08-23T14:30:34+00:00
1004663359,https://krisha.kz/a/show/1004663359,300000,109,2026-08-23T14:30:34+00:00
1014964258,https://krisha.kz/a/show/1014964258,350000,109,2026-08-23T14:30:34+00:00
1014963689,https://krisha.kz/a/show/1014963689,2200000,109,2026-08-23T14:30:34+00:00
1008984892,https://krisha.kz/a/show/1008984892,230000,109,2026-08-23T14:30:34+00:00
1011708693,https://krisha.kz/a/show/1011708693,350000,109,2026-08-23T14:30:34+00:00
1005335848,https://krisha.kz/a/show/1005335848,1300000,109,2026-08-23T14:30:34+00:00
1006285915,https://krisha.kz/a/show/1006285915,180000,109,2026-08-23T14:30:34+00:00
1011655551,https://krisha.kz/a/show/1011655551,600000,109,2026-08-23T14:30:34+00:00
1010315260,https://krisha.kz/a/show/1010315260,390000,109,2026-08-23T14:30:34+00:00
1013487596,https://krisha.kz/a/show/1013487596,300000,109,2026-08-23T14:30:34+00:00
1010725144,https://krisha.kz/a/show/1010725144,1200000,110,2026-08-23T14:30:37+00:00
1014962977,https://krisha.kz/a/show/1014962977,400000,110,2026-08-23T14:30:37+00:00
761021695,https://krisha.kz/a/show/761021695,340000,110,2026-08-23T14:30:37+00:00
1007600687,https://krisha.kz/a/show/1007600687,270000,110,2026-08-23T14:30:37+00:00
1014598643,https://krisha.kz/a/show/1014598643,350000,110,2026-08-23T14:30:37+00:00
1002336015,https://krisha.kz/a/show/1002336015,440000,110,2026-08-23T14:30:37+00:00
1014962410,https://krisha.kz/a/show/1014962410,400000,110,2026-08-23T14:30:37+00:00
1012371811,https://krisha.kz/a/show/1012371811,470000,110,2026-08-23T14:30:37+00:00
1014962160,https://krisha.kz/a/show/1014962160,800000,110,2026-08-23T14:30:37+00:00
679054887,https://krisha.kz/a/show/679054887,2000000,110,2026-08-23T14:30:37+00:00
1014962060,https://krisha.kz/a/show/1014962060,200000,110,2026-08-23T14:30:37+00:00
1011114873,https://krisha.kz/a/show/1011114873,200000,110,2026-08-23T14:30:37+00:00
1014103747,https://krisha.kz/a/show/1014103747,270000,110,2026-08-23T14:30:37+00:00
1011803714,https://krisha.kz/a/show/1011803714,350000,110,2026-08-23T14:30:37+00:00
1014196319,https://krisha.kz/a/show/1014196319,350000,110,2026-08-23T14:30:37+00:00
1013402050,https://krisha.kz/a/show/1013402050,360000,110,2026-08-23T14:30:37+00:00
1004561854,https://krisha.kz/a/show/1004561854,300000,110,2026-08-23T14:30:37+00:00
1014367101,https://krisha.kz/a/show/1014367101,1400000,110,2026-08-23T14:30:37+00:00
1014765743,https://krisha.kz/a/show/1014765743,300000,110,2026-08-23T14:30:37+00:00
1014338431,https://krisha.kz/a/show/1014338431,500000,110,2026-08-23T14:30:37+00:00
1014960403,https://krisha.kz/a/show/1014960403,350000,111,2026-08-23T14:30:40+00:00
1014360312,https://krisha.kz/a/show/1014360312,280000,111,2026-08-23T14:30:40+00:00
1006604179,https://krisha.kz/a/show/1006604179,230000,111,2026-08-23T14:30:40+00:00
1010817633,https://krisha.kz/a/show/1010817633,650000,111,2026-08-23T14:30:40+00:00
693960271,https://krisha.kz/a/show/693960271,320000,111,2026-08-23T14:30:40+00:00
699336828,https://krisha.kz/a/show/699336828,250000,111,2026-08-23T14:30:40+00:00
762201966,https://krisha.kz/a/show/762201966,480000,111,2026-08-23T14:30:40+00:00
1004304535,https://krisha.kz/a/show/1004304535,250000,111,2026-08-23T14:30:40+00:00
1014934572,https://krisha.kz/a/show/1014934572,350000,111,2026-08-23T14:30:40+00:00
1000466841,https://krisha.kz/a/show/1000466841,700000,111,2026-08-23T14:30:40+00:00
1014034864,https://krisha.kz/a/show/1014034864,380000,111,2026-08-23T14:30:40+00:00
1014567827,https://krisha.kz/a/show/1014567827,300000,111,2026-08-23T14:30:40+00:00
1014567046,https://krisha.kz/a/show/1014567046,450000,111,2026-08-23T14:30:40+00:00
699625405,https://krisha.kz/a/show/699625405,300000,111,2026-08-23T14:30:40+00:00
1014753638,https://krisha.kz/a/show/1014753638,385000,111,2026-08-23T14:30:40+00:00
697846874,https://krisha.kz/a/show/697846874,330000,111,2026-08-23T14:30:40+00:00
1014531522,https://krisha.kz/a/show/1014531522,700000,111,2026-08-23T14:30:40+00:00
761518663,https://krisha.kz/a/show/761518663,380000,111,2026-08-23T14:30:40+00:00
1014957768,https://krisha.kz/a/show/1014957768,800000,111,2026-08-23T14:30:40+00:00
1013534241,https://krisha.kz/a/show/1013534241,350000,111,2026-08-23T14:30:40+00:00
1011885974,https://krisha.kz/a/show/1011885974,200000,112,2026-08-23T14:30:43+00:00
1014369719,https://krisha.kz/a/show/1014369719,500000,112,2026-08-23T14:30:43+00:00
1014781804,https://krisha.kz/a/show/1014781804,450000,112,2026-08-23T14:30:43+00:00
1012337960,https://krisha.kz/a/show/1012337960,250000,112,2026-08-23T14:30:43+00:00
1014765951,https://krisha.kz/a/show/1014765951,370000,112,2026-08-23T14:30:43+00:00
1006054025,https://krisha.kz/a/show/1006054025,750000,112,2026-08-23T14:30:43+00:00
1014001410,https://krisha.kz/a/show/1014001410,300000,112,2026-08-23T14:30:43+00:00
1013939272,https://krisha.kz/a/show/1013939272,300000,112,2026-08-23T14:30:43+00:00
691861255,https://krisha.kz/a/show/691861255,305000,112,2026-08-23T14:30:43+00:00
1014761562,https://krisha.kz/a/show/1014761562,300000,112,2026-08-23T14:30:43+00:00
1009050011,https://krisha.kz/a/show/1009050011,400000,112,2026-08-23T14:30:43+00:00
1007591085,https://krisha.kz/a/show/1007591085,280000,112,2026-08-23T14:30:43+00:00
1013652401,https://krisha.kz/a/show/1013652401,600000,112,2026-08-23T14:30:43+00:00
690738393,https://krisha.kz/a/show/690738393,300000,112,2026-08-23T14:30:43+00:00
1014788331,https://krisha.kz/a/show/1014788331,750000,112,2026-08-23T14:30:43+00:00
1014728813,https://krisha.kz/a/show/1014728813,700000,112,2026-08-23T14:30:43+00:00
1009980795,https://krisha.kz/a/show/1009980795,650000,112,2026-08-23T14:30:43+00:00
1012481773,https://krisha.kz/a/show/1012481773,130000,112,2026-08-23T14:30:43+00:00
1009017468,https://krisha.kz/a/show/1009017468,270000,112,2026-08-23T14:30:43+00:00
1001732519,https://krisha.kz/a/show/1001732519,350000,112,2026-08-23T14:30:43+00:00
1012514088,https://krisha.kz/a/show/1012514088,240000,113,2026-08-23T14:30:45+00:00
1014940442,https://krisha.kz/a/show/1014940442,350000,113,2026-08-23T14:30:45+00:00
1014765594,https://krisha.kz/a/show/1014765594,270000,113,2026-08-23T14:30:45+00:00
690568503,https://krisha.kz/a/show/690568503,380000,113,2026-08-23T14:30:45+00:00
1012592096,https://krisha.kz/a/show/1012592096,250000,113,2026-08-23T14:30:45+00:00
1014759701,https://krisha.kz/a/show/1014759701,400000,113,2026-08-23T14:30:45+00:00
1004945765,https://krisha.kz/a/show/1004945765,550000,113,2026-08-23T14:30:45+00:00
1007468201,https://krisha.kz/a/show/1007468201,250000,113,2026-08-23T14:30:45+00:00
1014955174,https://krisha.kz/a/show/1014955174,300000,113,2026-08-23T14:30:45+00:00
1008171682,https://krisha.kz/a/show/1008171682,250000,113,2026-08-23T14:30:45+00:00
1014759140,https://krisha.kz/a/show/1014759140,205000,113,2026-08-23T14:30:45+00:00
1011776894,https://krisha.kz/a/show/1011776894,500000,113,2026-08-23T14:30:45+00:00
1014324841,https://krisha.kz/a/show/1014324841,200000,113,2026-08-23T14:30:45+00:00
696493595,https://krisha.kz/a/show/696493595,220000,113,2026-08-23T14:30:45+00:00
690542817,https://krisha.kz/a/show/690542817,800000,113,2026-08-23T14:30:45+00:00
1013642924,https://krisha.kz/a/show/1013642924,320000,113,2026-08-23T14:30:45+00:00
761242769,https://krisha.kz/a/show/761242769,290000,113,2026-08-23T14:30:45+00:00
679366778,https://krisha.kz/a/show/679366778,250000,113,2026-08-23T14:30:45+00:00
1014777435,https://krisha.kz/a/show/1014777435,370000,113,2026-08-23T14:30:45+00:00
1010528638,https://krisha.kz/a/show/1010528638,250000,113,2026-08-23T14:30:45+00:00
1001406007,https://krisha.kz/a/show/1001406007,400000,114,2026-08-23T14:30:48+00:00
1013938324,https://krisha.kz/a/show/1013938324,3000000,114,2026-08-23T14:30:48+00:00
1014951209,https://krisha.kz/a/show/1014951209,300000,114,2026-08-23T14:30:48+00:00
1014952555,https://krisha.kz/a/show/1014952555,250000,114,2026-08-23T14:30:48+00:00
1003814301,https://krisha.kz/a/show/1003814301,350000,114,2026-08-23T14:30:48+00:00
1014952455,https://krisha.kz/a/show/1014952455,350000,114,2026-08-23T14:30:48+00:00
1004807058,https://krisha.kz/a/show/1004807058,300000,114,2026-08-23T14:30:48+00:00
1012956098,https://krisha.kz/a/show/1012956098,250000,114,2026-08-23T14:30:48+00:00
1014752702,https://krisha.kz/a/show/1014752702,250000,114,2026-08-23T14:30:48+00:00
1014951854,https://krisha.kz/a/show/1014951854,250000,114,2026-08-23T14:30:48+00:00
1014720153,https://krisha.kz/a/show/1014720153,1000000,114,2026-08-23T14:30:48+00:00
1014720368,https://krisha.kz/a/show/1014720368,1000000,114,2026-08-23T14:30:48+00:00
1014720522,https://krisha.kz/a/show/1014720522,700000,114,2026-08-23T14:30:48+00:00
1014497107,https://krisha.kz/a/show/1014497107,350000,114,2026-08-23T14:30:48+00:00
671179219,https://krisha.kz/a/show/671179219,300000,114,2026-08-23T14:30:48+00:00
697921088,https://krisha.kz/a/show/697921088,210000,114,2026-08-23T14:30:48+00:00
1013325165,https://krisha.kz/a/show/1013325165,450000,114,2026-08-23T14:30:48+00:00
1014951077,https://krisha.kz/a/show/1014951077,1000000,114,2026-08-23T14:30:48+00:00
676422843,https://krisha.kz/a/show/676422843,250000,114,2026-08-23T14:30:48+00:00
1012991548,https://krisha.kz/a/show/1012991548,600000,114,2026-08-23T14:30:48+00:00
1000380018,https://krisha.kz/a/show/1000380018,400000,115,2026-08-23T14:30:51+00:00
1006707947,https://krisha.kz/a/show/1006707947,130000,115,2026-08-23T14:30:51+00:00
1014298853,https://krisha.kz/a/show/1014298853,230000,115,2026-08-23T14:30:51+00:00
1008835452,https://krisha.kz/a/show/1008835452,370000,115,2026-08-23T14:30:51+00:00
690845890,https://krisha.kz/a/show/690845890,450000,115,2026-08-23T14:30:51+00:00
697285497,https://krisha.kz/a/show/697285497,600000,115,2026-08-23T14:30:51+00:00
669277595,https://krisha.kz/a/show/669277595,700000,115,2026-08-23T14:30:51+00:00
1004170976,https://krisha.kz/a/show/1004170976,400000,115,2026-08-23T14:30:51+00:00
1013408854,https://krisha.kz/a/show/1013408854,450000,115,2026-08-23T14:30:51+00:00
690847007,https://krisha.kz/a/show/690847007,420000,115,2026-08-23T14:30:51+00:00
689294438,https://krisha.kz/a/show/689294438,500000,115,2026-08-23T14:30:51+00:00
1014949980,https://krisha.kz/a/show/1014949980,1200000,115,2026-08-23T14:30:51+00:00
1014950009,https://krisha.kz/a/show/1014950009,200000,115,2026-08-23T14:30:51+00:00
688258374,https://krisha.kz/a/show/688258374,430000,115,2026-08-23T14:30:51+00:00
1012149600,https://krisha.kz/a/show/1012149600,230000,115,2026-08-23T14:30:51+00:00
1014949841,https://krisha.kz/a/show/1014949841,300000,115,2026-08-23T14:30:51+00:00
1014948684,https://krisha.kz/a/show/1014948684,500000,115,2026-08-23T14:30:51+00:00
1014948783,https://krisha.kz/a/show/1014948783,220000,115,2026-08-23T14:30:51+00:00
1014949499,https://krisha.kz/a/show/1014949499,200000,115,2026-08-23T14:30:51+00:00
1014949426,https://krisha.kz/a/show/1014949426,450000,115,2026-08-23T14:30:51+00:00
1014897608,https://krisha.kz/a/show/1014897608,350000,116,2026-08-23T14:30:55+00:00
1014948984,https://krisha.kz/a/show/1014948984,300000,116,2026-08-23T14:30:55+00:00
1014947419,https://krisha.kz/a/show/1014947419,270000,116,2026-08-23T14:30:55+00:00
1012342343,https://krisha.kz/a/show/1012342343,340000,116,2026-08-23T14:30:55+00:00
676554618,https://krisha.kz/a/show/676554618,365000,116,2026-08-23T14:30:55+00:00
692593505,https://krisha.kz/a/show/692593505,950000,116,2026-08-23T14:30:55+00:00
1014948600,https://krisha.kz/a/show/1014948600,250000,116,2026-08-23T14:30:55+00:00
1010672025,https://krisha.kz/a/show/1010672025,280000,116,2026-08-23T14:30:55+00:00
1014948467,https://krisha.kz/a/show/1014948467,380000,116,2026-08-23T14:30:55+00:00
1014313121,https://krisha.kz/a/show/1014313121,550000,116,2026-08-23T14:30:55+00:00
1014067630,https://krisha.kz/a/show/1014067630,350000,116,2026-08-23T14:30:55+00:00
1014312993,https://krisha.kz/a/show/1014312993,300000,116,2026-08-23T14:30:55+00:00
1006614015,https://krisha.kz/a/show/1006614015,300000,116,2026-08-23T14:30:55+00:00
1014000512,https://krisha.kz/a/show/1014000512,1400000,116,2026-08-23T14:30:55+00:00
1013939197,https://krisha.kz/a/show/1013939197,500000,116,2026-08-23T14:30:55+00:00
1013962329,https://krisha.kz/a/show/1013962329,1000000,116,2026-08-23T14:30:55+00:00
1014947723,https://krisha.kz/a/show/1014947723,300000,116,2026-08-23T14:30:55+00:00
1014948028,https://krisha.kz/a/show/1014948028,380000,116,2026-08-23T14:30:55+00:00
1014948004,https://krisha.kz/a/show/1014948004,300000,116,2026-08-23T14:30:55+00:00
1008623622,https://krisha.kz/a/show/1008623622,290000,116,2026-08-23T14:30:55+00:00
691843269,https://krisha.kz/a/show/691843269,250000,117,2026-08-23T14:30:58+00:00
1014947881,https://krisha.kz/a/show/1014947881,800000,117,2026-08-23T14:30:58+00:00
1014947803,https://krisha.kz/a/show/1014947803,300000,117,2026-08-23T14:30:58+00:00
1014947782,https://krisha.kz/a/show/1014947782,380000,117,2026-08-23T14:30:58+00:00
1014940685,https://krisha.kz/a/show/1014940685,3000000,117,2026-08-23T14:30:58+00:00
1014947613,https://krisha.kz/a/show/1014947613,250000,117,2026-08-23T14:30:58+00:00
699868829,https://krisha.kz/a/show/699868829,400000,117,2026-08-23T14:30:58+00:00
1014581174,https://krisha.kz/a/show/1014581174,300000,117,2026-08-23T14:30:58+00:00
1014811568,https://krisha.kz/a/show/1014811568,220000,117,2026-08-23T14:30:58+00:00
1011912446,https://krisha.kz/a/show/1011912446,500000,117,2026-08-23T14:30:58+00:00
690611525,https://krisha.kz/a/show/690611525,250000,117,2026-08-23T14:30:58+00:00
1014947193,https://krisha.kz/a/show/1014947193,180000,117,2026-08-23T14:30:58+00:00
1014946695,https://krisha.kz/a/show/1014946695,350000,117,2026-08-23T14:30:58+00:00
1014946589,https://krisha.kz/a/show/1014946589,260000,117,2026-08-23T14:30:58+00:00
1014153364,https://krisha.kz/a/show/1014153364,600000,117,2026-08-23T14:30:58+00:00
1013098541,https://krisha.kz/a/show/1013098541,220000,117,2026-08-23T14:30:58+00:00
699717716,https://krisha.kz/a/show/699717716,500000,117,2026-08-23T14:30:58+00:00
1014763486,https://krisha.kz/a/show/1014763486,250000,117,2026-08-23T14:30:58+00:00
1014342082,https://krisha.kz/a/show/1014342082,230000,117,2026-08-23T14:30:58+00:00
1014944810,https://krisha.kz/a/show/1014944810,500000,117,2026-08-23T14:30:58+00:00
1014146326,https://krisha.kz/a/show/1014146326,400000,118,2026-08-23T14:31:01+00:00
1014934101,https://krisha.kz/a/show/1014934101,230000,118,2026-08-23T14:31:01+00:00
1014945807,https://krisha.kz/a/show/1014945807,450000,118,2026-08-23T14:31:01+00:00
1014945829,https://krisha.kz/a/show/1014945829,280000,118,2026-08-23T14:31:01+00:00
690268129,https://krisha.kz/a/show/690268129,170000,118,2026-08-23T14:31:01+00:00
1009568579,https://krisha.kz/a/show/1009568579,450000,118,2026-08-23T14:31:01+00:00
679738196,https://krisha.kz/a/show/679738196,650000,118,2026-08-23T14:31:01+00:00
1004668786,https://krisha.kz/a/show/1004668786,280000,118,2026-08-23T14:31:01+00:00
1014927069,https://krisha.kz/a/show/1014927069,650000,118,2026-08-23T14:31:01+00:00
1008976567,https://krisha.kz/a/show/1008976567,260000,118,2026-08-23T14:31:01+00:00
1001541701,https://krisha.kz/a/show/1001541701,320000,118,2026-08-23T14:31:01+00:00
1011440172,https://krisha.kz/a/show/1011440172,230000,118,2026-08-23T14:31:01+00:00
1013925604,https://krisha.kz/a/show/1013925604,350000,118,2026-08-23T14:31:01+00:00
1014281164,https://krisha.kz/a/show/1014281164,400000,118,2026-08-23T14:31:01+00:00
1012684659,https://krisha.kz/a/show/1012684659,300000,118,2026-08-23T14:31:01+00:00
1014745203,https://krisha.kz/a/show/1014745203,280000,118,2026-08-23T14:31:01+00:00
1008645673,https://krisha.kz/a/show/1008645673,270000,118,2026-08-23T14:31:01+00:00
1014713200,https://krisha.kz/a/show/1014713200,2300000,118,2026-08-23T14:31:01+00:00
1014349413,https://krisha.kz/a/show/1014349413,400000,118,2026-08-23T14:31:01+00:00
1012765112,https://krisha.kz/a/show/1012765112,650000,118,2026-08-23T14:31:01+00:00
1014791876,https://krisha.kz/a/show/1014791876,450000,119,2026-08-23T14:31:05+00:00
1011563304,https://krisha.kz/a/show/1011563304,300000,119,2026-08-23T14:31:05+00:00
698571900,https://krisha.kz/a/show/698571900,200000,119,2026-08-23T14:31:05+00:00
1014942806,https://krisha.kz/a/show/1014942806,250000,119,2026-08-23T14:31:05+00:00
1007182125,https://krisha.kz/a/show/1007182125,1000000,119,2026-08-23T14:31:05+00:00
1013821347,https://krisha.kz/a/show/1013821347,370000,119,2026-08-23T14:31:05+00:00
1006077982,https://krisha.kz/a/show/1006077982,50000,119,2026-08-23T14:31:05+00:00
1012079152,https://krisha.kz/a/show/1012079152,800000,119,2026-08-23T14:31:05+00:00
1007048556,https://krisha.kz/a/show/1007048556,260000,119,2026-08-23T14:31:05+00:00
1009616084,https://krisha.kz/a/show/1009616084,350000,119,2026-08-23T14:31:05+00:00
1014427057,https://krisha.kz/a/show/1014427057,3500000,119,2026-08-23T14:31:05+00:00
1003984801,https://krisha.kz/a/show/1003984801,320000,119,2026-08-23T14:31:05+00:00
1008763389,https://krisha.kz/a/show/1008763389,750000,119,2026-08-23T14:31:05+00:00
1008339146,https://krisha.kz/a/show/1008339146,500000,119,2026-08-23T14:31:05+00:00
1014308289,https://krisha.kz/a/show/1014308289,1600000,119,2026-08-23T14:31:05+00:00
1013572397,https://krisha.kz/a/show/1013572397,290000,119,2026-08-23T14:31:05+00:00
760817149,https://krisha.kz/a/show/760817149,250000,119,2026-08-23T14:31:05+00:00
696644846,https://krisha.kz/a/show/696644846,230000,119,2026-08-23T14:31:05+00:00
689559665,https://krisha.kz/a/show/689559665,300000,119,2026-08-23T14:31:05+00:00
1014315624,https://krisha.kz/a/show/1014315624,300000,119,2026-08-23T14:31:05+00:00
1009932452,https://krisha.kz/a/show/1009932452,450000,120,2026-08-23T14:31:09+00:00
1008926582,https://krisha.kz/a/show/1008926582,500000,120,2026-08-23T14:31:09+00:00
1014550256,https://krisha.kz/a/show/1014550256,300000,120,2026-08-23T14:31:09+00:00
1014332718,https://krisha.kz/a/show/1014332718,420000,120,2026-08-23T14:31:09+00:00
1014325772,https://krisha.kz/a/show/1014325772,285000,120,2026-08-23T14:31:09+00:00
1014324262,https://krisha.kz/a/show/1014324262,360000,120,2026-08-23T14:31:09+00:00
1005558356,https://krisha.kz/a/show/1005558356,200000,120,2026-08-23T14:31:09+00:00
1014375363,https://krisha.kz/a/show/1014375363,600000,120,2026-08-23T14:31:09+00:00
1014342105,https://krisha.kz/a/show/1014342105,230000,120,2026-08-23T14:31:09+00:00
1007462789,https://krisha.kz/a/show/1007462789,2500000,120,2026-08-23T14:31:09+00:00
1013681070,https://krisha.kz/a/show/1013681070,290000,120,2026-08-23T14:31:09+00:00
1012426136,https://krisha.kz/a/show/1012426136,450000,120,2026-08-23T14:31:09+00:00
1004984614,https://krisha.kz/a/show/1004984614,160000,120,2026-08-23T14:31:09+00:00
1005211576,https://krisha.kz/a/show/1005211576,2000000,120,2026-08-23T14:31:09+00:00
1014548328,https://krisha.kz/a/show/1014548328,300000,120,2026-08-23T14:31:09+00:00
1014547052,https://krisha.kz/a/show/1014547052,250000,120,2026-08-23T14:31:09+00:00
1014940724,https://krisha.kz/a/show/1014940724,250000,120,2026-08-23T14:31:09+00:00
1014078689,https://krisha.kz/a/show/1014078689,480000,120,2026-08-23T14:31:09+00:00
1014940430,https://krisha.kz/a/show/1014940430,350000,120,2026-08-23T14:31:09+00:00
1014527603,https://krisha.kz/a/show/1014527603,420000,120,2026-08-23T14:31:09+00:00
1010118853,https://krisha.kz/a/show/1010118853,120000,121,2026-08-23T14:31:13+00:00
1014539075,https://krisha.kz/a/show/1014539075,312000,121,2026-08-23T14:31:13+00:00
1014537539,https://krisha.kz/a/show/1014537539,350000,121,2026-08-23T14:31:13+00:00
674249646,https://krisha.kz/a/show/674249646,250000,121,2026-08-23T14:31:13+00:00
1006478414,https://krisha.kz/a/show/1006478414,350000,121,2026-08-23T14:31:13+00:00
1001576205,https://krisha.kz/a/show/1001576205,300000,121,2026-08-23T14:31:13+00:00
681162538,https://krisha.kz/a/show/681162538,280000,121,2026-08-23T14:31:13+00:00
1014462142,https://krisha.kz/a/show/1014462142,890000,121,2026-08-23T14:31:13+00:00
1014742012,https://krisha.kz/a/show/1014742012,380000,121,2026-08-23T14:31:13+00:00
1014356261,https://krisha.kz/a/show/1014356261,800000,121,2026-08-23T14:31:13+00:00
1014743342,https://krisha.kz/a/show/1014743342,300000,121,2026-08-23T14:31:13+00:00
1014740519,https://krisha.kz/a/show/1014740519,400000,121,2026-08-23T14:31:13+00:00
1014623455,https://krisha.kz/a/show/1014623455,350000,121,2026-08-23T14:31:13+00:00
1014726124,https://krisha.kz/a/show/1014726124,310000,121,2026-08-23T14:31:13+00:00
1013696877,https://krisha.kz/a/show/1013696877,1200000,121,2026-08-23T14:31:13+00:00
1014292367,https://krisha.kz/a/show/1014292367,1880000,121,2026-08-23T14:31:13+00:00
1014590713,https://krisha.kz/a/show/1014590713,350000,121,2026-08-23T14:31:13+00:00
1014716983,https://krisha.kz/a/show/1014716983,1000000,121,2026-08-23T14:31:13+00:00
1013551847,https://krisha.kz/a/show/1013551847,480000,121,2026-08-23T14:31:13+00:00
681744632,https://krisha.kz/a/show/681744632,400000,121,2026-08-23T14:31:13+00:00
1003332707,https://krisha.kz/a/show/1003332707,300000,122,2026-08-23T14:31:16+00:00
1003646459,https://krisha.kz/a/show/1003646459,400000,122,2026-08-23T14:31:16+00:00
692070902,https://krisha.kz/a/show/692070902,750000,122,2026-08-23T14:31:16+00:00
1003265856,https://krisha.kz/a/show/1003265856,700000,122,2026-08-23T14:31:16+00:00
1003331424,https://krisha.kz/a/show/1003331424,500000,122,2026-08-23T14:31:16+00:00
1014557363,https://krisha.kz/a/show/1014557363,330000,122,2026-08-23T14:31:16+00:00
1012571981,https://krisha.kz/a/show/1012571981,300000,122,2026-08-23T14:31:16+00:00
1014882400,https://krisha.kz/a/show/1014882400,160000,122,2026-08-23T14:31:16+00:00
1012969398,https://krisha.kz/a/show/1012969398,280000,122,2026-08-23T14:31:16+00:00
1002990387,https://krisha.kz/a/show/1002990387,400000,122,2026-08-23T14:31:16+00:00
1014731675,https://krisha.kz/a/show/1014731675,260000,122,2026-08-23T14:31:16+00:00
1014567761,https://krisha.kz/a/show/1014567761,360000,122,2026-08-23T14:31:16+00:00
1013786113,https://krisha.kz/a/show/1013786113,450000,122,2026-08-23T14:31:16+00:00
687158694,https://krisha.kz/a/show/687158694,550000,122,2026-08-23T14:31:16+00:00
1014781427,https://krisha.kz/a/show/1014781427,850000,122,2026-08-23T14:31:16+00:00
679854826,https://krisha.kz/a/show/679854826,250000,122,2026-08-23T14:31:16+00:00
688575565,https://krisha.kz/a/show/688575565,750000,122,2026-08-23T14:31:16+00:00
1012856081,https://krisha.kz/a/show/1012856081,600000,122,2026-08-23T14:31:16+00:00
1012550579,https://krisha.kz/a/show/1012550579,600000,122,2026-08-23T14:31:16+00:00
1010381143,https://krisha.kz/a/show/1010381143,800000,122,2026-08-23T14:31:16+00:00
1012189309,https://krisha.kz/a/show/1012189309,700000,123,2026-08-23T14:31:19+00:00
1011401238,https://krisha.kz/a/show/1011401238,900000,123,2026-08-23T14:31:19+00:00
1010738992,https://krisha.kz/a/show/1010738992,800000,123,2026-08-23T14:31:19+00:00
1010392318,https://krisha.kz/a/show/1010392318,1200000,123,2026-08-23T14:31:19+00:00
1011538746,https://krisha.kz/a/show/1011538746,850000,123,2026-08-23T14:31:19+00:00
1011451758,https://krisha.kz/a/show/1011451758,700000,123,2026-08-23T14:31:19+00:00
1010202862,https://krisha.kz/a/show/1010202862,800000,123,2026-08-23T14:31:19+00:00
1006244089,https://krisha.kz/a/show/1006244089,320000,123,2026-08-23T14:31:19+00:00
1009083363,https://krisha.kz/a/show/1009083363,300000,123,2026-08-23T14:31:19+00:00
1012356512,https://krisha.kz/a/show/1012356512,500000,123,2026-08-23T14:31:19+00:00
1014814124,https://krisha.kz/a/show/1014814124,580000,123,2026-08-23T14:31:19+00:00
1010526430,https://krisha.kz/a/show/1010526430,270000,123,2026-08-23T14:31:19+00:00
1014927945,https://krisha.kz/a/show/1014927945,900000,123,2026-08-23T14:31:19+00:00
1014493868,https://krisha.kz/a/show/1014493868,260000,123,2026-08-23T14:31:19+00:00
1013689775,https://krisha.kz/a/show/1013689775,270000,123,2026-08-23T14:31:19+00:00
1014926022,https://krisha.kz/a/show/1014926022,390000,123,2026-08-23T14:31:19+00:00
1014930207,https://krisha.kz/a/show/1014930207,500000,123,2026-08-23T14:31:19+00:00
1014914115,https://krisha.kz/a/show/1014914115,780000,124,2026-08-23T14:31:22+00:00
1011916639,https://krisha.kz/a/show/1011916639,550000,123,2026-08-23T14:31:19+00:00
687686513,https://krisha.kz/a/show/687686513,350000,123,2026-08-23T14:31:19+00:00
1003297872,https://krisha.kz/a/show/1003297872,400000,124,2026-08-23T14:31:22+00:00
1007257101,https://krisha.kz/a/show/1007257101,230000,124,2026-08-23T14:31:22+00:00
1012914124,https://krisha.kz/a/show/1012914124,350000,124,2026-08-23T14:31:22+00:00
1010982829,https://krisha.kz/a/show/1010982829,450000,124,2026-08-23T14:31:22+00:00
1014926320,https://krisha.kz/a/show/1014926320,300000,124,2026-08-23T14:31:22+00:00
1012575209,https://krisha.kz/a/show/1012575209,850000,124,2026-08-23T14:31:22+00:00
1012575026,https://krisha.kz/a/show/1012575026,600000,124,2026-08-23T14:31:22+00:00
1012549748,https://krisha.kz/a/show/1012549748,550000,124,2026-08-23T14:31:22+00:00
1010688897,https://krisha.kz/a/show/1010688897,650000,124,2026-08-23T14:31:22+00:00
1011460017,https://krisha.kz/a/show/1011460017,600000,124,2026-08-23T14:31:22+00:00
1011390462,https://krisha.kz/a/show/1011390462,400000,124,2026-08-23T14:31:22+00:00
1013884289,https://krisha.kz/a/show/1013884289,1700000,124,2026-08-23T14:31:22+00:00
1013044635,https://krisha.kz/a/show/1013044635,1500000,124,2026-08-23T14:31:22+00:00
1013522941,https://krisha.kz/a/show/1013522941,600000,124,2026-08-23T14:31:22+00:00
1014812667,https://krisha.kz/a/show/1014812667,450000,124,2026-08-23T14:31:22+00:00
1014080257,https://krisha.kz/a/show/1014080257,600000,124,2026-08-23T14:31:22+00:00
1014868752,https://krisha.kz/a/show/1014868752,250000,124,2026-08-23T14:31:22+00:00
1014473270,https://krisha.kz/a/show/1014473270,250000,124,2026-08-23T14:31:22+00:00
1002988398,https://krisha.kz/a/show/1002988398,330000,125,2026-08-23T14:31:25+00:00
1014923558,https://krisha.kz/a/show/1014923558,350000,125,2026-08-23T14:31:25+00:00
1004778743,https://krisha.kz/a/show/1004778743,350000,125,2026-08-23T14:31:25+00:00
1013260029,https://krisha.kz/a/show/1013260029,800000,125,2026-08-23T14:31:25+00:00
1014552776,https://krisha.kz/a/show/1014552776,450000,125,2026-08-23T14:31:25+00:00
1014936160,https://krisha.kz/a/show/1014936160,350000,125,2026-08-23T14:31:25+00:00
687700007,https://krisha.kz/a/show/687700007,500000,125,2026-08-23T14:31:25+00:00
1013793830,https://krisha.kz/a/show/1013793830,380000,125,2026-08-23T14:31:25+00:00
1014785381,https://krisha.kz/a/show/1014785381,300000,125,2026-08-23T14:31:25+00:00
1013820720,https://krisha.kz/a/show/1013820720,600000,125,2026-08-23T14:31:25+00:00
1014825507,https://krisha.kz/a/show/1014825507,330000,125,2026-08-23T14:31:25+00:00
1014618461,https://krisha.kz/a/show/1014618461,280000,125,2026-08-23T14:31:25+00:00
1014908746,https://krisha.kz/a/show/1014908746,550000,125,2026-08-23T14:31:25+00:00
1014526384,https://krisha.kz/a/show/1014526384,600000,125,2026-08-23T14:31:25+00:00
1014469942,https://krisha.kz/a/show/1014469942,800000,125,2026-08-23T14:31:25+00:00
694965533,https://krisha.kz/a/show/694965533,350000,125,2026-08-23T14:31:25+00:00
698047050,https://krisha.kz/a/show/698047050,550000,125,2026-08-23T14:31:25+00:00
682648314,https://krisha.kz/a/show/682648314,500000,125,2026-08-23T14:31:25+00:00
760750784,https://krisha.kz/a/show/760750784,600000,125,2026-08-23T14:31:25+00:00
681744689,https://krisha.kz/a/show/681744689,350000,125,2026-08-23T14:31:25+00:00
1009527791,https://krisha.kz/a/show/1009527791,300000,126,2026-08-23T14:31:29+00:00
1012814667,https://krisha.kz/a/show/1012814667,400000,126,2026-08-23T14:31:29+00:00
693482299,https://krisha.kz/a/show/693482299,800000,126,2026-08-23T14:31:29+00:00
1003804277,https://krisha.kz/a/show/1003804277,350000,126,2026-08-23T14:31:29+00:00
693084813,https://krisha.kz/a/show/693084813,350000,126,2026-08-23T14:31:29+00:00
1010564120,https://krisha.kz/a/show/1010564120,550000,126,2026-08-23T14:31:29+00:00
1012575099,https://krisha.kz/a/show/1012575099,800000,126,2026-08-23T14:31:29+00:00
1012189739,https://krisha.kz/a/show/1012189739,600000,126,2026-08-23T14:31:29+00:00
1012736646,https://krisha.kz/a/show/1012736646,1200000,126,2026-08-23T14:31:29+00:00
1012736182,https://krisha.kz/a/show/1012736182,650000,126,2026-08-23T14:31:29+00:00
1010392385,https://krisha.kz/a/show/1010392385,850000,126,2026-08-23T14:31:29+00:00
1010661126,https://krisha.kz/a/show/1010661126,650000,126,2026-08-23T14:31:29+00:00
1010202775,https://krisha.kz/a/show/1010202775,900000,126,2026-08-23T14:31:29+00:00
1010392327,https://krisha.kz/a/show/1010392327,900000,126,2026-08-23T14:31:29+00:00
696354509,https://krisha.kz/a/show/696354509,590000,126,2026-08-23T14:31:29+00:00
1007229281,https://krisha.kz/a/show/1007229281,800000,126,2026-08-23T14:31:29+00:00
1014737479,https://krisha.kz/a/show/1014737479,380000,126,2026-08-23T14:31:29+00:00
1014730178,https://krisha.kz/a/show/1014730178,290000,126,2026-08-23T14:31:29+00:00
679333926,https://krisha.kz/a/show/679333926,800000,126,2026-08-23T14:31:29+00:00
1014740457,https://krisha.kz/a/show/1014740457,350000,126,2026-08-23T14:31:29+00:00
1013725643,https://krisha.kz/a/show/1013725643,380000,127,2026-08-23T14:31:31+00:00
1013612901,https://krisha.kz/a/show/1013612901,330000,127,2026-08-23T14:31:31+00:00
1013719456,https://krisha.kz/a/show/1013719456,280000,127,2026-08-23T14:31:31+00:00
1014931158,https://krisha.kz/a/show/1014931158,2000000,127,2026-08-23T14:31:31+00:00
1002182609,https://krisha.kz/a/show/1002182609,420000,127,2026-08-23T14:31:31+00:00
1013944378,https://krisha.kz/a/show/1013944378,400000,127,2026-08-23T14:31:31+00:00
1014934061,https://krisha.kz/a/show/1014934061,250000,127,2026-08-23T14:31:31+00:00
1013776213,https://krisha.kz/a/show/1013776213,800000,127,2026-08-23T14:31:31+00:00
1014779844,https://krisha.kz/a/show/1014779844,500000,127,2026-08-23T14:31:31+00:00
1014912378,https://krisha.kz/a/show/1014912378,250000,127,2026-08-23T14:31:31+00:00
1014939141,https://krisha.kz/a/show/1014939141,600000,127,2026-08-23T14:31:31+00:00
1014938893,https://krisha.kz/a/show/1014938893,280000,127,2026-08-23T14:31:31+00:00
1014933615,https://krisha.kz/a/show/1014933615,330000,127,2026-08-23T14:31:31+00:00
1013786916,https://krisha.kz/a/show/1013786916,500000,127,2026-08-23T14:31:31+00:00
1010725306,https://krisha.kz/a/show/1010725306,280000,127,2026-08-23T14:31:31+00:00
1014771807,https://krisha.kz/a/show/1014771807,370000,127,2026-08-23T14:31:31+00:00
1014847673,https://krisha.kz/a/show/1014847673,400000,127,2026-08-23T14:31:31+00:00
1014577391,https://krisha.kz/a/show/1014577391,230000,127,2026-08-23T14:31:31+00:00
696070226,https://krisha.kz/a/show/696070226,230000,127,2026-08-23T14:31:31+00:00
1002153551,https://krisha.kz/a/show/1002153551,250000,127,2026-08-23T14:31:31+00:00
1014940138,https://krisha.kz/a/show/1014940138,350000,128,2026-08-23T14:31:34+00:00
1014939829,https://krisha.kz/a/show/1014939829,300000,128,2026-08-23T14:31:34+00:00
1014939981,https://krisha.kz/a/show/1014939981,250000,128,2026-08-23T14:31:34+00:00
1014939881,https://krisha.kz/a/show/1014939881,360000,128,2026-08-23T14:31:34+00:00
1014568131,https://krisha.kz/a/show/1014568131,350000,128,2026-08-23T14:31:34+00:00
1002812663,https://krisha.kz/a/show/1002812663,350000,128,2026-08-23T14:31:34+00:00
1014905710,https://krisha.kz/a/show/1014905710,400000,128,2026-08-23T14:31:34+00:00
1014905714,https://krisha.kz/a/show/1014905714,400000,128,2026-08-23T14:31:34+00:00
1014939489,https://krisha.kz/a/show/1014939489,380000,128,2026-08-23T14:31:34+00:00
685182600,https://krisha.kz/a/show/685182600,300000,128,2026-08-23T14:31:34+00:00
1014939154,https://krisha.kz/a/show/1014939154,280000,128,2026-08-23T14:31:34+00:00
760834626,https://krisha.kz/a/show/760834626,330000,128,2026-08-23T14:31:34+00:00
1005338350,https://krisha.kz/a/show/1005338350,400000,128,2026-08-23T14:31:34+00:00
1014938812,https://krisha.kz/a/show/1014938812,700000,128,2026-08-23T14:31:34+00:00
692126110,https://krisha.kz/a/show/692126110,300000,128,2026-08-23T14:31:34+00:00
1014938556,https://krisha.kz/a/show/1014938556,299000,128,2026-08-23T14:31:34+00:00
1005615368,https://krisha.kz/a/show/1005615368,650000,128,2026-08-23T14:31:34+00:00
1007996794,https://krisha.kz/a/show/1007996794,460000,128,2026-08-23T14:31:34+00:00
689976416,https://krisha.kz/a/show/689976416,550000,128,2026-08-23T14:31:34+00:00
1004159088,https://krisha.kz/a/show/1004159088,720000,128,2026-08-23T14:31:34+00:00
1013187795,https://krisha.kz/a/show/1013187795,400000,129,2026-08-23T14:31:38+00:00
697981787,https://krisha.kz/a/show/697981787,400000,129,2026-08-23T14:31:38+00:00
699888163,https://krisha.kz/a/show/699888163,600000,129,2026-08-23T14:31:38+00:00
1014937659,https://krisha.kz/a/show/1014937659,250000,129,2026-08-23T14:31:38+00:00
1011506936,https://krisha.kz/a/show/1011506936,400000,129,2026-08-23T14:31:38+00:00
1013704427,https://krisha.kz/a/show/1013704427,1800000,129,2026-08-23T14:31:38+00:00
1011226774,https://krisha.kz/a/show/1011226774,220000,129,2026-08-23T14:31:38+00:00
1013780712,https://krisha.kz/a/show/1013780712,600000,129,2026-08-23T14:31:38+00:00
1009088140,https://krisha.kz/a/show/1009088140,360000,129,2026-08-23T14:31:38+00:00
1004646775,https://krisha.kz/a/show/1004646775,850000,129,2026-08-23T14:31:38+00:00
1014937672,https://krisha.kz/a/show/1014937672,280000,129,2026-08-23T14:31:38+00:00
1014741922,https://krisha.kz/a/show/1014741922,280000,129,2026-08-23T14:31:38+00:00
1014114222,https://krisha.kz/a/show/1014114222,550000,129,2026-08-23T14:31:38+00:00
1012569795,https://krisha.kz/a/show/1012569795,400000,129,2026-08-23T14:31:38+00:00
1014936829,https://krisha.kz/a/show/1014936829,800000,129,2026-08-23T14:31:38+00:00
1005726652,https://krisha.kz/a/show/1005726652,270000,129,2026-08-23T14:31:38+00:00
696920292,https://krisha.kz/a/show/696920292,500000,129,2026-08-23T14:31:38+00:00
1012796952,https://krisha.kz/a/show/1012796952,350000,129,2026-08-23T14:31:38+00:00
1004255901,https://krisha.kz/a/show/1004255901,350000,129,2026-08-23T14:31:38+00:00
1014936477,https://krisha.kz/a/show/1014936477,220000,129,2026-08-23T14:31:38+00:00
1005110196,https://krisha.kz/a/show/1005110196,200000,130,2026-08-23T14:31:40+00:00
1008583093,https://krisha.kz/a/show/1008583093,320000,130,2026-08-23T14:31:40+00:00
1014932524,https://krisha.kz/a/show/1014932524,430000,130,2026-08-23T14:31:40+00:00
1014935974,https://krisha.kz/a/show/1014935974,200000,130,2026-08-23T14:31:40+00:00
1014935601,https://krisha.kz/a/show/1014935601,280000,130,2026-08-23T14:31:40+00:00
1014305620,https://krisha.kz/a/show/1014305620,270000,130,2026-08-23T14:31:40+00:00
1014541611,https://krisha.kz/a/show/1014541611,500000,130,2026-08-23T14:31:40+00:00
1013737651,https://krisha.kz/a/show/1013737651,1000000,130,2026-08-23T14:31:40+00:00
1014362855,https://krisha.kz/a/show/1014362855,350000,130,2026-08-23T14:31:40+00:00
1011752713,https://krisha.kz/a/show/1011752713,300000,130,2026-08-23T14:31:40+00:00
678415019,https://krisha.kz/a/show/678415019,900000,130,2026-08-23T14:31:40+00:00
692487734,https://krisha.kz/a/show/692487734,600000,130,2026-08-23T14:31:40+00:00
1006068081,https://krisha.kz/a/show/1006068081,220000,130,2026-08-23T14:31:40+00:00
696760552,https://krisha.kz/a/show/696760552,250000,130,2026-08-23T14:31:40+00:00
1011375493,https://krisha.kz/a/show/1011375493,350000,130,2026-08-23T14:31:40+00:00
23471286,https://krisha.kz/a/show/23471286,800000,130,2026-08-23T14:31:40+00:00
1014934964,https://krisha.kz/a/show/1014934964,230000,130,2026-08-23T14:31:40+00:00
1014934811,https://krisha.kz/a/show/1014934811,300000,130,2026-08-23T14:31:40+00:00
1014934817,https://krisha.kz/a/show/1014934817,200000,130,2026-08-23T14:31:40+00:00
1004676171,https://krisha.kz/a/show/1004676171,350000,130,2026-08-23T14:31:40+00:00
676200827,https://krisha.kz/a/show/676200827,499999,131,2026-08-23T14:31:43+00:00
1014340089,https://krisha.kz/a/show/1014340089,250000,131,2026-08-23T14:31:43+00:00
698441732,https://krisha.kz/a/show/698441732,290000,131,2026-08-23T14:31:43+00:00
1009787476,https://krisha.kz/a/show/1009787476,230000,131,2026-08-23T14:31:43+00:00
1005021883,https://krisha.kz/a/show/1005021883,250000,131,2026-08-23T14:31:43+00:00
1013870254,https://krisha.kz/a/show/1013870254,200000,131,2026-08-23T14:31:43+00:00
1004516570,https://krisha.kz/a/show/1004516570,230000,131,2026-08-23T14:31:43+00:00
1012493675,https://krisha.kz/a/show/1012493675,250000,131,2026-08-23T14:31:43+00:00
1014932701,https://krisha.kz/a/show/1014932701,250000,131,2026-08-23T14:31:43+00:00
1014933262,https://krisha.kz/a/show/1014933262,300000,131,2026-08-23T14:31:43+00:00
1013142347,https://krisha.kz/a/show/1013142347,400000,131,2026-08-23T14:31:43+00:00
1013968561,https://krisha.kz/a/show/1013968561,350000,131,2026-08-23T14:31:43+00:00
1001083865,https://krisha.kz/a/show/1001083865,300000,131,2026-08-23T14:31:43+00:00
675711287,https://krisha.kz/a/show/675711287,550000,131,2026-08-23T14:31:43+00:00
677336965,https://krisha.kz/a/show/677336965,450000,131,2026-08-23T14:31:43+00:00
681949670,https://krisha.kz/a/show/681949670,400000,131,2026-08-23T14:31:43+00:00
1014737132,https://krisha.kz/a/show/1014737132,800000,131,2026-08-23T14:31:43+00:00
1014503817,https://krisha.kz/a/show/1014503817,330000,131,2026-08-23T14:31:43+00:00
1003987657,https://krisha.kz/a/show/1003987657,400000,131,2026-08-23T14:31:43+00:00
1009418655,https://krisha.kz/a/show/1009418655,320000,131,2026-08-23T14:31:43+00:00
1014734344,https://krisha.kz/a/show/1014734344,300000,132,2026-08-23T14:31:47+00:00
1014930827,https://krisha.kz/a/show/1014930827,1700000,132,2026-08-23T14:31:47+00:00
1014194035,https://krisha.kz/a/show/1014194035,600000,132,2026-08-23T14:31:47+00:00
1014930527,https://krisha.kz/a/show/1014930527,250000,132,2026-08-23T14:31:47+00:00
1009445183,https://krisha.kz/a/show/1009445183,450000,132,2026-08-23T14:31:47+00:00
1009956852,https://krisha.kz/a/show/1009956852,300000,132,2026-08-23T14:31:47+00:00
1014930108,https://krisha.kz/a/show/1014930108,400000,132,2026-08-23T14:31:47+00:00
677987701,https://krisha.kz/a/show/677987701,270000,132,2026-08-23T14:31:47+00:00
1014930384,https://krisha.kz/a/show/1014930384,500000,132,2026-08-23T14:31:47+00:00
1012810168,https://krisha.kz/a/show/1012810168,450000,132,2026-08-23T14:31:47+00:00
1013590489,https://krisha.kz/a/show/1013590489,210000,132,2026-08-23T14:31:47+00:00
1014929708,https://krisha.kz/a/show/1014929708,230000,132,2026-08-23T14:31:47+00:00
1014734595,https://krisha.kz/a/show/1014734595,250000,132,2026-08-23T14:31:47+00:00
1012587909,https://krisha.kz/a/show/1012587909,1300000,132,2026-08-23T14:31:47+00:00
1011169704,https://krisha.kz/a/show/1011169704,350000,132,2026-08-23T14:31:47+00:00
1014929284,https://krisha.kz/a/show/1014929284,500000,132,2026-08-23T14:31:47+00:00
1003328315,https://krisha.kz/a/show/1003328315,260000,132,2026-08-23T14:31:47+00:00
1014925305,https://krisha.kz/a/show/1014925305,450000,132,2026-08-23T14:31:47+00:00
1014733659,https://krisha.kz/a/show/1014733659,450000,132,2026-08-23T14:31:47+00:00
1014674241,https://krisha.kz/a/show/1014674241,700000,132,2026-08-23T14:31:47+00:00
1009100281,https://krisha.kz/a/show/1009100281,400000,133,2026-08-23T14:31:51+00:00
1011480400,https://krisha.kz/a/show/1011480400,500000,133,2026-08-23T14:31:51+00:00
1007676189,https://krisha.kz/a/show/1007676189,500000,133,2026-08-23T14:31:51+00:00
688591271,https://krisha.kz/a/show/688591271,270000,133,2026-08-23T14:31:51+00:00
1014745147,https://krisha.kz/a/show/1014745147,240000,133,2026-08-23T14:31:51+00:00
671272986,https://krisha.kz/a/show/671272986,350000,133,2026-08-23T14:31:51+00:00
1003271924,https://krisha.kz/a/show/1003271924,600000,133,2026-08-23T14:31:51+00:00
1007682192,https://krisha.kz/a/show/1007682192,350000,133,2026-08-23T14:31:51+00:00
1003840387,https://krisha.kz/a/show/1003840387,230000,133,2026-08-23T14:31:51+00:00
697891550,https://krisha.kz/a/show/697891550,1500000,133,2026-08-23T14:31:51+00:00
1004872235,https://krisha.kz/a/show/1004872235,250000,133,2026-08-23T14:31:51+00:00
1007980666,https://krisha.kz/a/show/1007980666,250000,133,2026-08-23T14:31:51+00:00
1014389797,https://krisha.kz/a/show/1014389797,350000,133,2026-08-23T14:31:51+00:00
1008823843,https://krisha.kz/a/show/1008823843,500000,133,2026-08-23T14:31:51+00:00
1013866968,https://krisha.kz/a/show/1013866968,380000,133,2026-08-23T14:31:51+00:00
687541819,https://krisha.kz/a/show/687541819,270000,133,2026-08-23T14:31:51+00:00
1014926640,https://krisha.kz/a/show/1014926640,350000,133,2026-08-23T14:31:51+00:00
694525644,https://krisha.kz/a/show/694525644,270000,133,2026-08-23T14:31:51+00:00
1014731510,https://krisha.kz/a/show/1014731510,275000,133,2026-08-23T14:31:51+00:00
1002115991,https://krisha.kz/a/show/1002115991,380000,133,2026-08-23T14:31:51+00:00
694421001,https://krisha.kz/a/show/694421001,170000,134,2026-08-23T14:31:54+00:00
1013784244,https://krisha.kz/a/show/1013784244,250000,134,2026-08-23T14:31:54+00:00
1010338958,https://krisha.kz/a/show/1010338958,350000,134,2026-08-23T14:31:54+00:00
1014710321,https://krisha.kz/a/show/1014710321,290000,134,2026-08-23T14:31:54+00:00
761158601,https://krisha.kz/a/show/761158601,550000,134,2026-08-23T14:31:54+00:00
1013380422,https://krisha.kz/a/show/1013380422,260000,134,2026-08-23T14:31:54+00:00
1014925645,https://krisha.kz/a/show/1014925645,270000,134,2026-08-23T14:31:54+00:00
1006029868,https://krisha.kz/a/show/1006029868,190000,134,2026-08-23T14:31:54+00:00
1014597869,https://krisha.kz/a/show/1014597869,270000,134,2026-08-23T14:31:54+00:00
1014726949,https://krisha.kz/a/show/1014726949,270000,134,2026-08-23T14:31:54+00:00
1006207106,https://krisha.kz/a/show/1006207106,360000,134,2026-08-23T14:31:54+00:00
1013592411,https://krisha.kz/a/show/1013592411,550000,134,2026-08-23T14:31:54+00:00
1014727139,https://krisha.kz/a/show/1014727139,260000,134,2026-08-23T14:31:54+00:00
1010853706,https://krisha.kz/a/show/1010853706,300000,134,2026-08-23T14:31:54+00:00
762224948,https://krisha.kz/a/show/762224948,330000,134,2026-08-23T14:31:54+00:00
1014538693,https://krisha.kz/a/show/1014538693,270000,134,2026-08-23T14:31:54+00:00
760300660,https://krisha.kz/a/show/760300660,400000,134,2026-08-23T14:31:54+00:00
1004555953,https://krisha.kz/a/show/1004555953,330000,134,2026-08-23T14:31:54+00:00
1014924913,https://krisha.kz/a/show/1014924913,350000,134,2026-08-23T14:31:54+00:00
1002759046,https://krisha.kz/a/show/1002759046,450000,134,2026-08-23T14:31:54+00:00
1014924791,https://krisha.kz/a/show/1014924791,330000,135,2026-08-23T14:31:58+00:00
1003776936,https://krisha.kz/a/show/1003776936,250000,135,2026-08-23T14:31:58+00:00
1011578808,https://krisha.kz/a/show/1011578808,250000,135,2026-08-23T14:31:58+00:00
1014851685,https://krisha.kz/a/show/1014851685,600000,135,2026-08-23T14:31:58+00:00
1008779414,https://krisha.kz/a/show/1008779414,1700000,135,2026-08-23T14:31:58+00:00
1005231171,https://krisha.kz/a/show/1005231171,300000,135,2026-08-23T14:31:58+00:00
1006402178,https://krisha.kz/a/show/1006402178,200000,135,2026-08-23T14:31:58+00:00
1014393981,https://krisha.kz/a/show/1014393981,400000,135,2026-08-23T14:31:58+00:00
1014061319,https://krisha.kz/a/show/1014061319,1000000,135,2026-08-23T14:31:58+00:00
1014921798,https://krisha.kz/a/show/1014921798,300000,135,2026-08-23T14:31:58+00:00
1013630074,https://krisha.kz/a/show/1013630074,1000000,135,2026-08-23T14:31:58+00:00
1000441386,https://krisha.kz/a/show/1000441386,300000,135,2026-08-23T14:31:58+00:00
1014868908,https://krisha.kz/a/show/1014868908,350000,135,2026-08-23T14:31:58+00:00
1013252313,https://krisha.kz/a/show/1013252313,1000000,135,2026-08-23T14:31:58+00:00
1014922394,https://krisha.kz/a/show/1014922394,500000,135,2026-08-23T14:31:58+00:00
1014727340,https://krisha.kz/a/show/1014727340,350000,135,2026-08-23T14:31:58+00:00
1014101593,https://krisha.kz/a/show/1014101593,400000,135,2026-08-23T14:31:58+00:00
1014531272,https://krisha.kz/a/show/1014531272,300000,135,2026-08-23T14:31:58+00:00
1014922227,https://krisha.kz/a/show/1014922227,400000,135,2026-08-23T14:31:58+00:00
1014921133,https://krisha.kz/a/show/1014921133,400000,135,2026-08-23T14:31:58+00:00
1003242146,https://krisha.kz/a/show/1003242146,300000,136,2026-08-23T14:32:01+00:00
698635139,https://krisha.kz/a/show/698635139,1500000,136,2026-08-23T14:32:01+00:00
1014530973,https://krisha.kz/a/show/1014530973,450000,136,2026-08-23T14:32:01+00:00
1014922027,https://krisha.kz/a/show/1014922027,130000,136,2026-08-23T14:32:01+00:00
1014028410,https://krisha.kz/a/show/1014028410,1500000,136,2026-08-23T14:32:01+00:00
1014922020,https://krisha.kz/a/show/1014922020,400000,136,2026-08-23T14:32:01+00:00
1013887898,https://krisha.kz/a/show/1013887898,1200000,136,2026-08-23T14:32:01+00:00
1006824233,https://krisha.kz/a/show/1006824233,900000,136,2026-08-23T14:32:01+00:00
1014344094,https://krisha.kz/a/show/1014344094,2000000,136,2026-08-23T14:32:01+00:00
1014329341,https://krisha.kz/a/show/1014329341,2000000,136,2026-08-23T14:32:01+00:00
1007078815,https://krisha.kz/a/show/1007078815,1300000,136,2026-08-23T14:32:01+00:00
1011400325,https://krisha.kz/a/show/1011400325,2600000,136,2026-08-23T14:32:01+00:00
1014921695,https://krisha.kz/a/show/1014921695,300000,136,2026-08-23T14:32:01+00:00
1014921210,https://krisha.kz/a/show/1014921210,220000,136,2026-08-23T14:32:01+00:00
1012148555,https://krisha.kz/a/show/1012148555,420000,136,2026-08-23T14:32:01+00:00
1014921302,https://krisha.kz/a/show/1014921302,250000,136,2026-08-23T14:32:01+00:00
1014921419,https://krisha.kz/a/show/1014921419,400000,136,2026-08-23T14:32:01+00:00
690469331,https://krisha.kz/a/show/690469331,240000,136,2026-08-23T14:32:01+00:00
1012121991,https://krisha.kz/a/show/1012121991,350000,136,2026-08-23T14:32:01+00:00
1014327124,https://krisha.kz/a/show/1014327124,350000,136,2026-08-23T14:32:01+00:00
1014921397,https://krisha.kz/a/show/1014921397,320000,137,2026-08-23T14:32:04+00:00
1014911434,https://krisha.kz/a/show/1014911434,220000,137,2026-08-23T14:32:04+00:00
1006892660,https://krisha.kz/a/show/1006892660,280000,137,2026-08-23T14:32:04+00:00
1012129107,https://krisha.kz/a/show/1012129107,280000,137,2026-08-23T14:32:04+00:00
1014697472,https://krisha.kz/a/show/1014697472,400000,137,2026-08-23T14:32:04+00:00
1014363742,https://krisha.kz/a/show/1014363742,2000000,137,2026-08-23T14:32:04+00:00
1014730698,https://krisha.kz/a/show/1014730698,270000,137,2026-08-23T14:32:04+00:00
1014911146,https://krisha.kz/a/show/1014911146,1600000,137,2026-08-23T14:32:04+00:00
690239267,https://krisha.kz/a/show/690239267,300000,137,2026-08-23T14:32:04+00:00
693571303,https://krisha.kz/a/show/693571303,300000,137,2026-08-23T14:32:04+00:00
1014915112,https://krisha.kz/a/show/1014915112,320000,137,2026-08-23T14:32:04+00:00
1014920382,https://krisha.kz/a/show/1014920382,160000,137,2026-08-23T14:32:04+00:00
1003741193,https://krisha.kz/a/show/1003741193,200000,137,2026-08-23T14:32:04+00:00
1013575540,https://krisha.kz/a/show/1013575540,600000,137,2026-08-23T14:32:04+00:00
760450750,https://krisha.kz/a/show/760450750,250000,137,2026-08-23T14:32:04+00:00
1014920097,https://krisha.kz/a/show/1014920097,350000,137,2026-08-23T14:32:04+00:00
1014722353,https://krisha.kz/a/show/1014722353,270000,137,2026-08-23T14:32:04+00:00
1010047174,https://krisha.kz/a/show/1010047174,450000,137,2026-08-23T14:32:04+00:00
1001659395,https://krisha.kz/a/show/1001659395,900000,137,2026-08-23T14:32:04+00:00
1013694844,https://krisha.kz/a/show/1013694844,200000,137,2026-08-23T14:32:04+00:00
1013650948,https://krisha.kz/a/show/1013650948,700000,138,2026-08-23T14:32:06+00:00
1014753016,https://krisha.kz/a/show/1014753016,250000,138,2026-08-23T14:32:06+00:00
1014919207,https://krisha.kz/a/show/1014919207,255000,138,2026-08-23T14:32:06+00:00
1013459767,https://krisha.kz/a/show/1013459767,500000,138,2026-08-23T14:32:06+00:00
1012532119,https://krisha.kz/a/show/1012532119,550000,138,2026-08-23T14:32:06+00:00
1013553473,https://krisha.kz/a/show/1013553473,550000,138,2026-08-23T14:32:06+00:00
1000670541,https://krisha.kz/a/show/1000670541,1000000,138,2026-08-23T14:32:06+00:00
1013373130,https://krisha.kz/a/show/1013373130,600000,138,2026-08-23T14:32:06+00:00
1012531419,https://krisha.kz/a/show/1012531419,400000,138,2026-08-23T14:32:06+00:00
1008538140,https://krisha.kz/a/show/1008538140,900000,138,2026-08-23T14:32:06+00:00
1012532372,https://krisha.kz/a/show/1012532372,850000,138,2026-08-23T14:32:06+00:00
1013532855,https://krisha.kz/a/show/1013532855,1200000,138,2026-08-23T14:32:06+00:00
1008532966,https://krisha.kz/a/show/1008532966,400000,138,2026-08-23T14:32:06+00:00
1011253089,https://krisha.kz/a/show/1011253089,1200000,138,2026-08-23T14:32:06+00:00
1010744870,https://krisha.kz/a/show/1010744870,750000,138,2026-08-23T14:32:06+00:00
1010679856,https://krisha.kz/a/show/1010679856,500000,138,2026-08-23T14:32:06+00:00
1010695748,https://krisha.kz/a/show/1010695748,750000,138,2026-08-23T14:32:06+00:00
1011510783,https://krisha.kz/a/show/1011510783,1500000,138,2026-08-23T14:32:06+00:00
1011513589,https://krisha.kz/a/show/1011513589,2500000,138,2026-08-23T14:32:06+00:00
1010699609,https://krisha.kz/a/show/1010699609,500000,138,2026-08-23T14:32:06+00:00
1011254826,https://krisha.kz/a/show/1011254826,380000,139,2026-08-23T14:32:09+00:00
1014724608,https://krisha.kz/a/show/1014724608,550000,139,2026-08-23T14:32:09+00:00
1011253136,https://krisha.kz/a/show/1011253136,400000,139,2026-08-23T14:32:09+00:00
1012256413,https://krisha.kz/a/show/1012256413,300000,139,2026-08-23T14:32:09+00:00
1011227413,https://krisha.kz/a/show/1011227413,350000,139,2026-08-23T14:32:09+00:00
1010680285,https://krisha.kz/a/show/1010680285,800000,139,2026-08-23T14:32:09+00:00
1011125957,https://krisha.kz/a/show/1011125957,700000,139,2026-08-23T14:32:09+00:00
1014918888,https://krisha.kz/a/show/1014918888,280000,139,2026-08-23T14:32:09+00:00
1009462581,https://krisha.kz/a/show/1009462581,280000,139,2026-08-23T14:32:09+00:00
688858216,https://krisha.kz/a/show/688858216,500000,139,2026-08-23T14:32:09+00:00
675838299,https://krisha.kz/a/show/675838299,220000,139,2026-08-23T14:32:09+00:00
1014295640,https://krisha.kz/a/show/1014295640,450000,139,2026-08-23T14:32:09+00:00
679040922,https://krisha.kz/a/show/679040922,200000,139,2026-08-23T14:32:09+00:00
1013615118,https://krisha.kz/a/show/1013615118,350000,139,2026-08-23T14:32:09+00:00
695920007,https://krisha.kz/a/show/695920007,225000,139,2026-08-23T14:32:09+00:00
696944995,https://krisha.kz/a/show/696944995,550000,139,2026-08-23T14:32:09+00:00
693466072,https://krisha.kz/a/show/693466072,450000,139,2026-08-23T14:32:09+00:00
1011101177,https://krisha.kz/a/show/1011101177,250000,139,2026-08-23T14:32:09+00:00
1014723418,https://krisha.kz/a/show/1014723418,350000,139,2026-08-23T14:32:09+00:00
683358555,https://krisha.kz/a/show/683358555,300000,139,2026-08-23T14:32:09+00:00
1014723358,https://krisha.kz/a/show/1014723358,500000,140,2026-08-23T14:32:13+00:00
682108166,https://krisha.kz/a/show/682108166,360000,140,2026-08-23T14:32:13+00:00
697604146,https://krisha.kz/a/show/697604146,350000,140,2026-08-23T14:32:13+00:00
1014812602,https://krisha.kz/a/show/1014812602,250000,140,2026-08-23T14:32:13+00:00
689399711,https://krisha.kz/a/show/689399711,270000,140,2026-08-23T14:32:13+00:00
691151805,https://krisha.kz/a/show/691151805,270000,140,2026-08-23T14:32:13+00:00
1014916443,https://krisha.kz/a/show/1014916443,330000,140,2026-08-23T14:32:13+00:00
1014321598,https://krisha.kz/a/show/1014321598,300000,140,2026-08-23T14:32:13+00:00
1006350531,https://krisha.kz/a/show/1006350531,380000,140,2026-08-23T14:32:13+00:00
697070410,https://krisha.kz/a/show/697070410,500000,140,2026-08-23T14:32:13+00:00
761087659,https://krisha.kz/a/show/761087659,250000,140,2026-08-23T14:32:13+00:00
1011796694,https://krisha.kz/a/show/1011796694,350000,140,2026-08-23T14:32:13+00:00
1008945947,https://krisha.kz/a/show/1008945947,370000,140,2026-08-23T14:32:13+00:00
1004814449,https://krisha.kz/a/show/1004814449,320000,140,2026-08-23T14:32:13+00:00
699095078,https://krisha.kz/a/show/699095078,220000,140,2026-08-23T14:32:13+00:00
1003458226,https://krisha.kz/a/show/1003458226,350000,140,2026-08-23T14:32:13+00:00
1013903386,https://krisha.kz/a/show/1013903386,220000,140,2026-08-23T14:32:13+00:00
1010242627,https://krisha.kz/a/show/1010242627,450000,140,2026-08-23T14:32:13+00:00
698157004,https://krisha.kz/a/show/698157004,500000,140,2026-08-23T14:32:13+00:00
1003218731,https://krisha.kz/a/show/1003218731,270000,140,2026-08-23T14:32:13+00:00
1014748162,https://krisha.kz/a/show/1014748162,350000,141,2026-08-23T14:32:17+00:00
1014914805,https://krisha.kz/a/show/1014914805,280000,141,2026-08-23T14:32:17+00:00
1014914735,https://krisha.kz/a/show/1014914735,300000,141,2026-08-23T14:32:17+00:00
1014586107,https://krisha.kz/a/show/1014586107,799000,141,2026-08-23T14:32:17+00:00
1014612498,https://krisha.kz/a/show/1014612498,220000,141,2026-08-23T14:32:17+00:00
1014914015,https://krisha.kz/a/show/1014914015,450000,141,2026-08-23T14:32:17+00:00
699257996,https://krisha.kz/a/show/699257996,260000,141,2026-08-23T14:32:17+00:00
1012870942,https://krisha.kz/a/show/1012870942,460000,141,2026-08-23T14:32:17+00:00
679467662,https://krisha.kz/a/show/679467662,350000,141,2026-08-23T14:32:17+00:00
1014770766,https://krisha.kz/a/show/1014770766,290000,141,2026-08-23T14:32:17+00:00
1007663008,https://krisha.kz/a/show/1007663008,400000,141,2026-08-23T14:32:17+00:00
1014913043,https://krisha.kz/a/show/1014913043,200000,141,2026-08-23T14:32:17+00:00
1013885778,https://krisha.kz/a/show/1013885778,220000,141,2026-08-23T14:32:17+00:00
699581370,https://krisha.kz/a/show/699581370,350000,141,2026-08-23T14:32:17+00:00
682808336,https://krisha.kz/a/show/682808336,650000,141,2026-08-23T14:32:17+00:00
1014912134,https://krisha.kz/a/show/1014912134,380000,141,2026-08-23T14:32:17+00:00
1003409420,https://krisha.kz/a/show/1003409420,400000,141,2026-08-23T14:32:17+00:00
1000333263,https://krisha.kz/a/show/1000333263,690000,141,2026-08-23T14:32:17+00:00
1008541890,https://krisha.kz/a/show/1008541890,300000,141,2026-08-23T14:32:17+00:00
1004543107,https://krisha.kz/a/show/1004543107,250000,141,2026-08-23T14:32:17+00:00
690331880,https://krisha.kz/a/show/690331880,300000,142,2026-08-23T14:32:20+00:00
1014654583,https://krisha.kz/a/show/1014654583,350000,142,2026-08-23T14:32:20+00:00
1014717026,https://krisha.kz/a/show/1014717026,1200000,142,2026-08-23T14:32:20+00:00
1009152053,https://krisha.kz/a/show/1009152053,300000,142,2026-08-23T14:32:20+00:00
1005213532,https://krisha.kz/a/show/1005213532,290000,142,2026-08-23T14:32:20+00:00
1009017492,https://krisha.kz/a/show/1009017492,400000,142,2026-08-23T14:32:20+00:00
1014497929,https://krisha.kz/a/show/1014497929,270000,142,2026-08-23T14:32:20+00:00
699257480,https://krisha.kz/a/show/699257480,300000,142,2026-08-23T14:32:20+00:00
1013792711,https://krisha.kz/a/show/1013792711,1800000,142,2026-08-23T14:32:20+00:00
1014909561,https://krisha.kz/a/show/1014909561,220000,142,2026-08-23T14:32:20+00:00
692620692,https://krisha.kz/a/show/692620692,190000,142,2026-08-23T14:32:20+00:00
1014902610,https://krisha.kz/a/show/1014902610,300000,142,2026-08-23T14:32:20+00:00
1012108448,https://krisha.kz/a/show/1012108448,250000,142,2026-08-23T14:32:20+00:00
1014909322,https://krisha.kz/a/show/1014909322,350000,142,2026-08-23T14:32:20+00:00
695177803,https://krisha.kz/a/show/695177803,400000,142,2026-08-23T14:32:20+00:00
1004985520,https://krisha.kz/a/show/1004985520,1500000,142,2026-08-23T14:32:20+00:00
1014740009,https://krisha.kz/a/show/1014740009,270000,142,2026-08-23T14:32:20+00:00
686008166,https://krisha.kz/a/show/686008166,450000,142,2026-08-23T14:32:20+00:00
1002797584,https://krisha.kz/a/show/1002797584,360000,142,2026-08-23T14:32:20+00:00
1014324473,https://krisha.kz/a/show/1014324473,400000,142,2026-08-23T14:32:20+00:00
1007317738,https://krisha.kz/a/show/1007317738,500000,143,2026-08-23T14:32:24+00:00
1005307811,https://krisha.kz/a/show/1005307811,270000,143,2026-08-23T14:32:24+00:00
1014908237,https://krisha.kz/a/show/1014908237,250000,143,2026-08-23T14:32:24+00:00
1013213606,https://krisha.kz/a/show/1013213606,750000,143,2026-08-23T14:32:24+00:00
680495322,https://krisha.kz/a/show/680495322,450000,143,2026-08-23T14:32:24+00:00
1014310743,https://krisha.kz/a/show/1014310743,350000,143,2026-08-23T14:32:24+00:00
1014305588,https://krisha.kz/a/show/1014305588,700000,143,2026-08-23T14:32:24+00:00
762339260,https://krisha.kz/a/show/762339260,350000,143,2026-08-23T14:32:24+00:00
690051434,https://krisha.kz/a/show/690051434,350000,143,2026-08-23T14:32:24+00:00
1006290892,https://krisha.kz/a/show/1006290892,650000,143,2026-08-23T14:32:24+00:00
1014501863,https://krisha.kz/a/show/1014501863,500000,143,2026-08-23T14:32:24+00:00
1014516562,https://krisha.kz/a/show/1014516562,350000,143,2026-08-23T14:32:24+00:00
699590407,https://krisha.kz/a/show/699590407,550000,143,2026-08-23T14:32:24+00:00
693581346,https://krisha.kz/a/show/693581346,400000,143,2026-08-23T14:32:24+00:00
1014503782,https://krisha.kz/a/show/1014503782,360000,143,2026-08-23T14:32:24+00:00
1014488475,https://krisha.kz/a/show/1014488475,300000,143,2026-08-23T14:32:24+00:00
1014700468,https://krisha.kz/a/show/1014700468,220000,143,2026-08-23T14:32:24+00:00
1014066298,https://krisha.kz/a/show/1014066298,300000,143,2026-08-23T14:32:24+00:00
689788832,https://krisha.kz/a/show/689788832,200000,143,2026-08-23T14:32:24+00:00
1006175703,https://krisha.kz/a/show/1006175703,450000,143,2026-08-23T14:32:24+00:00
1014474096,https://krisha.kz/a/show/1014474096,400000,144,2026-08-23T14:32:27+00:00
1013961049,https://krisha.kz/a/show/1013961049,550000,144,2026-08-23T14:32:27+00:00
1014342504,https://krisha.kz/a/show/1014342504,290000,144,2026-08-23T14:32:27+00:00
691139888,https://krisha.kz/a/show/691139888,600000,144,2026-08-23T14:32:27+00:00
1014686524,https://krisha.kz/a/show/1014686524,1200000,144,2026-08-23T14:32:27+00:00
1014497144,https://krisha.kz/a/show/1014497144,450000,144,2026-08-23T14:32:27+00:00
1014681875,https://krisha.kz/a/show/1014681875,250000,144,2026-08-23T14:32:27+00:00
1014906772,https://krisha.kz/a/show/1014906772,250000,144,2026-08-23T14:32:27+00:00
695065496,https://krisha.kz/a/show/695065496,1000000,144,2026-08-23T14:32:27+00:00
693778579,https://krisha.kz/a/show/693778579,700000,144,2026-08-23T14:32:27+00:00
697201930,https://krisha.kz/a/show/697201930,700000,144,2026-08-23T14:32:27+00:00
696998133,https://krisha.kz/a/show/696998133,700000,144,2026-08-23T14:32:27+00:00
693860528,https://krisha.kz/a/show/693860528,600000,144,2026-08-23T14:32:27+00:00
697032221,https://krisha.kz/a/show/697032221,800000,144,2026-08-23T14:32:27+00:00
694776107,https://krisha.kz/a/show/694776107,600000,144,2026-08-23T14:32:27+00:00
1013273483,https://krisha.kz/a/show/1013273483,260000,144,2026-08-23T14:32:27+00:00
1014689406,https://krisha.kz/a/show/1014689406,650000,144,2026-08-23T14:32:27+00:00
760729377,https://krisha.kz/a/show/760729377,750000,144,2026-08-23T14:32:27+00:00
1014706267,https://krisha.kz/a/show/1014706267,600000,144,2026-08-23T14:32:27+00:00
1014377824,https://krisha.kz/a/show/1014377824,800000,144,2026-08-23T14:32:27+00:00
1014886149,https://krisha.kz/a/show/1014886149,350000,145,2026-08-23T14:32:31+00:00
1014792050,https://krisha.kz/a/show/1014792050,660000,145,2026-08-23T14:32:31+00:00
1014868633,https://krisha.kz/a/show/1014868633,250000,145,2026-08-23T14:32:31+00:00
1014869019,https://krisha.kz/a/show/1014869019,250000,145,2026-08-23T14:32:31+00:00
1003272554,https://krisha.kz/a/show/1003272554,400000,145,2026-08-23T14:32:31+00:00
692855450,https://krisha.kz/a/show/692855450,300000,145,2026-08-23T14:32:31+00:00
1003263372,https://krisha.kz/a/show/1003263372,400000,145,2026-08-23T14:32:31+00:00
681998725,https://krisha.kz/a/show/681998725,300000,145,2026-08-23T14:32:31+00:00
1003298764,https://krisha.kz/a/show/1003298764,350000,145,2026-08-23T14:32:31+00:00
1014552941,https://krisha.kz/a/show/1014552941,3500000,145,2026-08-23T14:32:31+00:00
1014494998,https://krisha.kz/a/show/1014494998,250000,145,2026-08-23T14:32:31+00:00
1014863954,https://krisha.kz/a/show/1014863954,240000,145,2026-08-23T14:32:31+00:00
1014899563,https://krisha.kz/a/show/1014899563,320000,145,2026-08-23T14:32:31+00:00
1014705983,https://krisha.kz/a/show/1014705983,600000,145,2026-08-23T14:32:31+00:00
1013917935,https://krisha.kz/a/show/1013917935,900000,145,2026-08-23T14:32:31+00:00
1014872847,https://krisha.kz/a/show/1014872847,280000,145,2026-08-23T14:32:31+00:00
1013961848,https://krisha.kz/a/show/1013961848,1400000,145,2026-08-23T14:32:31+00:00
1014749935,https://krisha.kz/a/show/1014749935,600000,145,2026-08-23T14:32:31+00:00
1012389814,https://krisha.kz/a/show/1012389814,2000000,145,2026-08-23T14:32:31+00:00
1014904153,https://krisha.kz/a/show/1014904153,250000,145,2026-08-23T14:32:31+00:00
688999595,https://krisha.kz/a/show/688999595,450000,146,2026-08-23T14:32:33+00:00
1014889026,https://krisha.kz/a/show/1014889026,250000,146,2026-08-23T14:32:33+00:00
1014901507,https://krisha.kz/a/show/1014901507,400000,146,2026-08-23T14:32:33+00:00
1014903791,https://krisha.kz/a/show/1014903791,290000,146,2026-08-23T14:32:33+00:00
1014895501,https://krisha.kz/a/show/1014895501,350000,146,2026-08-23T14:32:33+00:00
1014836705,https://krisha.kz/a/show/1014836705,250000,146,2026-08-23T14:32:33+00:00
1014877514,https://krisha.kz/a/show/1014877514,300000,146,2026-08-23T14:32:33+00:00
1006451514,https://krisha.kz/a/show/1006451514,300000,146,2026-08-23T14:32:33+00:00
1013896307,https://krisha.kz/a/show/1013896307,2200000,146,2026-08-23T14:32:33+00:00
1014595301,https://krisha.kz/a/show/1014595301,400000,146,2026-08-23T14:32:33+00:00
1012248909,https://krisha.kz/a/show/1012248909,300000,146,2026-08-23T14:32:33+00:00
1014668791,https://krisha.kz/a/show/1014668791,700000,146,2026-08-23T14:32:33+00:00
1009856712,https://krisha.kz/a/show/1009856712,240000,146,2026-08-23T14:32:33+00:00
1014646055,https://krisha.kz/a/show/1014646055,450000,146,2026-08-23T14:32:33+00:00
1014862555,https://krisha.kz/a/show/1014862555,300000,146,2026-08-23T14:32:33+00:00
1014879806,https://krisha.kz/a/show/1014879806,200000,146,2026-08-23T14:32:33+00:00
1014603430,https://krisha.kz/a/show/1014603430,1600000,146,2026-08-23T14:32:33+00:00
1014490029,https://krisha.kz/a/show/1014490029,2500000,146,2026-08-23T14:32:33+00:00
692012104,https://krisha.kz/a/show/692012104,550000,146,2026-08-23T14:32:33+00:00
1014896384,https://krisha.kz/a/show/1014896384,400000,147,2026-08-23T14:32:36+00:00
1012180046,https://krisha.kz/a/show/1012180046,700000,147,2026-08-23T14:32:36+00:00
1014185130,https://krisha.kz/a/show/1014185130,550000,147,2026-08-23T14:32:36+00:00
1014251749,https://krisha.kz/a/show/1014251749,600000,147,2026-08-23T14:32:36+00:00
697454664,https://krisha.kz/a/show/697454664,450000,147,2026-08-23T14:32:36+00:00
1009933542,https://krisha.kz/a/show/1009933542,370000,147,2026-08-23T14:32:36+00:00
1014894119,https://krisha.kz/a/show/1014894119,350000,147,2026-08-23T14:32:36+00:00
1014792015,https://krisha.kz/a/show/1014792015,250000,147,2026-08-23T14:32:36+00:00
1011324942,https://krisha.kz/a/show/1011324942,600000,147,2026-08-23T14:32:36+00:00
1013938943,https://krisha.kz/a/show/1013938943,1000000,147,2026-08-23T14:32:36+00:00
762000387,https://krisha.kz/a/show/762000387,300000,147,2026-08-23T14:32:36+00:00
1014905915,https://krisha.kz/a/show/1014905915,350000,147,2026-08-23T14:32:36+00:00
1011779202,https://krisha.kz/a/show/1011779202,1700000,147,2026-08-23T14:32:36+00:00
1014103218,https://krisha.kz/a/show/1014103218,1000000,147,2026-08-23T14:32:36+00:00
1014861485,https://krisha.kz/a/show/1014861485,280000,147,2026-08-23T14:32:36+00:00
1014790606,https://krisha.kz/a/show/1014790606,350000,147,2026-08-23T14:32:36+00:00
688799244,https://krisha.kz/a/show/688799244,170000,147,2026-08-23T14:32:36+00:00
1009870016,https://krisha.kz/a/show/1009870016,250000,147,2026-08-23T14:32:36+00:00
1013918203,https://krisha.kz/a/show/1013918203,700000,147,2026-08-23T14:32:36+00:00
1014859626,https://krisha.kz/a/show/1014859626,250000,147,2026-08-23T14:32:36+00:00
1014176347,https://krisha.kz/a/show/1014176347,1000000,148,2026-08-23T14:32:38+00:00
1014815841,https://krisha.kz/a/show/1014815841,290000,149,2026-08-23T14:32:41+00:00
1014887108,https://krisha.kz/a/show/1014887108,350000,149,2026-08-23T14:32:41+00:00
1014888884,https://krisha.kz/a/show/1014888884,400000,149,2026-08-23T14:32:41+00:00
1014760883,https://krisha.kz/a/show/1014760883,390000,148,2026-08-23T14:32:38+00:00
1014293289,https://krisha.kz/a/show/1014293289,500000,148,2026-08-23T14:32:38+00:00
1004182519,https://krisha.kz/a/show/1004182519,400000,148,2026-08-23T14:32:38+00:00
681743917,https://krisha.kz/a/show/681743917,350000,148,2026-08-23T14:32:38+00:00
1003264087,https://krisha.kz/a/show/1003264087,600000,148,2026-08-23T14:32:38+00:00
1011958429,https://krisha.kz/a/show/1011958429,700000,148,2026-08-23T14:32:38+00:00
686118229,https://krisha.kz/a/show/686118229,600000,148,2026-08-23T14:32:38+00:00
1005816924,https://krisha.kz/a/show/1005816924,800000,148,2026-08-23T14:32:38+00:00
1003262582,https://krisha.kz/a/show/1003262582,350000,148,2026-08-23T14:32:38+00:00
1003772115,https://krisha.kz/a/show/1003772115,350000,148,2026-08-23T14:32:38+00:00
1003774370,https://krisha.kz/a/show/1003774370,2000000,148,2026-08-23T14:32:38+00:00
1014273430,https://krisha.kz/a/show/1014273430,250000,148,2026-08-23T14:32:38+00:00
692324603,https://krisha.kz/a/show/692324603,250000,148,2026-08-23T14:32:38+00:00
1014887280,https://krisha.kz/a/show/1014887280,350000,148,2026-08-23T14:32:38+00:00
1014758490,https://krisha.kz/a/show/1014758490,350000,148,2026-08-23T14:32:38+00:00
1013795932,https://krisha.kz/a/show/1013795932,1800000,148,2026-08-23T14:32:38+00:00
697563429,https://krisha.kz/a/show/697563429,240000,149,2026-08-23T14:32:41+00:00
1014215846,https://krisha.kz/a/show/1014215846,240000,149,2026-08-23T14:32:41+00:00
1008980799,https://krisha.kz/a/show/1008980799,220000,149,2026-08-23T14:32:41+00:00
1014289789,https://krisha.kz/a/show/1014289789,300000,149,2026-08-23T14:32:41+00:00
1014106906,https://krisha.kz/a/show/1014106906,1555555,149,2026-08-23T14:32:41+00:00
1014904678,https://krisha.kz/a/show/1014904678,210000,149,2026-08-23T14:32:41+00:00
1014102292,https://krisha.kz/a/show/1014102292,300000,149,2026-08-23T14:32:41+00:00
1005069888,https://krisha.kz/a/show/1005069888,330000,149,2026-08-23T14:32:41+00:00
1014906874,https://krisha.kz/a/show/1014906874,1200000,149,2026-08-23T14:32:41+00:00
1013818914,https://krisha.kz/a/show/1013818914,350000,149,2026-08-23T14:32:41+00:00
1013791458,https://krisha.kz/a/show/1013791458,350000,149,2026-08-23T14:32:41+00:00
1014452254,https://krisha.kz/a/show/1014452254,300000,149,2026-08-23T14:32:41+00:00
1014906273,https://krisha.kz/a/show/1014906273,400000,149,2026-08-23T14:32:41+00:00
697343026,https://krisha.kz/a/show/697343026,300000,149,2026-08-23T14:32:41+00:00
1014906145,https://krisha.kz/a/show/1014906145,500000,149,2026-08-23T14:32:41+00:00
1014905893,https://krisha.kz/a/show/1014905893,700000,149,2026-08-23T14:32:41+00:00
691924385,https://krisha.kz/a/show/691924385,450000,149,2026-08-23T14:32:41+00:00
1005954919,https://krisha.kz/a/show/1005954919,200000,150,2026-08-23T14:32:44+00:00
1004282787,https://krisha.kz/a/show/1004282787,240000,150,2026-08-23T14:32:44+00:00
1014701532,https://krisha.kz/a/show/1014701532,280000,150,2026-08-23T14:32:44+00:00
1013833047,https://krisha.kz/a/show/1013833047,300000,150,2026-08-23T14:32:44+00:00
1013865248,https://krisha.kz/a/show/1013865248,300000,150,2026-08-23T14:32:44+00:00
1011868253,https://krisha.kz/a/show/1011868253,300000,150,2026-08-23T14:32:44+00:00
1014311848,https://krisha.kz/a/show/1014311848,200000,150,2026-08-23T14:32:44+00:00
1014311847,https://krisha.kz/a/show/1014311847,290000,150,2026-08-23T14:32:44+00:00
683557294,https://krisha.kz/a/show/683557294,330000,150,2026-08-23T14:32:44+00:00
1013403525,https://krisha.kz/a/show/1013403525,250000,150,2026-08-23T14:32:44+00:00
686531495,https://krisha.kz/a/show/686531495,250000,150,2026-08-23T14:32:44+00:00
1014663976,https://krisha.kz/a/show/1014663976,300000,150,2026-08-23T14:32:44+00:00
691232364,https://krisha.kz/a/show/691232364,400000,150,2026-08-23T14:32:44+00:00
689301135,https://krisha.kz/a/show/689301135,390000,150,2026-08-23T14:32:44+00:00
1009006340,https://krisha.kz/a/show/1009006340,350000,150,2026-08-23T14:32:44+00:00
1014335142,https://krisha.kz/a/show/1014335142,250000,150,2026-08-23T14:32:44+00:00
690790063,https://krisha.kz/a/show/690790063,190000,150,2026-08-23T14:32:44+00:00
1014903587,https://krisha.kz/a/show/1014903587,350000,150,2026-08-23T14:32:44+00:00
1004946791,https://krisha.kz/a/show/1004946791,360000,150,2026-08-23T14:32:44+00:00
691024840,https://krisha.kz/a/show/691024840,250000,150,2026-08-23T14:32:44+00:00
1007554778,https://krisha.kz/a/show/1007554778,300000,151,2026-08-23T14:32:47+00:00
1012194971,https://krisha.kz/a/show/1012194971,330000,151,2026-08-23T14:32:47+00:00
1006409301,https://krisha.kz/a/show/1006409301,330000,151,2026-08-23T14:32:47+00:00
762218178,https://krisha.kz/a/show/762218178,330000,151,2026-08-23T14:32:47+00:00
1014516467,https://krisha.kz/a/show/1014516467,350000,151,2026-08-23T14:32:47+00:00
1004176704,https://krisha.kz/a/show/1004176704,190000,151,2026-08-23T14:32:47+00:00
1013011241,https://krisha.kz/a/show/1013011241,450000,151,2026-08-23T14:32:47+00:00
1014520809,https://krisha.kz/a/show/1014520809,250000,151,2026-08-23T14:32:47+00:00
1009142878,https://krisha.kz/a/show/1009142878,550000,151,2026-08-23T14:32:47+00:00
1009245549,https://krisha.kz/a/show/1009245549,360000,151,2026-08-23T14:32:47+00:00
1014670710,https://krisha.kz/a/show/1014670710,250000,151,2026-08-23T14:32:47+00:00
1014900893,https://krisha.kz/a/show/1014900893,300000,151,2026-08-23T14:32:47+00:00
1014900968,https://krisha.kz/a/show/1014900968,300000,151,2026-08-23T14:32:47+00:00
1014900772,https://krisha.kz/a/show/1014900772,300000,151,2026-08-23T14:32:47+00:00
1014900327,https://krisha.kz/a/show/1014900327,900000,151,2026-08-23T14:32:47+00:00
1012372059,https://krisha.kz/a/show/1012372059,460000,151,2026-08-23T14:32:47+00:00
1013016218,https://krisha.kz/a/show/1013016218,650000,151,2026-08-23T14:32:47+00:00
1012951044,https://krisha.kz/a/show/1012951044,650000,151,2026-08-23T14:32:47+00:00
1014278292,https://krisha.kz/a/show/1014278292,350000,151,2026-08-23T14:32:47+00:00
681457859,https://krisha.kz/a/show/681457859,330000,151,2026-08-23T14:32:47+00:00
1004560762,https://krisha.kz/a/show/1004560762,400000,152,2026-08-23T14:32:51+00:00
1010291921,https://krisha.kz/a/show/1010291921,250000,152,2026-08-23T14:32:51+00:00
680172878,https://krisha.kz/a/show/680172878,240000,152,2026-08-23T14:32:51+00:00
1010973856,https://krisha.kz/a/show/1010973856,250000,152,2026-08-23T14:32:51+00:00
1014707621,https://krisha.kz/a/show/1014707621,320000,152,2026-08-23T14:32:51+00:00
1014520235,https://krisha.kz/a/show/1014520235,250000,152,2026-08-23T14:32:51+00:00
1014365505,https://krisha.kz/a/show/1014365505,1000000,152,2026-08-23T14:32:51+00:00
1011680661,https://krisha.kz/a/show/1011680661,1600000,152,2026-08-23T14:32:51+00:00
1014408892,https://krisha.kz/a/show/1014408892,600000,152,2026-08-23T14:32:51+00:00
1009448965,https://krisha.kz/a/show/1009448965,400000,152,2026-08-23T14:32:51+00:00
1014047499,https://krisha.kz/a/show/1014047499,320000,152,2026-08-23T14:32:51+00:00
1012980881,https://krisha.kz/a/show/1012980881,700000,152,2026-08-23T14:32:51+00:00
1014892781,https://krisha.kz/a/show/1014892781,250000,152,2026-08-23T14:32:51+00:00
1014894983,https://krisha.kz/a/show/1014894983,450000,152,2026-08-23T14:32:51+00:00
1012756272,https://krisha.kz/a/show/1012756272,1000000,152,2026-08-23T14:32:51+00:00
1005784560,https://krisha.kz/a/show/1005784560,750000,152,2026-08-23T14:32:51+00:00
1005796082,https://krisha.kz/a/show/1005796082,1500000,152,2026-08-23T14:32:51+00:00
1002597293,https://krisha.kz/a/show/1002597293,1300000,152,2026-08-23T14:32:51+00:00
761230192,https://krisha.kz/a/show/761230192,800000,152,2026-08-23T14:32:51+00:00
697217004,https://krisha.kz/a/show/697217004,900000,152,2026-08-23T14:32:51+00:00
696981561,https://krisha.kz/a/show/696981561,1800000,153,2026-08-23T14:32:54+00:00
693915103,https://krisha.kz/a/show/693915103,1500000,153,2026-08-23T14:32:54+00:00
1012844174,https://krisha.kz/a/show/1012844174,2800000,153,2026-08-23T14:32:54+00:00
1008167970,https://krisha.kz/a/show/1008167970,750000,153,2026-08-23T14:32:54+00:00
1003191644,https://krisha.kz/a/show/1003191644,190000,153,2026-08-23T14:32:54+00:00
1014897576,https://krisha.kz/a/show/1014897576,250000,153,2026-08-23T14:32:54+00:00
691336448,https://krisha.kz/a/show/691336448,250000,153,2026-08-23T14:32:54+00:00
1014333205,https://krisha.kz/a/show/1014333205,280000,153,2026-08-23T14:32:54+00:00
1013628422,https://krisha.kz/a/show/1013628422,1500000,153,2026-08-23T14:32:54+00:00
1014897016,https://krisha.kz/a/show/1014897016,400000,153,2026-08-23T14:32:54+00:00
1010138515,https://krisha.kz/a/show/1010138515,1000000,153,2026-08-23T14:32:54+00:00
1010645870,https://krisha.kz/a/show/1010645870,1200000,153,2026-08-23T14:32:54+00:00
1003598634,https://krisha.kz/a/show/1003598634,385000,153,2026-08-23T14:32:54+00:00
1014835401,https://krisha.kz/a/show/1014835401,260000,153,2026-08-23T14:32:54+00:00
1014079674,https://krisha.kz/a/show/1014079674,200000,153,2026-08-23T14:32:54+00:00
1008854350,https://krisha.kz/a/show/1008854350,1000000,153,2026-08-23T14:32:54+00:00
1013223907,https://krisha.kz/a/show/1013223907,300000,153,2026-08-23T14:32:54+00:00
1014302422,https://krisha.kz/a/show/1014302422,900000,153,2026-08-23T14:32:54+00:00
1010277416,https://krisha.kz/a/show/1010277416,340000,153,2026-08-23T14:32:54+00:00
1008926772,https://krisha.kz/a/show/1008926772,550000,153,2026-08-23T14:32:54+00:00
1014895181,https://krisha.kz/a/show/1014895181,400000,154,2026-08-23T14:32:57+00:00
1014895755,https://krisha.kz/a/show/1014895755,280000,154,2026-08-23T14:32:57+00:00
1014895581,https://krisha.kz/a/show/1014895581,370000,154,2026-08-23T14:32:57+00:00
1011659419,https://krisha.kz/a/show/1011659419,250000,154,2026-08-23T14:32:57+00:00
1014090261,https://krisha.kz/a/show/1014090261,700000,154,2026-08-23T14:32:57+00:00
1014104803,https://krisha.kz/a/show/1014104803,250000,154,2026-08-23T14:32:57+00:00
1007715562,https://krisha.kz/a/show/1007715562,650000,154,2026-08-23T14:32:57+00:00
1014866685,https://krisha.kz/a/show/1014866685,380000,154,2026-08-23T14:32:57+00:00
1014893885,https://krisha.kz/a/show/1014893885,500000,154,2026-08-23T14:32:57+00:00
1012241128,https://krisha.kz/a/show/1012241128,290000,154,2026-08-23T14:32:57+00:00
1011048331,https://krisha.kz/a/show/1011048331,350000,154,2026-08-23T14:32:57+00:00
697461137,https://krisha.kz/a/show/697461137,300000,154,2026-08-23T14:32:57+00:00
1008548315,https://krisha.kz/a/show/1008548315,280000,154,2026-08-23T14:32:57+00:00
1014892796,https://krisha.kz/a/show/1014892796,1000000,154,2026-08-23T14:32:57+00:00
1014122905,https://krisha.kz/a/show/1014122905,260000,154,2026-08-23T14:32:57+00:00
1012652519,https://krisha.kz/a/show/1012652519,600000,154,2026-08-23T14:32:57+00:00
1012626496,https://krisha.kz/a/show/1012626496,250000,154,2026-08-23T14:32:57+00:00
1014891732,https://krisha.kz/a/show/1014891732,350000,154,2026-08-23T14:32:57+00:00
1014554073,https://krisha.kz/a/show/1014554073,650000,154,2026-08-23T14:32:57+00:00
1014891055,https://krisha.kz/a/show/1014891055,480000,154,2026-08-23T14:32:57+00:00
1014122759,https://krisha.kz/a/show/1014122759,350000,155,2026-08-23T14:33:00+00:00
1006840466,https://krisha.kz/a/show/1006840466,280000,155,2026-08-23T14:33:00+00:00
1014890320,https://krisha.kz/a/show/1014890320,1200000,155,2026-08-23T14:33:00+00:00
1001474308,https://krisha.kz/a/show/1001474308,230000,155,2026-08-23T14:33:00+00:00
760204565,https://krisha.kz/a/show/760204565,250000,155,2026-08-23T14:33:00+00:00
1014889551,https://krisha.kz/a/show/1014889551,240000,155,2026-08-23T14:33:00+00:00
1014701900,https://krisha.kz/a/show/1014701900,280000,155,2026-08-23T14:33:00+00:00
1006381304,https://krisha.kz/a/show/1006381304,350000,155,2026-08-23T14:33:00+00:00
1013531862,https://krisha.kz/a/show/1013531862,700000,155,2026-08-23T14:33:00+00:00
1014296239,https://krisha.kz/a/show/1014296239,300000,155,2026-08-23T14:33:00+00:00
1012801474,https://krisha.kz/a/show/1012801474,350000,155,2026-08-23T14:33:00+00:00
1004729457,https://krisha.kz/a/show/1004729457,370000,155,2026-08-23T14:33:00+00:00
1014869326,https://krisha.kz/a/show/1014869326,280000,155,2026-08-23T14:33:00+00:00
1014695193,https://krisha.kz/a/show/1014695193,250000,155,2026-08-23T14:33:00+00:00
1014887235,https://krisha.kz/a/show/1014887235,390000,155,2026-08-23T14:33:00+00:00
1008196828,https://krisha.kz/a/show/1008196828,300000,155,2026-08-23T14:33:00+00:00
693486896,https://krisha.kz/a/show/693486896,900000,155,2026-08-23T14:33:00+00:00
1003384898,https://krisha.kz/a/show/1003384898,280000,155,2026-08-23T14:33:00+00:00
1009234393,https://krisha.kz/a/show/1009234393,500000,155,2026-08-23T14:33:00+00:00
1014887216,https://krisha.kz/a/show/1014887216,350000,155,2026-08-23T14:33:00+00:00
760262485,https://krisha.kz/a/show/760262485,490000,156,2026-08-23T14:33:03+00:00
1014886809,https://krisha.kz/a/show/1014886809,220000,156,2026-08-23T14:33:03+00:00
1014886813,https://krisha.kz/a/show/1014886813,320000,156,2026-08-23T14:33:03+00:00
1014378287,https://krisha.kz/a/show/1014378287,300000,156,2026-08-23T14:33:03+00:00
1014870989,https://krisha.kz/a/show/1014870989,320000,156,2026-08-23T14:33:03+00:00
1012846141,https://krisha.kz/a/show/1012846141,460000,156,2026-08-23T14:33:03+00:00
689945420,https://krisha.kz/a/show/689945420,330000,156,2026-08-23T14:33:03+00:00
1010749994,https://krisha.kz/a/show/1010749994,420000,156,2026-08-23T14:33:03+00:00
1005876586,https://krisha.kz/a/show/1005876586,320000,156,2026-08-23T14:33:03+00:00
1006804866,https://krisha.kz/a/show/1006804866,230000,156,2026-08-23T14:33:03+00:00
1012535445,https://krisha.kz/a/show/1012535445,300000,156,2026-08-23T14:33:03+00:00
21515552,https://krisha.kz/a/show/21515552,245000,156,2026-08-23T14:33:03+00:00
1014885661,https://krisha.kz/a/show/1014885661,700000,156,2026-08-23T14:33:03+00:00
1006049151,https://krisha.kz/a/show/1006049151,300000,156,2026-08-23T14:33:03+00:00
1014884919,https://krisha.kz/a/show/1014884919,1000000,156,2026-08-23T14:33:03+00:00
1014885301,https://krisha.kz/a/show/1014885301,650000,156,2026-08-23T14:33:03+00:00
1014884896,https://krisha.kz/a/show/1014884896,140000,156,2026-08-23T14:33:03+00:00
1014885119,https://krisha.kz/a/show/1014885119,260000,156,2026-08-23T14:33:03+00:00
1014885155,https://krisha.kz/a/show/1014885155,300000,156,2026-08-23T14:33:03+00:00
1014291474,https://krisha.kz/a/show/1014291474,300000,156,2026-08-23T14:33:03+00:00
1014855292,https://krisha.kz/a/show/1014855292,300000,157,2026-08-23T14:33:07+00:00
1014884930,https://krisha.kz/a/show/1014884930,450000,157,2026-08-23T14:33:07+00:00
1014884499,https://krisha.kz/a/show/1014884499,1000000,157,2026-08-23T14:33:07+00:00
1014884068,https://krisha.kz/a/show/1014884068,220000,157,2026-08-23T14:33:07+00:00
1014884166,https://krisha.kz/a/show/1014884166,280000,157,2026-08-23T14:33:07+00:00
688882148,https://krisha.kz/a/show/688882148,1100000,157,2026-08-23T14:33:07+00:00
699498289,https://krisha.kz/a/show/699498289,200000,157,2026-08-23T14:33:07+00:00
1002756798,https://krisha.kz/a/show/1002756798,300000,157,2026-08-23T14:33:07+00:00
1002720993,https://krisha.kz/a/show/1002720993,700000,157,2026-08-23T14:33:07+00:00
1014883861,https://krisha.kz/a/show/1014883861,350000,157,2026-08-23T14:33:07+00:00
1013670937,https://krisha.kz/a/show/1013670937,1500000,157,2026-08-23T14:33:07+00:00
1014882947,https://krisha.kz/a/show/1014882947,350000,157,2026-08-23T14:33:07+00:00
1011799714,https://krisha.kz/a/show/1011799714,370000,157,2026-08-23T14:33:07+00:00
1013444708,https://krisha.kz/a/show/1013444708,400000,157,2026-08-23T14:33:07+00:00
1014881095,https://krisha.kz/a/show/1014881095,350000,157,2026-08-23T14:33:07+00:00
1000348068,https://krisha.kz/a/show/1000348068,290000,157,2026-08-23T14:33:07+00:00
697402556,https://krisha.kz/a/show/697402556,240000,157,2026-08-23T14:33:07+00:00
1009651669,https://krisha.kz/a/show/1009651669,200000,157,2026-08-23T14:33:07+00:00
682998174,https://krisha.kz/a/show/682998174,500000,157,2026-08-23T14:33:07+00:00
1014062540,https://krisha.kz/a/show/1014062540,390000,157,2026-08-23T14:33:07+00:00
686762715,https://krisha.kz/a/show/686762715,300000,158,2026-08-23T14:33:10+00:00
1012550325,https://krisha.kz/a/show/1012550325,400000,158,2026-08-23T14:33:10+00:00
1014620679,https://krisha.kz/a/show/1014620679,280000,158,2026-08-23T14:33:10+00:00
1013585526,https://krisha.kz/a/show/1013585526,350000,158,2026-08-23T14:33:10+00:00
1013014319,https://krisha.kz/a/show/1013014319,400000,158,2026-08-23T14:33:10+00:00
1014880318,https://krisha.kz/a/show/1014880318,250000,158,2026-08-23T14:33:10+00:00
1006319854,https://krisha.kz/a/show/1006319854,450000,158,2026-08-23T14:33:10+00:00
699344422,https://krisha.kz/a/show/699344422,700000,158,2026-08-23T14:33:10+00:00
1014879796,https://krisha.kz/a/show/1014879796,230000,158,2026-08-23T14:33:10+00:00
1014879773,https://krisha.kz/a/show/1014879773,250000,158,2026-08-23T14:33:10+00:00
1014879554,https://krisha.kz/a/show/1014879554,350000,158,2026-08-23T14:33:10+00:00
760358752,https://krisha.kz/a/show/760358752,230000,158,2026-08-23T14:33:10+00:00
762319638,https://krisha.kz/a/show/762319638,230000,158,2026-08-23T14:33:10+00:00
1005130939,https://krisha.kz/a/show/1005130939,330000,158,2026-08-23T14:33:10+00:00
687510975,https://krisha.kz/a/show/687510975,350000,158,2026-08-23T14:33:10+00:00
1001206214,https://krisha.kz/a/show/1001206214,350000,158,2026-08-23T14:33:10+00:00
1005659159,https://krisha.kz/a/show/1005659159,300000,158,2026-08-23T14:33:10+00:00
1014859345,https://krisha.kz/a/show/1014859345,250000,158,2026-08-23T14:33:10+00:00
1014860265,https://krisha.kz/a/show/1014860265,250000,158,2026-08-23T14:33:10+00:00
1014878002,https://krisha.kz/a/show/1014878002,250000,158,2026-08-23T14:33:10+00:00
1013480141,https://krisha.kz/a/show/1013480141,300000,159,2026-08-23T14:33:14+00:00
1008458187,https://krisha.kz/a/show/1008458187,200000,159,2026-08-23T14:33:14+00:00
1014094064,https://krisha.kz/a/show/1014094064,300000,159,2026-08-23T14:33:14+00:00
679222042,https://krisha.kz/a/show/679222042,500000,159,2026-08-23T14:33:14+00:00
1014878192,https://krisha.kz/a/show/1014878192,250000,159,2026-08-23T14:33:14+00:00
1011494957,https://krisha.kz/a/show/1011494957,280000,159,2026-08-23T14:33:14+00:00
695715734,https://krisha.kz/a/show/695715734,310000,159,2026-08-23T14:33:14+00:00
1010863631,https://krisha.kz/a/show/1010863631,380000,159,2026-08-23T14:33:14+00:00
1007937301,https://krisha.kz/a/show/1007937301,300000,159,2026-08-23T14:33:14+00:00
1009729780,https://krisha.kz/a/show/1009729780,1000000,159,2026-08-23T14:33:14+00:00
1014876640,https://krisha.kz/a/show/1014876640,300000,159,2026-08-23T14:33:14+00:00
696824213,https://krisha.kz/a/show/696824213,250000,159,2026-08-23T14:33:14+00:00
1004496775,https://krisha.kz/a/show/1004496775,250000,159,2026-08-23T14:33:14+00:00
680417852,https://krisha.kz/a/show/680417852,450000,159,2026-08-23T14:33:14+00:00
1014875711,https://krisha.kz/a/show/1014875711,250000,159,2026-08-23T14:33:14+00:00
670038357,https://krisha.kz/a/show/670038357,1500000,159,2026-08-23T14:33:14+00:00
1014683368,https://krisha.kz/a/show/1014683368,380000,159,2026-08-23T14:33:14+00:00
676560751,https://krisha.kz/a/show/676560751,65000,159,2026-08-23T14:33:14+00:00
1014070224,https://krisha.kz/a/show/1014070224,400000,159,2026-08-23T14:33:14+00:00
1014484106,https://krisha.kz/a/show/1014484106,700000,159,2026-08-23T14:33:14+00:00
1014874823,https://krisha.kz/a/show/1014874823,200000,160,2026-08-23T14:33:17+00:00
1013703461,https://krisha.kz/a/show/1013703461,299999,160,2026-08-23T14:33:17+00:00
1014497345,https://krisha.kz/a/show/1014497345,300000,160,2026-08-23T14:33:17+00:00
1014110643,https://krisha.kz/a/show/1014110643,1500000,160,2026-08-23T14:33:17+00:00
1005888416,https://krisha.kz/a/show/1005888416,300000,160,2026-08-23T14:33:17+00:00
1014254402,https://krisha.kz/a/show/1014254402,230000,160,2026-08-23T14:33:17+00:00
1012879373,https://krisha.kz/a/show/1012879373,320000,160,2026-08-23T14:33:17+00:00
1013792647,https://krisha.kz/a/show/1013792647,650000,160,2026-08-23T14:33:17+00:00
1014270858,https://krisha.kz/a/show/1014270858,700000,160,2026-08-23T14:33:17+00:00
1014874096,https://krisha.kz/a/show/1014874096,300000,160,2026-08-23T14:33:17+00:00
1004287582,https://krisha.kz/a/show/1004287582,300000,160,2026-08-23T14:33:17+00:00
1014481199,https://krisha.kz/a/show/1014481199,350000,160,2026-08-23T14:33:17+00:00
1014475971,https://krisha.kz/a/show/1014475971,350000,160,2026-08-23T14:33:17+00:00
1003700300,https://krisha.kz/a/show/1003700300,690000,160,2026-08-23T14:33:17+00:00
1014463466,https://krisha.kz/a/show/1014463466,240000,160,2026-08-23T14:33:17+00:00
1014474872,https://krisha.kz/a/show/1014474872,500000,160,2026-08-23T14:33:17+00:00
1014873993,https://krisha.kz/a/show/1014873993,1000000,160,2026-08-23T14:33:17+00:00
1014415492,https://krisha.kz/a/show/1014415492,230000,160,2026-08-23T14:33:17+00:00
1014235796,https://krisha.kz/a/show/1014235796,350000,160,2026-08-23T14:33:17+00:00
1007630382,https://krisha.kz/a/show/1007630382,485000,160,2026-08-23T14:33:17+00:00
1014671007,https://krisha.kz/a/show/1014671007,350000,161,2026-08-23T14:33:21+00:00
696416401,https://krisha.kz/a/show/696416401,450000,161,2026-08-23T14:33:21+00:00
1014678849,https://krisha.kz/a/show/1014678849,370000,161,2026-08-23T14:33:21+00:00
1014564327,https://krisha.kz/a/show/1014564327,245000,161,2026-08-23T14:33:21+00:00
1014668548,https://krisha.kz/a/show/1014668548,300000,161,2026-08-23T14:33:21+00:00
1014667719,https://krisha.kz/a/show/1014667719,280000,161,2026-08-23T14:33:21+00:00
1011129295,https://krisha.kz/a/show/1011129295,280000,161,2026-08-23T14:33:21+00:00
1012000091,https://krisha.kz/a/show/1012000091,350000,161,2026-08-23T14:33:21+00:00
1014763129,https://krisha.kz/a/show/1014763129,230000,161,2026-08-23T14:33:21+00:00
1012278849,https://krisha.kz/a/show/1012278849,800000,161,2026-08-23T14:33:21+00:00
1014078935,https://krisha.kz/a/show/1014078935,350000,161,2026-08-23T14:33:21+00:00
1014871230,https://krisha.kz/a/show/1014871230,400000,161,2026-08-23T14:33:21+00:00
761108727,https://krisha.kz/a/show/761108727,550000,161,2026-08-23T14:33:21+00:00
1014724923,https://krisha.kz/a/show/1014724923,800000,161,2026-08-23T14:33:21+00:00
1014866077,https://krisha.kz/a/show/1014866077,900000,161,2026-08-23T14:33:21+00:00
1014865043,https://krisha.kz/a/show/1014865043,300000,161,2026-08-23T14:33:21+00:00
1014768117,https://krisha.kz/a/show/1014768117,350000,161,2026-08-23T14:33:21+00:00
1003846455,https://krisha.kz/a/show/1003846455,450000,161,2026-08-23T14:33:21+00:00
1014311934,https://krisha.kz/a/show/1014311934,450000,161,2026-08-23T14:33:21+00:00
1014837287,https://krisha.kz/a/show/1014837287,500000,161,2026-08-23T14:33:21+00:00
1006830364,https://krisha.kz/a/show/1006830364,240000,162,2026-08-23T14:33:24+00:00
1014754020,https://krisha.kz/a/show/1014754020,450000,162,2026-08-23T14:33:24+00:00
1009167195,https://krisha.kz/a/show/1009167195,500000,162,2026-08-23T14:33:24+00:00
1014860673,https://krisha.kz/a/show/1014860673,300000,162,2026-08-23T14:33:24+00:00
1006516348,https://krisha.kz/a/show/1006516348,1000000,162,2026-08-23T14:33:24+00:00
1014573813,https://krisha.kz/a/show/1014573813,1500000,162,2026-08-23T14:33:24+00:00
1014866275,https://krisha.kz/a/show/1014866275,280000,162,2026-08-23T14:33:24+00:00
1008843038,https://krisha.kz/a/show/1008843038,600000,162,2026-08-23T14:33:24+00:00
693797523,https://krisha.kz/a/show/693797523,220000,162,2026-08-23T14:33:24+00:00
1013216314,https://krisha.kz/a/show/1013216314,300000,162,2026-08-23T14:33:24+00:00
1014846546,https://krisha.kz/a/show/1014846546,500000,162,2026-08-23T14:33:24+00:00
1014869800,https://krisha.kz/a/show/1014869800,270000,162,2026-08-23T14:33:24+00:00
1014863046,https://krisha.kz/a/show/1014863046,290000,162,2026-08-23T14:33:24+00:00
1014857784,https://krisha.kz/a/show/1014857784,350000,162,2026-08-23T14:33:24+00:00
1014867092,https://krisha.kz/a/show/1014867092,280000,162,2026-08-23T14:33:24+00:00
1014694753,https://krisha.kz/a/show/1014694753,600000,162,2026-08-23T14:33:24+00:00
1006655558,https://krisha.kz/a/show/1006655558,700000,162,2026-08-23T14:33:24+00:00
760888772,https://krisha.kz/a/show/760888772,300000,162,2026-08-23T14:33:24+00:00
694395166,https://krisha.kz/a/show/694395166,200000,163,2026-08-23T14:33:27+00:00
698597428,https://krisha.kz/a/show/698597428,280000,162,2026-08-23T14:33:24+00:00
1014868308,https://krisha.kz/a/show/1014868308,300000,163,2026-08-23T14:33:27+00:00
1014873931,https://krisha.kz/a/show/1014873931,500000,163,2026-08-23T14:33:27+00:00
1014857148,https://krisha.kz/a/show/1014857148,450000,163,2026-08-23T14:33:27+00:00
760241242,https://krisha.kz/a/show/760241242,330000,163,2026-08-23T14:33:27+00:00
1014864006,https://krisha.kz/a/show/1014864006,220000,163,2026-08-23T14:33:27+00:00
1014873647,https://krisha.kz/a/show/1014873647,230000,163,2026-08-23T14:33:27+00:00
1014868452,https://krisha.kz/a/show/1014868452,220000,163,2026-08-23T14:33:27+00:00
1014681327,https://krisha.kz/a/show/1014681327,300000,163,2026-08-23T14:33:27+00:00
1014577732,https://krisha.kz/a/show/1014577732,1500000,163,2026-08-23T14:33:27+00:00
1014657483,https://krisha.kz/a/show/1014657483,230000,163,2026-08-23T14:33:27+00:00
1014873164,https://krisha.kz/a/show/1014873164,260000,163,2026-08-23T14:33:27+00:00
1014420969,https://krisha.kz/a/show/1014420969,210000,163,2026-08-23T14:33:27+00:00
1014662127,https://krisha.kz/a/show/1014662127,700000,163,2026-08-23T14:33:27+00:00
1014872399,https://krisha.kz/a/show/1014872399,300000,163,2026-08-23T14:33:27+00:00
1013892535,https://krisha.kz/a/show/1013892535,400000,163,2026-08-23T14:33:27+00:00
696824533,https://krisha.kz/a/show/696824533,900000,163,2026-08-23T14:33:27+00:00
1011821254,https://krisha.kz/a/show/1011821254,275000,163,2026-08-23T14:33:27+00:00
1011807001,https://krisha.kz/a/show/1011807001,350000,163,2026-08-23T14:33:27+00:00
1014871316,https://krisha.kz/a/show/1014871316,260000,163,2026-08-23T14:33:27+00:00
1002077029,https://krisha.kz/a/show/1002077029,260000,164,2026-08-23T14:33:30+00:00
1014709388,https://krisha.kz/a/show/1014709388,770000,164,2026-08-23T14:33:30+00:00
1014481038,https://krisha.kz/a/show/1014481038,500000,164,2026-08-23T14:33:30+00:00
1013983226,https://krisha.kz/a/show/1013983226,450000,164,2026-08-23T14:33:30+00:00
1014566191,https://krisha.kz/a/show/1014566191,450000,164,2026-08-23T14:33:30+00:00
1008606863,https://krisha.kz/a/show/1008606863,280000,164,2026-08-23T14:33:30+00:00
1013324049,https://krisha.kz/a/show/1013324049,600000,164,2026-08-23T14:33:30+00:00
1007593065,https://krisha.kz/a/show/1007593065,300000,164,2026-08-23T14:33:30+00:00
1014278790,https://krisha.kz/a/show/1014278790,450000,164,2026-08-23T14:33:30+00:00
1014679174,https://krisha.kz/a/show/1014679174,425000,164,2026-08-23T14:33:30+00:00
1014871600,https://krisha.kz/a/show/1014871600,300000,164,2026-08-23T14:33:30+00:00
1014848283,https://krisha.kz/a/show/1014848283,240000,164,2026-08-23T14:33:30+00:00
1006350053,https://krisha.kz/a/show/1006350053,380000,164,2026-08-23T14:33:30+00:00
1012598607,https://krisha.kz/a/show/1012598607,350000,164,2026-08-23T14:33:30+00:00
1007190161,https://krisha.kz/a/show/1007190161,160000,164,2026-08-23T14:33:30+00:00
692596948,https://krisha.kz/a/show/692596948,330000,164,2026-08-23T14:33:30+00:00
690241035,https://krisha.kz/a/show/690241035,750000,164,2026-08-23T14:33:30+00:00
1014479423,https://krisha.kz/a/show/1014479423,690000,164,2026-08-23T14:33:30+00:00
1013870004,https://krisha.kz/a/show/1013870004,350000,164,2026-08-23T14:33:30+00:00
1013374455,https://krisha.kz/a/show/1013374455,300000,164,2026-08-23T14:33:30+00:00
1014081948,https://krisha.kz/a/show/1014081948,550000,165,2026-08-23T14:33:32+00:00
1014870504,https://krisha.kz/a/show/1014870504,1200000,165,2026-08-23T14:33:32+00:00
1014569646,https://krisha.kz/a/show/1014569646,420000,165,2026-08-23T14:33:32+00:00
1008463041,https://krisha.kz/a/show/1008463041,400000,165,2026-08-23T14:33:32+00:00
1014870101,https://krisha.kz/a/show/1014870101,370000,165,2026-08-23T14:33:32+00:00
1014861600,https://krisha.kz/a/show/1014861600,270000,165,2026-08-23T14:33:32+00:00
1008522324,https://krisha.kz/a/show/1008522324,800000,165,2026-08-23T14:33:32+00:00
1004342412,https://krisha.kz/a/show/1004342412,250000,165,2026-08-23T14:33:32+00:00
1008385935,https://krisha.kz/a/show/1008385935,300000,165,2026-08-23T14:33:32+00:00
1014554846,https://krisha.kz/a/show/1014554846,420000,165,2026-08-23T14:33:32+00:00
