id,url,title,price,price_m2_text,price_m2,rooms,square_m2,floor,floor_total,district,city,street,house_num,latitude,longitude,complex_id,complex_alias,complex_name,furniture,rent_renovation,priv_dorm,bathrooms_count,kitchen_studio,suited_for,full_description,photo_urls,photo_count,photo_set_hash,seller_type,owner_name,is_identity_confirmed,published_date,created_at,added_at,storage,scraped_at,is_installment_segment,drop_stage,drop_reason
1014581478,https://krisha.kz/a/show/1014581478,1-комнатная квартира · 38 м² · 8/9 этаж,180000,за месяц,4737,1,38,8,9,Almaty_r-n,Astana,Rakymzhan_Koshkarbaev,37,51.1290047041,71.494800489409,8478630,nur-aspan,Nur Aspan,частично,"не новый, но аккуратный и чистый ремонт",,,,,"ЖК Нур Аспан. 8 этаж из 9. полностью меблированная с бытовой техникой. 
Общая площадь 38 м2. 
Кухня разд, с/у совм. 
квартира светлая и уютная. Хорошее Расположение дома, на пересечении улиц Кошкарбаева и Жумабаева. Рядом дворец мира и согласия, Пирамида, новая мечеть Хазрет Султан, международная школа НурОрда. 
Семейным с можно 2-3 девушкам. 
Риэлтор. Услуги 20 %.

Дом ориентировочно находится возле Жумабаева",[],0,,,ABAL,True,2026-08-06,2026-08-06,2026-08-06,archive,2026-08-11T07:10:08+00:00,,stage1,not_live (storage=archive)
1010314979,https://krisha.kz/a/show/1010314979,1-комнатная квартира · 35 м² · 11/12 этаж,180000,за месяц,5143,1,35,11,12,Saryarka_r-n,Astana,Beybarys_Sұltan,31,51.17455414127,71.352390463068,20945125,parkland,Parkland,полностью,"свежий ремонт, новая мебель",,,,,"Новый дом от BI Group 🏠 
- уютная квартира 
- ремонт делали для себя 
- всё новое 
 
Нужен конкретный, аккуратный, платежеспособный человек, на длительный срок 
Заехать можно с 15.08 
180.000. + ком. услуги 
 
писать","[""https://krisha-photos.kcdn.online/webp/25/2590c11e-7dba-45fb-b113-6c2b9701cf4f/1-full.jpg"", ""https://krisha-photos.kcdn.online/webp/25/2590c11e-7dba-45fb-b113-6c2b9701cf4f/2-full.jpg"", ""https://krisha-photos.kcdn.online/webp/25/2590c11e-7dba-45fb-b113-6c2b9701cf4f/3-full.jpg"", ""https://krisha-photos.kcdn.online/webp/25/2590c11e-7dba-45fb-b113-6c2b9701cf4f/4-full.jpg"", ""https://krisha-photos.kcdn.online/webp/25/2590c11e-7dba-45fb-b113-6c2b9701cf4f/5-full.jpg"", ""https://krisha-photos.kcdn.online/webp/25/2590c11e-7dba-45fb-b113-6c2b9701cf4f/6-full.jpg""]",6,40edbacdf73a4d13bf381bf4cfcf6af2489de64662af48fe0448b43ab91a740e,,Хозяин,False,2026-08-06,2026-03-10,2026-08-06,archive,2026-08-06T06:39:29+00:00,,stage1,not_live (storage=archive)
1013684313,https://krisha.kz/a/show/1013684313,3-комнатная квартира · 95 м² · 12/26 этаж,400000,за месяц,4211,3,95,12,26,Esilyskiy_r-n,Astana,Turan,55,51.118145520705,71.399056312929,8478544,altyn-shar,Алтын Шар 1,полностью,"не новый, но аккуратный и чистый ремонт",,,,,"Сдам 3х комнатную квартиру платежеспособной и порядочной семье. Сдаем только на долгий срок! На 2-3 месяца не сдаем. Квартира после клининга, есть вся техника и мебель. Цена в месяц 400.000+ком. услуги (депозит+200.000)","[""https://krisha-photos.kcdn.online/webp/0f/0f8af396-bc15-41de-ab7f-cd186159b9af/1-full.jpg"", ""https://krisha-photos.kcdn.online/webp/0f/0f8af396-bc15-41de-ab7f-cd186159b9af/2-full.jpg"", ""https://krisha-photos.kcdn.online/webp/0f/0f8af396-bc15-41de-ab7f-cd186159b9af/3-full.jpg"", ""https://krisha-photos.kcdn.online/webp/0f/0f8af396-bc15-41de-ab7f-cd186159b9af/4-full.jpg"", ""https://krisha-photos.kcdn.online/webp/0f/0f8af396-bc15-41de-ab7f-cd186159b9af/5-full.jpg"", ""https://krisha-photos.kcdn.online/webp/0f/0f8af396-bc15-41de-ab7f-cd186159b9af/6-full.jpg"", ""https://krisha-photos.kcdn.online/webp/0f/0f8af396-bc15-41de-ab7f-cd186159b9af/7-full.jpg""]",7,b31f5e3a61cdc201edba05cf9a3711fd374b84e107204fe598563fd660f72dbb,,Хозяин,False,2026-08-06,2026-07-04,2026-08-06,archive,2026-08-06T06:51:13+00:00,,stage1,not_live (storage=archive)
1002248105,https://krisha.kz/a/show/1002248105,2-комнатная квартира · 50 м² · 2/5 этаж,250000,за месяц,5000,2,50,2,5,r-n_Baykonur,Astana,Gabdulina,9/1,51.160788,71.432109,,,,полностью,"не новый, но аккуратный и чистый ремонт",,,,,"Сдаётся уютная квартира в центре города. Можно заселиться 16 августа. Дом расположен в тихом, зелёном дворе с просторной парковкой, детской площадкой и футбольным полем. Чистый, ухоженный подъезд, соседи — в основном собственники, атмосфера спокойная. Квартира в хорошем состоянии, в последние годы проживали сами, всё поддерживается в чистоте и порядке. Рассматриваю аккуратных и ответственных жильцов на долгосрочную аренду. В сумму аренды включена ком услуги, точнее за ком услуги не надо платить.

Дом ориентировочно находится возле Республика - Иманова","[""https://krisha-photos.kcdn.online/webp/45/45513882-1e75-483c-81d9-b5d78eccfb52/1-full.jpg"", ""https://krisha-photos.kcdn.online/webp/45/45513882-1e75-483c-81d9-b5d78eccfb52/2-full.jpg"", ""https://krisha-photos.kcdn.online/webp/45/45513882-1e75-483c-81d9-b5d78eccfb52/3-full.jpg"", ""https://krisha-photos.kcdn.online/webp/45/45513882-1e75-483c-81d9-b5d78eccfb52/4-full.jpg"", ""https://krisha-photos.kcdn.online/webp/45/45513882-1e75-483c-81d9-b5d78eccfb52/5-full.jpg"", ""https://krisha-photos.kcdn.online/webp/45/45513882-1e75-483c-81d9-b5d78eccfb52/6-full.jpg"", ""https://krisha-photos.kcdn.online/webp/45/45513882-1e75-483c-81d9-b5d78eccfb52/7-full.jpg"", ""https://krisha-photos.kcdn.online/webp/45/45513882-1e75-483c-81d9-b5d78eccfb52/8-full.jpg"", ""https://krisha-photos.kcdn.online/webp/45/45513882-1e75-483c-81d9-b5d78eccfb52/9-full.jpg""]",9,7a8120e62dd307cc4362f06b24bcaf850678cdfd51e10ded18eea312ba46387c,,Хозяин,False,2026-08-06,2025-06-04,2026-08-06,archive,2026-08-06T07:03:43+00:00,,stage1,not_live (storage=archive)
1013587927,https://krisha.kz/a/show/1013587927,2-комнатная квартира · 60 м² · 3/9 этаж,240000,за месяц,4000,2,60,3,9,Sarayshyk_r-n,Astana,A102,11/2,51.130536844516,71.547069849374,15388563,amirel,Амирель,полностью,"свежий ремонт, новая мебель",нет,,,,Сдается на долгий срок 2 комн квартира в ЖК Амирель. 240+ком услуги. Депозит 50,"[""https://krisha-photos.kcdn.online/webp/47/472257a1-9298-447e-a113-e481137a54f1/1-full.jpg"", ""https://krisha-photos.kcdn.online/webp/47/472257a1-9298-447e-a113-e481137a54f1/2-full.jpg"", ""https://krisha-photos.kcdn.online/webp/47/472257a1-9298-447e-a113-e481137a54f1/3-full.jpg"", ""https://krisha-photos.kcdn.online/webp/47/472257a1-9298-447e-a113-e481137a54f1/4-full.jpg"", ""https://krisha-photos.kcdn.online/webp/47/472257a1-9298-447e-a113-e481137a54f1/5-full.jpg"", ""https://krisha-photos.kcdn.online/webp/47/472257a1-9298-447e-a113-e481137a54f1/6-full.jpg"", ""https://krisha-photos.kcdn.online/webp/47/472257a1-9298-447e-a113-e481137a54f1/7-full.jpg"", ""https://krisha-photos.kcdn.online/webp/47/472257a1-9298-447e-a113-e481137a54f1/8-full.jpg""]",8,e90aa1fd280f171ab3418b35eb98eadf38537bf24d9af0b30fe9790b1794deda,,Искакова Айгулим,False,2026-08-06,2026-07-01,2026-08-06,archive,2026-08-06T07:19:12+00:00,,stage1,not_live (storage=archive)
1014507569,https://krisha.kz/a/show/1014507569,3-комнатная квартира · 92 м² · 5/9 этаж,350000,за месяц,3804,3,92,5,9,Esilyskiy_r-n,Astana,E_511,38,51.083756,71.468958,14992321,jetisuaqsu,Jetisu.Aqsu,полностью,"свежий ремонт, новая мебель",,,,,"Сдадим квартиру на длительный срок порядочной семейной паре, не курящим и не пьющим! Аренда в месяц 350 тыс. + ком. услуги.","[""https://krisha-photos.kcdn.online/webp/5d/5d868c28-a6d2-486e-88b3-c4c7bc294762/1-full.jpg"", ""https://krisha-photos.kcdn.online/webp/5d/5d868c28-a6d2-486e-88b3-c4c7bc294762/2-full.jpg"", ""https://krisha-photos.kcdn.online/webp/5d/5d868c28-a6d2-486e-88b3-c4c7bc294762/3-full.jpg"", ""https://krisha-photos.kcdn.online/webp/5d/5d868c28-a6d2-486e-88b3-c4c7bc294762/4-full.jpg"", ""https://krisha-photos.kcdn.online/webp/5d/5d868c28-a6d2-486e-88b3-c4c7bc294762/5-full.jpg"", ""https://krisha-photos.kcdn.online/webp/5d/5d868c28-a6d2-486e-88b3-c4c7bc294762/6-full.jpg"", ""https://krisha-photos.kcdn.online/webp/5d/5d868c28-a6d2-486e-88b3-c4c7bc294762/7-full.jpg"", ""https://krisha-photos.kcdn.online/webp/5d/5d868c28-a6d2-486e-88b3-c4c7bc294762/8-full.jpg"", ""https://krisha-photos.kcdn.online/webp/5d/5d868c28-a6d2-486e-88b3-c4c7bc294762/9-full.jpg"", ""https://krisha-photos.kcdn.online/webp/5d/5d868c28-a6d2-486e-88b3-c4c7bc294762/10-full.jpg"", ""https://krisha-photos.kcdn.online/webp/5d/5d868c28-a6d2-486e-88b3-c4c7bc294762/11-full.jpg"", ""https://krisha-photos.kcdn.online/webp/5d/5d868c28-a6d2-486e-88b3-c4c7bc294762/12-full.jpg"", ""https://krisha-photos.kcdn.online/webp/5d/5d868c28-a6d2-486e-88b3-c4c7bc294762/13-full.jpg"", ""https://krisha-photos.kcdn.online/webp/5d/5d868c28-a6d2-486e-88b3-c4c7bc294762/14-full.jpg"", ""https://krisha-photos.kcdn.online/webp/5d/5d868c28-a6d2-486e-88b3-c4c7bc294762/15-full.jpg"", ""https://krisha-photos.kcdn.online/webp/5d/5d868c28-a6d2-486e-88b3-c4c7bc294762/16-full.jpg"", ""https://krisha-photos.kcdn.online/webp/5d/5d868c28-a6d2-486e-88b3-c4c7bc294762/17-full.jpg"", ""https://krisha-photos.kcdn.online/webp/5d/5d868c28-a6d2-486e-88b3-c4c7bc294762/18-full.jpg"", ""https://krisha-photos.kcdn.online/webp/5d/5d868c28-a6d2-486e-88b3-c4c7bc294762/19-full.jpg"", ""https://krisha-photos.kcdn.online/webp/5d/5d868c28-a6d2-486e-88b3-c4c7bc294762/20-full.jpg"", ""https://krisha-photos.kcdn.online/webp/5d/5d868c28-a6d2-486e-88b3-c4c7bc294762/21-full.jpg"", ""https://krisha-photos.kcdn.online/webp/5d/5d868c28-a6d2-486e-88b3-c4c7bc294762/22-full.jpg"", ""https://krisha-photos.kcdn.online/webp/5d/5d868c28-a6d2-486e-88b3-c4c7bc294762/23-full.jpg"", ""https://krisha-photos.kcdn.online/webp/5d/5d868c28-a6d2-486e-88b3-c4c7bc294762/24-full.jpg"", ""https://krisha-photos.kcdn.online/webp/5d/5d868c28-a6d2-486e-88b3-c4c7bc294762/25-full.jpg"", ""https://krisha-photos.kcdn.online/webp/5d/5d868c28-a6d2-486e-88b3-c4c7bc294762/26-full.jpg"", ""https://krisha-photos.kcdn.online/webp/5d/5d868c28-a6d2-486e-88b3-c4c7bc294762/27-full.jpg"", ""https://krisha-photos.kcdn.online/webp/5d/5d868c28-a6d2-486e-88b3-c4c7bc294762/28-full.jpg"", ""https://krisha-photos.kcdn.online/webp/5d/5d868c28-a6d2-486e-88b3-c4c7bc294762/29-full.jpg"", ""https://krisha-photos.kcdn.online/webp/5d/5d868c28-a6d2-486e-88b3-c4c7bc294762/30-full.jpg"", ""https://krisha-photos.kcdn.online/webp/5d/5d868c28-a6d2-486e-88b3-c4c7bc294762/31-full.jpg"", ""https://krisha-photos.kcdn.online/webp/5d/5d868c28-a6d2-486e-88b3-c4c7bc294762/32-full.jpg"", ""https://krisha-photos.kcdn.online/webp/5d/5d868c28-a6d2-486e-88b3-c4c7bc294762/33-full.jpg"", ""https://krisha-photos.kcdn.online/webp/5d/5d868c28-a6d2-486e-88b3-c4c7bc294762/34-full.jpg"", ""https://krisha-photos.kcdn.online/webp/5d/5d868c28-a6d2-486e-88b3-c4c7bc294762/35-full.jpg"", ""https://krisha-photos.kcdn.online/webp/5d/5d868c28-a6d2-486e-88b3-c4c7bc294762/36-full.jpg"", ""https://krisha-photos.kcdn.online/webp/5d/5d868c28-a6d2-486e-88b3-c4c7bc294762/37-full.jpg"", ""https://krisha-photos.kcdn.online/webp/5d/5d868c28-a6d2-486e-88b3-c4c7bc294762/38-full.jpg"", ""https://krisha-photos.kcdn.online/webp/5d/5d868c28-a6d2-486e-88b3-c4c7bc294762/39-full.jpg"", ""https://krisha-photos.kcdn.online/webp/5d/5d868c28-a6d2-486e-88b3-c4c7bc294762/40-full.jpg"", ""https://krisha-photos.kcdn.online/webp/5d/5d868c28-a6d2-486e-88b3-c4c7bc294762/41-full.jpg"", ""https://krisha-photos.kcdn.online/webp/5d/5d868c28-a6d2-486e-88b3-c4c7bc294762/42-full.jpg"", ""https://krisha-photos.kcdn.online/webp/5d/5d868c28-a6d2-486e-88b3-c4c7bc294762/43-full.jpg"", ""https://krisha-photos.kcdn.online/webp/5d/5d868c28-a6d2-486e-88b3-c4c7bc294762/44-full.jpg"", ""https://krisha-photos.kcdn.online/webp/5d/5d868c28-a6d2-486e-88b3-c4c7bc294762/45-full.jpg"", ""https://krisha-photos.kcdn.online/webp/5d/5d868c28-a6d2-486e-88b3-c4c7bc294762/46-full.jpg"", ""https://krisha-photos.kcdn.online/webp/5d/5d868c28-a6d2-486e-88b3-c4c7bc294762/47-full.jpg"", ""https://krisha-photos.kcdn.online/webp/5d/5d868c28-a6d2-486e-88b3-c4c7bc294762/48-full.jpg"", ""https://krisha-photos.kcdn.online/webp/5d/5d868c28-a6d2-486e-88b3-c4c7bc294762/49-full.jpg"", ""https://krisha-photos.kcdn.online/webp/5d/5d868c28-a6d2-486e-88b3-c4c7bc294762/50-full.jpg"", ""https://krisha-photos.kcdn.online/webp/5d/5d868c28-a6d2-486e-88b3-c4c7bc294762/51-full.jpg"", ""https://krisha-photos.kcdn.online/webp/5d/5d868c28-a6d2-486e-88b3-c4c7bc294762/52-full.jpg"", ""https://krisha-photos.kcdn.online/webp/5d/5d868c28-a6d2-486e-88b3-c4c7bc294762/53-full.jpg"", ""https://krisha-photos.kcdn.online/webp/5d/5d868c28-a6d2-486e-88b3-c4c7bc294762/54-full.jpg"", ""https://krisha-photos.kcdn.online/webp/5d/5d868c28-a6d2-486e-88b3-c4c7bc294762/55-full.jpg"", ""https://krisha-photos.kcdn.online/webp/5d/5d868c28-a6d2-486e-88b3-c4c7bc294762/56-full.jpg"", ""https://krisha-photos.kcdn.online/webp/5d/5d868c28-a6d2-486e-88b3-c4c7bc294762/57-full.jpg"", ""https://krisha-photos.kcdn.online/webp/5d/5d868c28-a6d2-486e-88b3-c4c7bc294762/58-full.jpg"", ""https://krisha-photos.kcdn.online/webp/5d/5d868c28-a6d2-486e-88b3-c4c7bc294762/59-full.jpg"", ""https://krisha-photos.kcdn.online/webp/5d/5d868c28-a6d2-486e-88b3-c4c7bc294762/60-full.jpg"", ""https://krisha-photos.kcdn.online/webp/5d/5d868c28-a6d2-486e-88b3-c4c7bc294762/61-full.jpg"", ""https://krisha-photos.kcdn.online/webp/5d/5d868c28-a6d2-486e-88b3-c4c7bc294762/62-full.jpg"", ""https://krisha-photos.kcdn.online/webp/5d/5d868c28-a6d2-486e-88b3-c4c7bc294762/63-full.jpg"", ""https://krisha-photos.kcdn.online/webp/5d/5d868c28-a6d2-486e-88b3-c4c7bc294762/64-full.jpg"", ""https://krisha-photos.kcdn.online/webp/5d/5d868c28-a6d2-486e-88b3-c4c7bc294762/65-full.jpg"", ""https://krisha-photos.kcdn.online/webp/5d/5d868c28-a6d2-486e-88b3-c4c7bc294762/66-full.jpg"", ""https://krisha-photos.kcdn.online/webp/5d/5d868c28-a6d2-486e-88b3-c4c7bc294762/67-full.jpg"", ""https://krisha-photos.kcdn.online/webp/5d/5d868c28-a6d2-486e-88b3-c4c7bc294762/68-full.jpg"", ""https://krisha-photos.kcdn.online/webp/5d/5d868c28-a6d2-486e-88b3-c4c7bc294762/69-full.jpg"", ""https://krisha-photos.kcdn.online/webp/5d/5d868c28-a6d2-486e-88b3-c4c7bc294762/70-full.jpg"", ""https://krisha-photos.kcdn.online/webp/5d/5d868c28-a6d2-486e-88b3-c4c7bc294762/71-full.jpg"", ""https://krisha-photos.kcdn.online/webp/5d/5d868c28-a6d2-486e-88b3-c4c7bc294762/72-full.jpg"", ""https://krisha-photos.kcdn.online/webp/5d/5d868c28-a6d2-486e-88b3-c4c7bc294762/73-full.jpg"", ""https://krisha-photos.kcdn.online/webp/5d/5d868c28-a6d2-486e-88b3-c4c7bc294762/74-full.jpg"", ""https://krisha-photos.kcdn.online/webp/5d/5d868c28-a6d2-486e-88b3-c4c7bc294762/75-full.jpg""]",75,09bfeb9de93e1d8f16689c28f37da872902873689becc9b40f2c51d4c587177e,,Хозяин,False,2026-08-06,2026-08-03,2026-08-06,archive,2026-08-06T07:23:08+00:00,,stage1,not_live (storage=archive)
1012082086,https://krisha.kz/a/show/1012082086,1-комнатная квартира · 32 м² · 9/9 этаж,180000,за месяц,5625,1,32,9,9,Almaty_r-n,Astana,ul__A-102,11/2,51.129931,71.546078,,,,полностью,"свежий ремонт, новая мебель",,,,,"Сдам уютную новую квартиру-студию 32 кв. м. 
Никто ранее не проживал, квартира чистая, светлая и очень уютная. Полностью меблирована и готова к заселению. 
 
В квартире есть всё необходимое для комфортного проживания: 
• холодильник 
• шкаф 
• обеденный стол 
• диван 
• кухонный гарнитур 
• шторы 
 
Развитая инфраструктура рядом с домом: 
• детский сад «Жайна» — 2 минуты от дома 
• продуктовый магазин «Көркем» 
• Avocado mini market 
• Елдан mini market 
• оптовый магазин Metro 
• аптека «Тева» — 2 минуты от дома 
• остановка ЖК Amirel — 5 минут пешком 
 
Все магазины находятся в 2–3 минутах от дома. 
 
Подходит для одного человека, пары или сотрудников компании. 
 
💰 Аренда: 180 000 тг/мес + коммунальные услуги 
💵 Депозит: 50 000 тг","[""https://krisha-photos.kcdn.online/webp/b5/b57d7551-d520-4805-a0b5-1b24b20c8dae/1-full.jpg"", ""https://krisha-photos.kcdn.online/webp/b5/b57d7551-d520-4805-a0b5-1b24b20c8dae/2-full.jpg"", ""https://krisha-photos.kcdn.online/webp/b5/b57d7551-d520-4805-a0b5-1b24b20c8dae/3-full.jpg"", ""https://krisha-photos.kcdn.online/webp/b5/b57d7551-d520-4805-a0b5-1b24b20c8dae/4-full.jpg""]",4,7e91bd90f450490da767d2914a2a5ea224f9441501fbb521976d1c8fc712cb04,,Хозяин,False,2026-08-06,2026-05-10,2026-08-06,archive,2026-08-06T07:26:40+00:00,,stage1,not_live (storage=archive)
1014317675,https://krisha.kz/a/show/1014317675,1-комнатная квартира · 37 м² · 3/10 этаж,200000,за месяц,5405,1,37,3,10,Nura_r-n,Astana,Kultegin,11/1,51.134142,71.3715,,,,полностью,"свежий ремонт, новая мебель",нет,,,,"Сдам в аренду полноценную однокомнатную квартиру в новом доме комфорт+ класса на левом берегу столицы. Качественный ремонт. Зимой очень тепло. Удобное расположение дома, рядом несколько остановок, неподалеку ТРЦ ""Ханшатыр"", вокруг дома несколько школ (N°71, N°81, Astana English School для одаренных детей), баня Reika, Николаевские бани) и детские сады, ТД ""Мечта"", супермаркет Magnum, ВУЗы ""Казахский университет технологии и бизнеса"" и ""КазГЮУ им. М. С. Нарикбаева"". 200 000 тенге в месяц + коммуналка, депозит от 50 000 тенге. Освободится после 25.08.2026г.","[""https://krisha-photos.kcdn.online/webp/2b/2b46f144-0130-4cfb-b1c1-2b77a0c7047a/1-full.jpg"", ""https://krisha-photos.kcdn.online/webp/2b/2b46f144-0130-4cfb-b1c1-2b77a0c7047a/2-full.jpg"", ""https://krisha-photos.kcdn.online/webp/2b/2b46f144-0130-4cfb-b1c1-2b77a0c7047a/3-full.jpg"", ""https://krisha-photos.kcdn.online/webp/2b/2b46f144-0130-4cfb-b1c1-2b77a0c7047a/4-full.jpg"", ""https://krisha-photos.kcdn.online/webp/2b/2b46f144-0130-4cfb-b1c1-2b77a0c7047a/5-full.jpg"", ""https://krisha-photos.kcdn.online/webp/2b/2b46f144-0130-4cfb-b1c1-2b77a0c7047a/6-full.jpg"", ""https://krisha-photos.kcdn.online/webp/2b/2b46f144-0130-4cfb-b1c1-2b77a0c7047a/7-full.jpg"", ""https://krisha-photos.kcdn.online/webp/2b/2b46f144-0130-4cfb-b1c1-2b77a0c7047a/8-full.jpg"", ""https://krisha-photos.kcdn.online/webp/2b/2b46f144-0130-4cfb-b1c1-2b77a0c7047a/9-full.jpg"", ""https://krisha-photos.kcdn.online/webp/2b/2b46f144-0130-4cfb-b1c1-2b77a0c7047a/10-full.jpg"", ""https://krisha-photos.kcdn.online/webp/2b/2b46f144-0130-4cfb-b1c1-2b77a0c7047a/11-full.jpg"", ""https://krisha-photos.kcdn.online/webp/2b/2b46f144-0130-4cfb-b1c1-2b77a0c7047a/12-full.jpg"", ""https://krisha-photos.kcdn.online/webp/2b/2b46f144-0130-4cfb-b1c1-2b77a0c7047a/13-full.jpg"", ""https://krisha-photos.kcdn.online/webp/2b/2b46f144-0130-4cfb-b1c1-2b77a0c7047a/14-full.jpg"", ""https://krisha-photos.kcdn.online/webp/2b/2b46f144-0130-4cfb-b1c1-2b77a0c7047a/15-full.jpg"", ""https://krisha-photos.kcdn.online/webp/2b/2b46f144-0130-4cfb-b1c1-2b77a0c7047a/16-full.jpg"", ""https://krisha-photos.kcdn.online/webp/2b/2b46f144-0130-4cfb-b1c1-2b77a0c7047a/17-full.jpg""]",17,6cfff237b89a00fb9900b3fd4e473ec7b1d7a0f096d9cfa5c5bfb5d12a915344,,Хозяин,False,2026-08-06,2026-07-28,2026-08-06,archive,2026-08-06T07:29:43+00:00,,stage1,not_live (storage=archive)
1014311008,https://krisha.kz/a/show/1014311008,3-комнатная квартира · 98 м² · 3/9 этаж,350000,за месяц,3571,3,98,3,9,Esilyskiy_r-n,Astana,Sauran,4,51.125239648411,71.424479484558,8477260,sauran,Сауран,полностью,,нет,,,,"Рядом с Байтерек, Абу Даби плаза, LRT.школы и садики. Дипозит 50000 (возвратный) 
Услуги агентства 20%

Дом ориентировочно находится возле Достық","[""https://krisha-photos.kcdn.online/webp/d6/d6161bc5-f1f7-4471-a141-71e3cd7a9aab/1-full.jpg"", ""https://krisha-photos.kcdn.online/webp/d6/d6161bc5-f1f7-4471-a141-71e3cd7a9aab/2-full.jpg"", ""https://krisha-photos.kcdn.online/webp/d6/d6161bc5-f1f7-4471-a141-71e3cd7a9aab/3-full.jpg"", ""https://krisha-photos.kcdn.online/webp/d6/d6161bc5-f1f7-4471-a141-71e3cd7a9aab/4-full.jpg"", ""https://krisha-photos.kcdn.online/webp/d6/d6161bc5-f1f7-4471-a141-71e3cd7a9aab/5-full.jpg"", ""https://krisha-photos.kcdn.online/webp/d6/d6161bc5-f1f7-4471-a141-71e3cd7a9aab/6-full.jpg"", ""https://krisha-photos.kcdn.online/webp/d6/d6161bc5-f1f7-4471-a141-71e3cd7a9aab/7-full.jpg"", ""https://krisha-photos.kcdn.online/webp/d6/d6161bc5-f1f7-4471-a141-71e3cd7a9aab/8-full.jpg"", ""https://krisha-photos.kcdn.online/webp/d6/d6161bc5-f1f7-4471-a141-71e3cd7a9aab/9-full.jpg"", ""https://krisha-photos.kcdn.online/webp/d6/d6161bc5-f1f7-4471-a141-71e3cd7a9aab/10-full.jpg""]",10,ee8c893d6371e0e35a33a1fc3fd743df71a2b85148b2a8c065762952ecc6c21a,,Millenuim Realty,False,2026-08-06,2026-07-27,2026-08-06,archive,2026-08-06T07:33:02+00:00,,stage1,not_live (storage=archive)
1011676445,https://krisha.kz/a/show/1011676445,2-комнатная квартира · 35 м² · 1/3 этаж,180000,за месяц,5143,2,35,1,3,Nura_r-n,Astana,"Mkr_Urker,_ul__Nurkena_Abdirova",54,51.131694,71.288352,,,,полностью,"не новый, но аккуратный и чистый ремонт",,,,,"Сдам в аренду двухкомнатную квартиру (евродвушка смежная) в микрорайоне Уркер, 35 кв. м. . Кухня-студия. Вместимость - до 5 чел. Мебель, бытовая техника. Напротив спорткомплекса. Занятия на секциях для жителей Уркера - бесплатные. В шаговой доступности - государственный детский сад, школа, остановки, магазины.","[""https://krisha-photos.kcdn.online/webp/53/532c8054-dee5-454a-9869-3e4a1d2030c8/8-full.jpg"", ""https://krisha-photos.kcdn.online/webp/53/532c8054-dee5-454a-9869-3e4a1d2030c8/9-full.jpg"", ""https://krisha-photos.kcdn.online/webp/53/532c8054-dee5-454a-9869-3e4a1d2030c8/10-full.jpg"", ""https://krisha-photos.kcdn.online/webp/53/532c8054-dee5-454a-9869-3e4a1d2030c8/11-full.jpg"", ""https://krisha-photos.kcdn.online/webp/53/532c8054-dee5-454a-9869-3e4a1d2030c8/12-full.jpg"", ""https://krisha-photos.kcdn.online/webp/53/532c8054-dee5-454a-9869-3e4a1d2030c8/14-full.jpg"", ""https://krisha-photos.kcdn.online/webp/53/532c8054-dee5-454a-9869-3e4a1d2030c8/15-full.jpg""]",7,6c57fd0f73a734ac33bea91a961f1b01ffcc99533d43a1ca17d7e2b8bd637026,,Хозяин,False,2026-08-06,2026-04-26,2026-08-06,archive,2026-08-06T07:42:19+00:00,,stage1,not_live (storage=archive)
685355902,https://krisha.kz/a/show/685355902,2-комнатная квартира · 65 м² · 4/13 этаж,350000,за месяц,5385,2,65,4,13,Esilyskiy_r-n,Astana,Syganak,,51.128507028691,71.377909183284,14745747,shygys,Шыгыс,полностью,"не новый, но аккуратный и чистый ремонт",,,,,"Квартира по ул. Сыганак. Развитая инфраструктура, остановка в 50 м от дома. Рядом с домом Small, Magnum daily, несколько придомовых продовольственных магазинов, салоны красоты, кафе, кофейни, автомойки, 4 детских сада, школа Binom, парковочных мест достаточно много. Безопасно, спокойно, тихо. Двор изолирован от въезда автомобилей. Соседи взрослые люди, вообще не слышу их. есть интернет от Алма ТВ. Оставлю необходимую посуду, постельное белье, фен, сушилку для белья, чайник, сэндвичницу, пылесос.","[""https://krisha-photos.kcdn.online/webp/b6/b68bd218-acf9-4e9b-a123-4d5e714d4b97/1-full.jpg"", ""https://krisha-photos.kcdn.online/webp/b6/b68bd218-acf9-4e9b-a123-4d5e714d4b97/2-full.jpg"", ""https://krisha-photos.kcdn.online/webp/b6/b68bd218-acf9-4e9b-a123-4d5e714d4b97/4-full.jpg"", ""https://krisha-photos.kcdn.online/webp/b6/b68bd218-acf9-4e9b-a123-4d5e714d4b97/5-full.jpg"", ""https://krisha-photos.kcdn.online/webp/b6/b68bd218-acf9-4e9b-a123-4d5e714d4b97/6-full.jpg"", ""https://krisha-photos.kcdn.online/webp/b6/b68bd218-acf9-4e9b-a123-4d5e714d4b97/7-full.jpg"", ""https://krisha-photos.kcdn.online/webp/b6/b68bd218-acf9-4e9b-a123-4d5e714d4b97/8-full.jpg"", ""https://krisha-photos.kcdn.online/webp/b6/b68bd218-acf9-4e9b-a123-4d5e714d4b97/9-full.jpg"", ""https://krisha-photos.kcdn.online/webp/b6/b68bd218-acf9-4e9b-a123-4d5e714d4b97/10-full.jpg"", ""https://krisha-photos.kcdn.online/webp/b6/b68bd218-acf9-4e9b-a123-4d5e714d4b97/11-full.jpg"", ""https://krisha-photos.kcdn.online/webp/b6/b68bd218-acf9-4e9b-a123-4d5e714d4b97/12-full.jpg""]",11,a3f9f930eb822b921303f834de875015d1ef09087d23d9d357fd4b5fcc154de8,,Хозяин,False,2026-08-06,2023-06-06,2026-08-06,archive,2026-08-11T07:10:08+00:00,,stage1,not_live (storage=archive)
1013290181,https://krisha.kz/a/show/1013290181,2-комнатная квартира · 78 м² · 2/9 этаж,450000,за месяц,5769,2,78,2,9,Nura_r-n,Astana,Tole_bi,54,51.135014280606,71.399372891806,18029357,headlinerexclusive,GreenLine.Headliner Exclusive,,"свежий ремонт, новая мебель",нет,,,,"Сдаётся просторная и очень светлая квартира в новом жилом комплексе. В квартире свежий качественный ремонт, новая мебель и всё необходимое для комфортного проживания. ЖК новый, современный и уютный, с отличной инфраструктурой для всей семьи: есть Baby Room для детей и Fitness Room для занятий спортом. Ищем аккуратных и порядочных жильцов на длительный срок.","[""https://krisha-photos.kcdn.online/webp/51/515b1b03-ed89-4634-ad69-ccceb5928f8a/1-full.jpg"", ""https://krisha-photos.kcdn.online/webp/51/515b1b03-ed89-4634-ad69-ccceb5928f8a/2-full.jpg"", ""https://krisha-photos.kcdn.online/webp/51/515b1b03-ed89-4634-ad69-ccceb5928f8a/3-full.jpg"", ""https://krisha-photos.kcdn.online/webp/51/515b1b03-ed89-4634-ad69-ccceb5928f8a/4-full.jpg"", ""https://krisha-photos.kcdn.online/webp/51/515b1b03-ed89-4634-ad69-ccceb5928f8a/5-full.jpg"", ""https://krisha-photos.kcdn.online/webp/51/515b1b03-ed89-4634-ad69-ccceb5928f8a/6-full.jpg"", ""https://krisha-photos.kcdn.online/webp/51/515b1b03-ed89-4634-ad69-ccceb5928f8a/7-full.jpg"", ""https://krisha-photos.kcdn.online/webp/51/515b1b03-ed89-4634-ad69-ccceb5928f8a/8-full.jpg"", ""https://krisha-photos.kcdn.online/webp/51/515b1b03-ed89-4634-ad69-ccceb5928f8a/9-full.jpg"", ""https://krisha-photos.kcdn.online/webp/51/515b1b03-ed89-4634-ad69-ccceb5928f8a/10-full.jpg"", ""https://krisha-photos.kcdn.online/webp/51/515b1b03-ed89-4634-ad69-ccceb5928f8a/11-full.jpg"", ""https://krisha-photos.kcdn.online/webp/51/515b1b03-ed89-4634-ad69-ccceb5928f8a/12-full.jpg"", ""https://krisha-photos.kcdn.online/webp/51/515b1b03-ed89-4634-ad69-ccceb5928f8a/13-full.jpg""]",13,da2fef425bf3226e736a2f395e3dc7aab1b5bee9319aa562985fada110c643e1,,Хозяин,False,2026-08-06,2026-06-20,2026-08-06,archive,2026-08-11T07:10:08+00:00,,stage1,not_live (storage=archive)
1012844174,https://krisha.kz/a/show/1012844174,4-комнатная квартира · 180 м² · 7/8 этаж,2500000,за месяц,13889,4,180,7,8,Almaty_r-n,Astana,Amman,21,51.147870521783,71.442729195011,11436912,akbulakriviera,Akbulak Riviera,полностью,,,,,,,"[""https://krisha-photos.kcdn.online/webp/25/254f3027-973b-4530-a772-bf5e47955f82/1-full.jpg"", ""https://krisha-photos.kcdn.online/webp/25/254f3027-973b-4530-a772-bf5e47955f82/2-full.jpg"", ""https://krisha-photos.kcdn.online/webp/25/254f3027-973b-4530-a772-bf5e47955f82/3-full.jpg"", ""https://krisha-photos.kcdn.online/webp/25/254f3027-973b-4530-a772-bf5e47955f82/4-full.jpg"", ""https://krisha-photos.kcdn.online/webp/25/254f3027-973b-4530-a772-bf5e47955f82/5-full.jpg"", ""https://krisha-photos.kcdn.online/webp/25/254f3027-973b-4530-a772-bf5e47955f82/6-full.jpg""]",6,c6f05baf70e2ae0b754f2f9b3874dcd74b47d6db92c8afa00ce894d8b956dd95,,Кучурка Вера,False,2026-08-06,2026-06-05,2026-08-06,archive,2026-08-06T08:16:24+00:00,,stage1,not_live (storage=archive)
1014386880,https://krisha.kz/a/show/1014386880,3-комнатная квартира · 108 м² · 6/9 этаж,700000,за месяц,6944,3,108,6,9,Esilyskiy_r-n,Astana,Tole_bi,48,51.13145432921,71.398837758655,10355737,headliner,GreenLine.Headliner,полностью,"свежий ремонт, новая мебель",,,,,"⚜️сдаётся в аренду просторная полноценная 3-х комнатная квартира. РАСПАШОНКА ! 
⚜️в топовой локации левого берега 
⚜️развитая инфраструктура 
⚜️в 5 минутах ТРЦ ""Хан Шатыр"" ""Азия парк"" ""Сарайшик"" ""Байтерек"". 
⚜️ так же супермаркеты ""Гастроном"" ""SMALL"" ""MAGNUM"" 
 ⚜️в самом доме очень много Кофейни, продуктовых магазин. 
⚜️школы, сады 
ДЕПОЗИТ !

Дом ориентировочно находится возле ЕК-32","[""https://krisha-photos.kcdn.online/webp/4b/4b74de71-e858-4c7d-80ea-74051db63d9a/1-full.jpg"", ""https://krisha-photos.kcdn.online/webp/4b/4b74de71-e858-4c7d-80ea-74051db63d9a/2-full.jpg"", ""https://krisha-photos.kcdn.online/webp/4b/4b74de71-e858-4c7d-80ea-74051db63d9a/3-full.jpg"", ""https://krisha-photos.kcdn.online/webp/4b/4b74de71-e858-4c7d-80ea-74051db63d9a/4-full.jpg"", ""https://krisha-photos.kcdn.online/webp/4b/4b74de71-e858-4c7d-80ea-74051db63d9a/5-full.jpg"", ""https://krisha-photos.kcdn.online/webp/4b/4b74de71-e858-4c7d-80ea-74051db63d9a/6-full.jpg"", ""https://krisha-photos.kcdn.online/webp/4b/4b74de71-e858-4c7d-80ea-74051db63d9a/7-full.jpg"", ""https://krisha-photos.kcdn.online/webp/4b/4b74de71-e858-4c7d-80ea-74051db63d9a/8-full.jpg"", ""https://krisha-photos.kcdn.online/webp/4b/4b74de71-e858-4c7d-80ea-74051db63d9a/9-full.jpg"", ""https://krisha-photos.kcdn.online/webp/4b/4b74de71-e858-4c7d-80ea-74051db63d9a/10-full.jpg"", ""https://krisha-photos.kcdn.online/webp/4b/4b74de71-e858-4c7d-80ea-74051db63d9a/11-full.jpg"", ""https://krisha-photos.kcdn.online/webp/4b/4b74de71-e858-4c7d-80ea-74051db63d9a/12-full.jpg"", ""https://krisha-photos.kcdn.online/webp/4b/4b74de71-e858-4c7d-80ea-74051db63d9a/13-full.jpg"", ""https://krisha-photos.kcdn.online/webp/4b/4b74de71-e858-4c7d-80ea-74051db63d9a/14-full.jpg"", ""https://krisha-photos.kcdn.online/webp/4b/4b74de71-e858-4c7d-80ea-74051db63d9a/15-full.jpg"", ""https://krisha-photos.kcdn.online/webp/4b/4b74de71-e858-4c7d-80ea-74051db63d9a/16-full.jpg"", ""https://krisha-photos.kcdn.online/webp/4b/4b74de71-e858-4c7d-80ea-74051db63d9a/17-full.jpg"", ""https://krisha-photos.kcdn.online/webp/4b/4b74de71-e858-4c7d-80ea-74051db63d9a/18-full.jpg"", ""https://krisha-photos.kcdn.online/webp/4b/4b74de71-e858-4c7d-80ea-74051db63d9a/19-full.jpg"", ""https://krisha-photos.kcdn.online/webp/4b/4b74de71-e858-4c7d-80ea-74051db63d9a/20-full.jpg"", ""https://krisha-photos.kcdn.online/webp/4b/4b74de71-e858-4c7d-80ea-74051db63d9a/21-full.jpg"", ""https://krisha-photos.kcdn.online/webp/4b/4b74de71-e858-4c7d-80ea-74051db63d9a/22-full.jpg"", ""https://krisha-photos.kcdn.online/webp/4b/4b74de71-e858-4c7d-80ea-74051db63d9a/23-full.jpg"", ""https://krisha-photos.kcdn.online/webp/4b/4b74de71-e858-4c7d-80ea-74051db63d9a/24-full.jpg"", ""https://krisha-photos.kcdn.online/webp/4b/4b74de71-e858-4c7d-80ea-74051db63d9a/25-full.jpg"", ""https://krisha-photos.kcdn.online/webp/4b/4b74de71-e858-4c7d-80ea-74051db63d9a/26-full.jpg"", ""https://krisha-photos.kcdn.online/webp/4b/4b74de71-e858-4c7d-80ea-74051db63d9a/27-full.jpg"", ""https://krisha-photos.kcdn.online/webp/4b/4b74de71-e858-4c7d-80ea-74051db63d9a/28-full.jpg"", ""https://krisha-photos.kcdn.online/webp/4b/4b74de71-e858-4c7d-80ea-74051db63d9a/29-full.jpg"", ""https://krisha-photos.kcdn.online/webp/4b/4b74de71-e858-4c7d-80ea-74051db63d9a/30-full.jpg"", ""https://krisha-photos.kcdn.online/webp/4b/4b74de71-e858-4c7d-80ea-74051db63d9a/31-full.jpg"", ""https://krisha-photos.kcdn.online/webp/4b/4b74de71-e858-4c7d-80ea-74051db63d9a/32-full.jpg"", ""https://krisha-photos.kcdn.online/webp/4b/4b74de71-e858-4c7d-80ea-74051db63d9a/33-full.jpg"", ""https://krisha-photos.kcdn.online/webp/4b/4b74de71-e858-4c7d-80ea-74051db63d9a/34-full.jpg"", ""https://krisha-photos.kcdn.online/webp/4b/4b74de71-e858-4c7d-80ea-74051db63d9a/35-full.jpg"", ""https://krisha-photos.kcdn.online/webp/4b/4b74de71-e858-4c7d-80ea-74051db63d9a/36-full.jpg"", ""https://krisha-photos.kcdn.online/webp/4b/4b74de71-e858-4c7d-80ea-74051db63d9a/37-full.jpg""]",37,abb0eb823b4440a9732830ef12c388e0780781cc209b77f174bc2840f67c2fbf,,"Байменшеев Колдас, компания «Family Estate»",False,2026-08-06,2026-07-30,2026-08-06,archive,2026-08-11T07:10:08+00:00,,stage1,not_live (storage=archive)
1014386656,https://krisha.kz/a/show/1014386656,1-комнатная квартира · 40 м² · 22/24 этаж,200000,за месяц,5000,1,40,22,24,Almaty_r-n,Astana,Momyshuly,7,51.137958386145,71.46865236049,8477676,bajkonur,Байконур,полностью,без ремонта,,,,,,"[""https://krisha-photos.kcdn.online/webp/80/80217d4c-4c84-4a7f-b438-2b1a1956697c/1-full.jpg"", ""https://krisha-photos.kcdn.online/webp/80/80217d4c-4c84-4a7f-b438-2b1a1956697c/2-full.jpg"", ""https://krisha-photos.kcdn.online/webp/80/80217d4c-4c84-4a7f-b438-2b1a1956697c/3-full.jpg"", ""https://krisha-photos.kcdn.online/webp/80/80217d4c-4c84-4a7f-b438-2b1a1956697c/4-full.jpg"", ""https://krisha-photos.kcdn.online/webp/80/80217d4c-4c84-4a7f-b438-2b1a1956697c/5-full.jpg"", ""https://krisha-photos.kcdn.online/webp/80/80217d4c-4c84-4a7f-b438-2b1a1956697c/6-full.jpg"", ""https://krisha-photos.kcdn.online/webp/80/80217d4c-4c84-4a7f-b438-2b1a1956697c/7-full.jpg"", ""https://krisha-photos.kcdn.online/webp/80/80217d4c-4c84-4a7f-b438-2b1a1956697c/8-full.jpg"", ""https://krisha-photos.kcdn.online/webp/80/80217d4c-4c84-4a7f-b438-2b1a1956697c/9-full.jpg"", ""https://krisha-photos.kcdn.online/webp/80/80217d4c-4c84-4a7f-b438-2b1a1956697c/10-full.jpg"", ""https://krisha-photos.kcdn.online/webp/80/80217d4c-4c84-4a7f-b438-2b1a1956697c/11-full.jpg""]",11,e71b83dac0e26b30bc9765301eb098e6235e817d91d53c8fd89ec988c846d531,,Утебаева Светлана,False,2026-08-06,2026-07-30,2026-08-06,archive,2026-08-06T08:16:35+00:00,,stage1,not_live (storage=archive)
1014384183,https://krisha.kz/a/show/1014384183,3-комнатная квартира · 58 м² · 3/5 этаж,250000,за месяц,4310,3,58,3,5,Saryarka_r-n,Astana,Zhenis,39,51.177115,71.409705,,,,,"не новый, но аккуратный и чистый ремонт",нет,,,,"Сдам 3 комнатную квартиру, желательно семейным, добросовестным и чистоплотным. В квартире все есть для комфортного проживания, мебель, холодильник, кроме телевизора и стиральной машины. Цена аренды 250000 тенге+коммунальные услуги, обязательно депозит в размере 50000 тенге. Район отличный все рядом, поликлиника, школы, универы, колледжи, магазины!","[""https://krisha-photos.kcdn.online/webp/21/2178502d-809b-4dea-aaf9-c4d698597494/14-full.jpg"", ""https://krisha-photos.kcdn.online/webp/21/2178502d-809b-4dea-aaf9-c4d698597494/9-full.jpg"", ""https://krisha-photos.kcdn.online/webp/21/2178502d-809b-4dea-aaf9-c4d698597494/24-full.jpg"", ""https://krisha-photos.kcdn.online/webp/21/2178502d-809b-4dea-aaf9-c4d698597494/20-full.jpg"", ""https://krisha-photos.kcdn.online/webp/21/2178502d-809b-4dea-aaf9-c4d698597494/7-full.jpg"", ""https://krisha-photos.kcdn.online/webp/21/2178502d-809b-4dea-aaf9-c4d698597494/17-full.jpg"", ""https://krisha-photos.kcdn.online/webp/21/2178502d-809b-4dea-aaf9-c4d698597494/2-full.jpg"", ""https://krisha-photos.kcdn.online/webp/21/2178502d-809b-4dea-aaf9-c4d698597494/12-full.jpg"", ""https://krisha-photos.kcdn.online/webp/21/2178502d-809b-4dea-aaf9-c4d698597494/11-full.jpg"", ""https://krisha-photos.kcdn.online/webp/21/2178502d-809b-4dea-aaf9-c4d698597494/18-full.jpg"", ""https://krisha-photos.kcdn.online/webp/21/2178502d-809b-4dea-aaf9-c4d698597494/3-full.jpg"", ""https://krisha-photos.kcdn.online/webp/21/2178502d-809b-4dea-aaf9-c4d698597494/4-full.jpg"", ""https://krisha-photos.kcdn.online/webp/21/2178502d-809b-4dea-aaf9-c4d698597494/5-full.jpg"", ""https://krisha-photos.kcdn.online/webp/21/2178502d-809b-4dea-aaf9-c4d698597494/6-full.jpg"", ""https://krisha-photos.kcdn.online/webp/21/2178502d-809b-4dea-aaf9-c4d698597494/25-full.jpg"", ""https://krisha-photos.kcdn.online/webp/21/2178502d-809b-4dea-aaf9-c4d698597494/26-full.jpg"", ""https://krisha-photos.kcdn.online/webp/21/2178502d-809b-4dea-aaf9-c4d698597494/1-full.jpg"", ""https://krisha-photos.kcdn.online/webp/21/2178502d-809b-4dea-aaf9-c4d698597494/8-full.jpg"", ""https://krisha-photos.kcdn.online/webp/21/2178502d-809b-4dea-aaf9-c4d698597494/22-full.jpg"", ""https://krisha-photos.kcdn.online/webp/21/2178502d-809b-4dea-aaf9-c4d698597494/27-full.jpg"", ""https://krisha-photos.kcdn.online/webp/21/2178502d-809b-4dea-aaf9-c4d698597494/10-full.jpg"", ""https://krisha-photos.kcdn.online/webp/21/2178502d-809b-4dea-aaf9-c4d698597494/16-full.jpg"", ""https://krisha-photos.kcdn.online/webp/21/2178502d-809b-4dea-aaf9-c4d698597494/13-full.jpg"", ""https://krisha-photos.kcdn.online/webp/21/2178502d-809b-4dea-aaf9-c4d698597494/21-full.jpg"", ""https://krisha-photos.kcdn.online/webp/21/2178502d-809b-4dea-aaf9-c4d698597494/28-full.jpg"", ""https://krisha-photos.kcdn.online/webp/21/2178502d-809b-4dea-aaf9-c4d698597494/23-full.jpg"", ""https://krisha-photos.kcdn.online/webp/21/2178502d-809b-4dea-aaf9-c4d698597494/15-full.jpg"", ""https://krisha-photos.kcdn.online/webp/21/2178502d-809b-4dea-aaf9-c4d698597494/19-full.jpg""]",28,3e042bfba8cd268cb847df4fef9d07a4bf9011c797c46464385d22fea3d0bc36,,Избасканова Эльмира,False,2026-08-06,2026-07-30,2026-08-06,archive,2026-08-06T08:16:59+00:00,,stage1,not_live (storage=archive)
1014657876,https://krisha.kz/a/show/1014657876,2-комнатная квартира · 44 м² · 15/24 этаж,220000,за месяц,5000,2,44,15,24,Almaty_r-n,Astana,Baytursynova,12,51.123741836102,71.47994223662,8477566,zhanuja,Жануя,полностью,"не новый, но аккуратный и чистый ремонт",,,,,"Сдаётся уютная евродвушка с панорамным видом на центр города. Светлая, комфортная планировка. 
 
Рядом: набережная Есиль, станция ЛРТ, Парк Тысячелетия, театр, мечеть, школа — всё в шаговой доступности, в самом сердце культурной жизни столицы. 
 
Сдаётся паре, без детей и животных, некурящим.","[""https://krisha-photos.kcdn.online/webp/6a/6ac61cba-4b27-4a8e-9624-6ec95d3d925b/1-full.jpg"", ""https://krisha-photos.kcdn.online/webp/6a/6ac61cba-4b27-4a8e-9624-6ec95d3d925b/2-full.jpg"", ""https://krisha-photos.kcdn.online/webp/6a/6ac61cba-4b27-4a8e-9624-6ec95d3d925b/3-full.jpg"", ""https://krisha-photos.kcdn.online/webp/6a/6ac61cba-4b27-4a8e-9624-6ec95d3d925b/4-full.jpg"", ""https://krisha-photos.kcdn.online/webp/6a/6ac61cba-4b27-4a8e-9624-6ec95d3d925b/5-full.jpg"", ""https://krisha-photos.kcdn.online/webp/6a/6ac61cba-4b27-4a8e-9624-6ec95d3d925b/6-full.jpg"", ""https://krisha-photos.kcdn.online/webp/6a/6ac61cba-4b27-4a8e-9624-6ec95d3d925b/7-full.jpg"", ""https://krisha-photos.kcdn.online/webp/6a/6ac61cba-4b27-4a8e-9624-6ec95d3d925b/8-full.jpg"", ""https://krisha-photos.kcdn.online/webp/6a/6ac61cba-4b27-4a8e-9624-6ec95d3d925b/9-full.jpg"", ""https://krisha-photos.kcdn.online/webp/6a/6ac61cba-4b27-4a8e-9624-6ec95d3d925b/10-full.jpg"", ""https://krisha-photos.kcdn.online/webp/6a/6ac61cba-4b27-4a8e-9624-6ec95d3d925b/11-full.jpg"", ""https://krisha-photos.kcdn.online/webp/6a/6ac61cba-4b27-4a8e-9624-6ec95d3d925b/12-full.jpg"", ""https://krisha-photos.kcdn.online/webp/6a/6ac61cba-4b27-4a8e-9624-6ec95d3d925b/13-full.jpg"", ""https://krisha-photos.kcdn.online/webp/6a/6ac61cba-4b27-4a8e-9624-6ec95d3d925b/14-full.jpg"", ""https://krisha-photos.kcdn.online/webp/6a/6ac61cba-4b27-4a8e-9624-6ec95d3d925b/15-full.jpg""]",15,8cf55eee37f20e9dad06eb18eaccf5eda250b18e707145dbcc87c8677bb55c68,,Хозяин,False,2026-08-09,2026-08-08,2026-08-09,archive,2026-08-09T05:50:18+00:00,,stage1,not_live (storage=archive)
1010458969,https://krisha.kz/a/show/1010458969,1-комнатная квартира · 36.2 м² · 10/17 этаж,220000,за месяц,6077,1,36.2,10,17,Saryarka_r-n,Astana,Kumisbekova,2,51.16297542226,71.401143520597,10905925,jeruiyk,Жеруйык,полностью,"не новый, но аккуратный и чистый ремонт",,,,,"уютная однокомнатная квартира, со всеми удобствами, в удобном районе, в шаговой доступности магазины и развлекательные заведения, без животных, без маленьких детей, депозит в сумме месячной арендной платы.

Дом ориентировочно находится возле Кенесары","[""https://krisha-photos.kcdn.online/webp/ae/ae4b089f-d2ea-4512-a406-c1985ba02d3c/11-full.jpg"", ""https://krisha-photos.kcdn.online/webp/ae/ae4b089f-d2ea-4512-a406-c1985ba02d3c/12-full.jpg"", ""https://krisha-photos.kcdn.online/webp/ae/ae4b089f-d2ea-4512-a406-c1985ba02d3c/13-full.jpg"", ""https://krisha-photos.kcdn.online/webp/ae/ae4b089f-d2ea-4512-a406-c1985ba02d3c/14-full.jpg"", ""https://krisha-photos.kcdn.online/webp/ae/ae4b089f-d2ea-4512-a406-c1985ba02d3c/15-full.jpg"", ""https://krisha-photos.kcdn.online/webp/ae/ae4b089f-d2ea-4512-a406-c1985ba02d3c/16-full.jpg"", ""https://krisha-photos.kcdn.online/webp/ae/ae4b089f-d2ea-4512-a406-c1985ba02d3c/17-full.jpg"", ""https://krisha-photos.kcdn.online/webp/ae/ae4b089f-d2ea-4512-a406-c1985ba02d3c/18-full.jpg""]",8,b715af0d3632d80ead66bc3a05a30f969e1296f0cbaf03106654dc531d714ebc,,Хозяин,False,2026-08-09,2026-03-15,2026-08-09,archive,2026-08-09T06:04:40+00:00,,stage1,not_live (storage=archive)
51410529,https://krisha.kz/a/show/51410529,1-комнатная квартира · 55 м²,150000,за месяц,2727,1,55,,,Esilyskiy_r-n,Astana,Taybekova,90,51.136968,71.42035,,,,,,нет,,,,"Левый берег рядом КТЖ, Дом Министерств, Каз Медия, Оперный театр. 
На длительный срок, одному человеку или семейной паре без детей. 
Адрес Тайбекова 90.

Дом ориентировочно находится возле Сарайшик","[""https://krisha-photos.kcdn.online/webp/17/175a1a7f-9512-437f-b580-d067c3e48258/1-full.jpg"", ""https://krisha-photos.kcdn.online/webp/17/175a1a7f-9512-437f-b580-d067c3e48258/2-full.jpg"", ""https://krisha-photos.kcdn.online/webp/17/175a1a7f-9512-437f-b580-d067c3e48258/5-full.jpg"", ""https://krisha-photos.kcdn.online/webp/17/175a1a7f-9512-437f-b580-d067c3e48258/6-full.jpg"", ""https://krisha-photos.kcdn.online/webp/17/175a1a7f-9512-437f-b580-d067c3e48258/7-full.jpg"", ""https://krisha-photos.kcdn.online/webp/17/175a1a7f-9512-437f-b580-d067c3e48258/8-full.jpg"", ""https://krisha-photos.kcdn.online/webp/17/175a1a7f-9512-437f-b580-d067c3e48258/9-full.jpg""]",7,001957b7d778c4622fd812ff0348bad5e7e4776430ba47f0232ec7c9124255b3,,Хозяин,False,2026-08-09,2019-06-17,2026-08-09,archive,2026-08-09T06:05:52+00:00,,stage1,not_live (storage=archive)
1014666047,https://krisha.kz/a/show/1014666047,2-комнатная квартира · 36 м² · 3/9 этаж,170000,за месяц,4722,2,36,3,9,Almaty_r-n,Astana,A__Baytursynova,40,51.11240799858,71.542991145769,8640522,altynotau,Алтын Отау,полностью,,,,,,"Сдаётся ЕВРО 2х комнатная квартира в ЖК Алтын Отау, в районе вокзала Нурлы Жол. 
КУХНЯ-СТУДИЯ. 
СЕМЕЙНЫМ. 
Состояние как на фото. 
Я хозяйка, но сейчас не в городе. Показывать будет брат. 
Обязательный депозит 50.000 (пятьдесят тысяч) гарантирующий что вы проживете минимум 5 месяцев. 
Ежемесячно 170.000 + ком. услуги. Интернет можете подключить сами.

Дом ориентировочно находится возле Нурлы жол вокзал","[""https://krisha-photos.kcdn.online/webp/51/51389099-363a-4bf2-97c2-bb7271e4b45c/1-full.jpg"", ""https://krisha-photos.kcdn.online/webp/51/51389099-363a-4bf2-97c2-bb7271e4b45c/2-full.jpg"", ""https://krisha-photos.kcdn.online/webp/51/51389099-363a-4bf2-97c2-bb7271e4b45c/3-full.jpg"", ""https://krisha-photos.kcdn.online/webp/51/51389099-363a-4bf2-97c2-bb7271e4b45c/4-full.jpg"", ""https://krisha-photos.kcdn.online/webp/51/51389099-363a-4bf2-97c2-bb7271e4b45c/5-full.jpg"", ""https://krisha-photos.kcdn.online/webp/51/51389099-363a-4bf2-97c2-bb7271e4b45c/6-full.jpg"", ""https://krisha-photos.kcdn.online/webp/51/51389099-363a-4bf2-97c2-bb7271e4b45c/7-full.jpg"", ""https://krisha-photos.kcdn.online/webp/51/51389099-363a-4bf2-97c2-bb7271e4b45c/8-full.jpg""]",8,33e5417210246a2d0f525c443dc0e3840cfd0dfdcd1a53025f27ed2e12c89677,,Хозяин,False,2026-08-09,2026-08-09,2026-08-09,archive,2026-08-09T06:43:15+00:00,,stage1,not_live (storage=archive)
675452440,https://krisha.kz/a/show/675452440,1-комнатная квартира · 39.6 м² · 6/9 этаж,160000,за месяц,4040,1,39.6,6,9,Almaty_r-n,Astana,A_102,,51.128444,71.554136,8477316,otau,Отау,,"не новый, но аккуратный и чистый ремонт",,,,,"Сдам 1 - комнатную квартиру порядочным, чистоплотным семейным, без домашних животных. Студентам не беспокоить!Только на длительный СРОК! Район Метро, частично меблирована. Телевизора нет. 160 000 + ком услуги, депозит 40 000 с возвратом.","[""https://krisha-photos.kcdn.online/webp/fb/fba14f2c-a59b-4a2b-9fc3-1aa99d60e4ae/2-full.jpg"", ""https://krisha-photos.kcdn.online/webp/fb/fba14f2c-a59b-4a2b-9fc3-1aa99d60e4ae/5-full.jpg"", ""https://krisha-photos.kcdn.online/webp/fb/fba14f2c-a59b-4a2b-9fc3-1aa99d60e4ae/6-full.jpg"", ""https://krisha-photos.kcdn.online/webp/fb/fba14f2c-a59b-4a2b-9fc3-1aa99d60e4ae/7-full.jpg"", ""https://krisha-photos.kcdn.online/webp/fb/fba14f2c-a59b-4a2b-9fc3-1aa99d60e4ae/8-full.jpg"", ""https://krisha-photos.kcdn.online/webp/fb/fba14f2c-a59b-4a2b-9fc3-1aa99d60e4ae/9-full.jpg"", ""https://krisha-photos.kcdn.online/webp/fb/fba14f2c-a59b-4a2b-9fc3-1aa99d60e4ae/10-full.jpg""]",7,fdaab47660ca67aef677ec10c55003f1d68aee7552dc7a3c04bd19d095916c9f,,Хозяин,False,2026-08-09,2022-04-27,2026-08-09,archive,2026-08-11T07:10:08+00:00,,stage1,not_live (storage=archive)
678630867,https://krisha.kz/a/show/678630867,1-комнатная квартира · 45 м² · 12/12 этаж,210000,за месяц,4667,1,45,12,12,Esilyskiy_r-n,Astana,Sauran,3/1,51.122242,71.419797,8477272,sarmat-2,Сармат-2,полностью,,нет,,,,"После ремонта, депозит 50 тыс","[""https://krisha-photos.kcdn.online/webp/94/9406256f-102c-47aa-a33c-528619038319/1-full.jpg"", ""https://krisha-photos.kcdn.online/webp/94/9406256f-102c-47aa-a33c-528619038319/6-full.jpg"", ""https://krisha-photos.kcdn.online/webp/94/9406256f-102c-47aa-a33c-528619038319/7-full.jpg"", ""https://krisha-photos.kcdn.online/webp/94/9406256f-102c-47aa-a33c-528619038319/8-full.jpg"", ""https://krisha-photos.kcdn.online/webp/94/9406256f-102c-47aa-a33c-528619038319/9-full.jpg"", ""https://krisha-photos.kcdn.online/webp/94/9406256f-102c-47aa-a33c-528619038319/11-full.jpg"", ""https://krisha-photos.kcdn.online/webp/94/9406256f-102c-47aa-a33c-528619038319/12-full.jpg""]",7,f46690e46558701d2f046c389da508c244caccd7f62459403c5d3dcd1f00c4da,,Хозяин,False,2026-08-09,2022-09-06,2026-08-09,archive,2026-08-11T07:10:16+00:00,,stage1,not_live (storage=archive)
1006265554,https://krisha.kz/a/show/1006265554,2-комнатная квартира · 48 м² · 11/26 этаж,250000,за месяц,5208,2,48,11,26,Almaty_r-n,Astana,Petrova,10/1,51.148726730926,71.461744509288,8477330,orbita-2,Орбита-2,полностью,"не новый, но аккуратный и чистый ремонт",,,,,"Сдам помесячно светлую уютную евродвушку порядочным, надежным, аккуратным людям. 
Новый теплый ЖК комфорт-класса, чистый подъезд с консьержем, бесплатная парковка рядом с подъездом, детская площадка, тихий двор. Во дворе дома 28 школа-лицей, дет. садик. Рядом ТЦ Евразия, ТД Орбита, Магнум, Winox, ЕНУ. Отличная транспортная развязка - выезд на Сатпаева, Кажымукана, Тауелсиздик, удобно для быстрого выезда как на левый берег, так и в старый центр, рядом несколько крупных автобусных остановок. В шаговой доступности отличная прогулочная зона - набережная Гребного канала и площадь Защитников Отечества. Дополнительно оплачиваются ком. услуги (~12 тыс/мес) и возвратный депозит 50 тыс.

Дом ориентировочно находится возле ТД Орбита","[""https://krisha-photos.kcdn.online/webp/32/32626150-e3f6-44de-90b1-2d81669b2fa4/1-full.jpg"", ""https://krisha-photos.kcdn.online/webp/32/32626150-e3f6-44de-90b1-2d81669b2fa4/2-full.jpg"", ""https://krisha-photos.kcdn.online/webp/32/32626150-e3f6-44de-90b1-2d81669b2fa4/3-full.jpg"", ""https://krisha-photos.kcdn.online/webp/32/32626150-e3f6-44de-90b1-2d81669b2fa4/4-full.jpg"", ""https://krisha-photos.kcdn.online/webp/32/32626150-e3f6-44de-90b1-2d81669b2fa4/5-full.jpg"", ""https://krisha-photos.kcdn.online/webp/32/32626150-e3f6-44de-90b1-2d81669b2fa4/6-full.jpg"", ""https://krisha-photos.kcdn.online/webp/32/32626150-e3f6-44de-90b1-2d81669b2fa4/7-full.jpg"", ""https://krisha-photos.kcdn.online/webp/32/32626150-e3f6-44de-90b1-2d81669b2fa4/8-full.jpg"", ""https://krisha-photos.kcdn.online/webp/32/32626150-e3f6-44de-90b1-2d81669b2fa4/9-full.jpg"", ""https://krisha-photos.kcdn.online/webp/32/32626150-e3f6-44de-90b1-2d81669b2fa4/10-full.jpg""]",10,50ab603801e42620cec35a6bc01091c70df0e4e5dc774bea97fbe5090c1127f3,,Хозяин,False,2026-08-10,2025-10-15,2026-08-10,archive,2026-08-11T07:10:17+00:00,,stage1,not_live (storage=archive)
1014666221,https://krisha.kz/a/show/1014666221,2-комнатная квартира · 73 м² · 1/18 этаж,260000,за месяц,3562,2,73,1,18,Almaty_r-n,Astana,B__Momyshuly,,51.13836375035,71.470177453009,8477430,magistralnyj,Магистральный,полностью,"не новый, но аккуратный и чистый ремонт",,,,,Сдается двухкомнатная квартира на долгий срок. 260 000+ коммуналка. Депозит 50 тыс. Без животных!,"[""https://krisha-photos.kcdn.online/webp/6e/6ecbcc19-c4ee-4a4e-8df9-5092998b4152/1-full.jpg"", ""https://krisha-photos.kcdn.online/webp/6e/6ecbcc19-c4ee-4a4e-8df9-5092998b4152/2-full.jpg"", ""https://krisha-photos.kcdn.online/webp/6e/6ecbcc19-c4ee-4a4e-8df9-5092998b4152/3-full.jpg"", ""https://krisha-photos.kcdn.online/webp/6e/6ecbcc19-c4ee-4a4e-8df9-5092998b4152/4-full.jpg"", ""https://krisha-photos.kcdn.online/webp/6e/6ecbcc19-c4ee-4a4e-8df9-5092998b4152/5-full.jpg"", ""https://krisha-photos.kcdn.online/webp/6e/6ecbcc19-c4ee-4a4e-8df9-5092998b4152/6-full.jpg"", ""https://krisha-photos.kcdn.online/webp/6e/6ecbcc19-c4ee-4a4e-8df9-5092998b4152/7-full.jpg"", ""https://krisha-photos.kcdn.online/webp/6e/6ecbcc19-c4ee-4a4e-8df9-5092998b4152/8-full.jpg"", ""https://krisha-photos.kcdn.online/webp/6e/6ecbcc19-c4ee-4a4e-8df9-5092998b4152/9-full.jpg"", ""https://krisha-photos.kcdn.online/webp/6e/6ecbcc19-c4ee-4a4e-8df9-5092998b4152/10-full.jpg""]",10,9e04c85a8cb88c02a77c218033e1c02eb7fb611c3b4b576c0d5826b45bc8ea4c,,Хозяин,False,2026-08-09,2026-08-09,2026-08-09,archive,2026-08-11T07:10:19+00:00,,stage1,not_live (storage=archive)
1014697785,https://krisha.kz/a/show/1014697785,1-комнатная квартира · 42 м² · 2/9 этаж,220000,за месяц,5238,1,42,2,9,Saryarka_r-n,Astana,189ya_ulitsa,,51.171061635254,71.366275372211,16373061,legenda,Легенда,полностью,"свежий ремонт, новая мебель",,,,,"Сдаётся первый раз уютная 1 ком квартира в ЖК Легенда. Дом комфорт класса 
Красивый ремонт. Имеется вся техника и мебель. На долгий срок. 
Без животных. 
Депозит 50 тыс возвратный. 
Усгули АН 20%.","[""https://krisha-photos.kcdn.online/webp/2b/2bed1899-36d0-40e8-a650-dda7668f1559/1-full.jpg"", ""https://krisha-photos.kcdn.online/webp/2b/2bed1899-36d0-40e8-a650-dda7668f1559/2-full.jpg"", ""https://krisha-photos.kcdn.online/webp/2b/2bed1899-36d0-40e8-a650-dda7668f1559/3-full.jpg"", ""https://krisha-photos.kcdn.online/webp/2b/2bed1899-36d0-40e8-a650-dda7668f1559/4-full.jpg"", ""https://krisha-photos.kcdn.online/webp/2b/2bed1899-36d0-40e8-a650-dda7668f1559/5-full.jpg"", ""https://krisha-photos.kcdn.online/webp/2b/2bed1899-36d0-40e8-a650-dda7668f1559/6-full.jpg"", ""https://krisha-photos.kcdn.online/webp/2b/2bed1899-36d0-40e8-a650-dda7668f1559/7-full.jpg"", ""https://krisha-photos.kcdn.online/webp/2b/2bed1899-36d0-40e8-a650-dda7668f1559/8-full.jpg"", ""https://krisha-photos.kcdn.online/webp/2b/2bed1899-36d0-40e8-a650-dda7668f1559/9-full.jpg"", ""https://krisha-photos.kcdn.online/webp/2b/2bed1899-36d0-40e8-a650-dda7668f1559/10-full.jpg"", ""https://krisha-photos.kcdn.online/webp/2b/2bed1899-36d0-40e8-a650-dda7668f1559/11-full.jpg""]",11,d5663d5e96f6ee6b5d94d5fa445fe3687acf78cb6d566217ada05a0d17105c43,,Жанжұманов Темірлан,False,2026-08-11,2026-08-10,2026-08-11,archive,2026-08-11T07:11:46+00:00,,stage1,not_live (storage=archive)
1014320535,https://krisha.kz/a/show/1014320535,2-комнатная квартира · 50 м²,450000,за месяц,9000,2,50,,,Nura_r-n,Astana,Turan,39,51.128945243225,71.402328014156,17403217,evolution,Evolution,полностью,"свежий ремонт, новая мебель",,,,,"Предлагается абсолютно новая квартира в доме бизнес-класса ЖК Evolution, в престижном районе Хан Шатыра. 
 
✨ В квартире никто не проживал — вы будете первым жильцом. Выполнен качественный современный ремонт, установлена новая мебель и техника. Продуманная планировка, стильный интерьер и уютная атмосфера создают идеальные условия для комфортной жизни. 
 
Этот вариант отлично подойдет тем, кто ценит качество, комфорт и уют. 
 
📞 Подробнее по телефону. Звоните, ответим на все вопросы и организуем просмотр.","[""https://krisha-photos.kcdn.online/webp/58/587f68a4-9faf-463f-9bf7-88fe675bbfa2/1-full.jpg"", ""https://krisha-photos.kcdn.online/webp/58/587f68a4-9faf-463f-9bf7-88fe675bbfa2/2-full.jpg"", ""https://krisha-photos.kcdn.online/webp/58/587f68a4-9faf-463f-9bf7-88fe675bbfa2/3-full.jpg"", ""https://krisha-photos.kcdn.online/webp/58/587f68a4-9faf-463f-9bf7-88fe675bbfa2/4-full.jpg""]",4,59aa3af06e5008e1e5358d49d79af7a66cdf320f555acfc65d50a7620a2f0ede,,Ахметов Аблай,False,2026-08-03,2026-07-28,2026-08-03,live,2026-08-09T06:42:53+00:00,False,address_layout_dedup,"duplicate_address_layout (street='turan', house='39', floor='', rooms='2', square within 1.0m2)"
1014565847,https://krisha.kz/a/show/1014565847,1-комнатная квартира · 45 м² · 10/10 этаж,200000,за месяц,4444,1,45,10,10,Almaty_r-n,Astana,Aynakoly,62/1,51.129976,71.493994,,,,полностью,,,,,,"Сдаётся 1комнатная квартира на длительный срок, полностью упакована, в хорошем состоянии, семейным, девушкам, 50 тысяч депозит",[],0,,,Aigera,False,2026-08-05,2026-08-05,2026-08-05,live,2026-08-06T06:39:49+00:00,False,address_layout_dedup,"duplicate_address_layout (street='aynakoly', house='62/1', floor='10', rooms='1', square within 1.0m2)"
691280189,https://krisha.kz/a/show/691280189,1-комнатная квартира · 37 м² · 3 этаж,300000,за месяц,8108,1,37,3,,Esilyskiy_r-n,Astana,Kabanbay_Batyra,49,51.102294729323,71.405830613933,9888171,esilplaza,Esil Plaza,полностью,"свежий ремонт, новая мебель",,,,,"Сдам квартиру за 250000+ ком услуги

Дом ориентировочно находится возле Бухар жырау","[""https://krisha-photos.kcdn.online/webp/45/45f099f2-5530-4180-aa37-77e009dae68b/1-full.jpg"", ""https://krisha-photos.kcdn.online/webp/45/45f099f2-5530-4180-aa37-77e009dae68b/2-full.jpg"", ""https://krisha-photos.kcdn.online/webp/45/45f099f2-5530-4180-aa37-77e009dae68b/3-full.jpg"", ""https://krisha-photos.kcdn.online/webp/45/45f099f2-5530-4180-aa37-77e009dae68b/4-full.jpg"", ""https://krisha-photos.kcdn.online/webp/45/45f099f2-5530-4180-aa37-77e009dae68b/5-full.jpg"", ""https://krisha-photos.kcdn.online/webp/45/45f099f2-5530-4180-aa37-77e009dae68b/6-full.jpg"", ""https://krisha-photos.kcdn.online/webp/45/45f099f2-5530-4180-aa37-77e009dae68b/7-full.jpg"", ""https://krisha-photos.kcdn.online/webp/45/45f099f2-5530-4180-aa37-77e009dae68b/8-full.jpg""]",8,6150bf2194fcfa01009c3f30428d0019d9185c9963517ad8bddab8a97688e731,,Хозяин,False,2026-08-02,2024-02-08,2026-08-02,live,2026-08-11T07:10:08+00:00,False,address_layout_dedup,"duplicate_address_layout (street='kabanbay_batyra', house='49', floor='3', rooms='1', square within 1.0m2)"
760808406,https://krisha.kz/a/show/760808406,1-комнатная квартира · 37 м² · 3 этаж,250000,за месяц,6757,1,37,3,,,Astana,Kabanbay_batyra,49,51.102435,71.405797,,,,,,,,,,,"[""https://krisha-photos.kcdn.online/webp/07/0720a77b-e0bf-42f0-9762-68d373b59979/1-full.jpg"", ""https://krisha-photos.kcdn.online/webp/07/0720a77b-e0bf-42f0-9762-68d373b59979/2-full.jpg"", ""https://krisha-photos.kcdn.online/webp/07/0720a77b-e0bf-42f0-9762-68d373b59979/3-full.jpg"", ""https://krisha-photos.kcdn.online/webp/07/0720a77b-e0bf-42f0-9762-68d373b59979/4-full.jpg"", ""https://krisha-photos.kcdn.online/webp/07/0720a77b-e0bf-42f0-9762-68d373b59979/5-full.jpg"", ""https://krisha-photos.kcdn.online/webp/07/0720a77b-e0bf-42f0-9762-68d373b59979/6-full.jpg""]",6,3eba829af5b268a6c5f12be2843d7639de40858cd356b505442a4fd317bca43b,,Хозяин,False,2026-08-01,2025-01-31,2026-08-01,live,2026-08-11T07:10:08+00:00,False,address_layout_dedup,"duplicate_address_layout (street='kabanbay_batyra', house='49', floor='3', rooms='1', square within 1.0m2)"
1014311848,https://krisha.kz/a/show/1014311848,1-комнатная квартира · 30 м² · 3/5 этаж,200000,за месяц,6667,1,30,3,5,Esilyskiy_r-n,Astana,Aly-Farabi,76,51.050297909819,71.435591951099,21357950,,,частично,"свежий ремонт, новая мебель",,,,,"Сдаеися 1-комнатная квартира со свежим ремонтом, никто до этого не жил.",[],0,,,Хозяин,False,2026-08-03,2026-07-27,2026-08-03,live,2026-08-09T06:42:53+00:00,False,address_layout_dedup,"duplicate_address_layout (street='aly-farabi', house='76', floor='3', rooms='1', square within 1.0m2)"
1012865947,https://krisha.kz/a/show/1012865947,1-комнатная квартира · 31 м² · 3/6 этаж,200000,за месяц,6452,1,31,3,6,Esilyskiy_r-n,Astana,Aly-Farabi,76,51.050297909819,71.435591951099,21357950,,,полностью,,нет,,,,"Сдам 1-комнатную квартиру. Полностью свежемеблированная, вся домашняя техника новая, фильтр для воды, посуда имеется. В доме есть 3 магазина, в скором времени откроется семейное кафе-столовая. Рядом остановка лрт Есиль, автобусные остановки. Сдам одному человеку или паре. Курить и с животными запрещено. Арендная плата 200тысяч + коммунальные услуги + возвратный депозит 70 тысяч.

Дом ориентировочно находится возле Район аэропорта, напротив Пригородного","[""https://krisha-photos.kcdn.online/webp/e0/e06176d0-4ca1-4230-aa95-80cbfe1e10de/1-full.jpg"", ""https://krisha-photos.kcdn.online/webp/e0/e06176d0-4ca1-4230-aa95-80cbfe1e10de/2-full.jpg"", ""https://krisha-photos.kcdn.online/webp/e0/e06176d0-4ca1-4230-aa95-80cbfe1e10de/3-full.jpg"", ""https://krisha-photos.kcdn.online/webp/e0/e06176d0-4ca1-4230-aa95-80cbfe1e10de/4-full.jpg"", ""https://krisha-photos.kcdn.online/webp/e0/e06176d0-4ca1-4230-aa95-80cbfe1e10de/5-full.jpg"", ""https://krisha-photos.kcdn.online/webp/e0/e06176d0-4ca1-4230-aa95-80cbfe1e10de/6-full.jpg"", ""https://krisha-photos.kcdn.online/webp/e0/e06176d0-4ca1-4230-aa95-80cbfe1e10de/7-full.jpg""]",7,797a2d55c79764966ba293d8c4d0993ae6e69dc5bd4b202207747f1ecf24da8f,,Хозяин,False,2026-08-01,2026-06-06,2026-08-01,live,2026-08-06T07:56:44+00:00,False,address_layout_dedup,"duplicate_address_layout (street='aly-farabi', house='76', floor='3', rooms='1', square within 1.0m2)"
1014581961,https://krisha.kz/a/show/1014581961,1-комнатная квартира · 30.4 м² · 3/6 этаж,160000,за месяц,5263,1,30.4,3,6,Esilyskiy_r-n,Astana,Aly-Farabi,76,51.050745413405,71.436009894685,,,,полностью,"свежий ремонт, новая мебель",нет,,,,"Хорошим людям на счастливое проживание светлая квартира с балконом и панорамным окном на восход солнца в новом доме, с ремонтом и новой мебелью. 
ЖК «Ак Жол» в районе будущего нового МегаЦентра, рядом ЛРТ, новая мечеть, аэропорт

Дом ориентировочно находится возле Аэропорт","[""https://krisha-photos.kcdn.online/webp/00/006218d6-3cef-459f-867b-3bb3e2a437c3/4-full.jpg"", ""https://krisha-photos.kcdn.online/webp/00/006218d6-3cef-459f-867b-3bb3e2a437c3/1-full.jpg"", ""https://krisha-photos.kcdn.online/webp/00/006218d6-3cef-459f-867b-3bb3e2a437c3/2-full.jpg"", ""https://krisha-photos.kcdn.online/webp/00/006218d6-3cef-459f-867b-3bb3e2a437c3/3-full.jpg"", ""https://krisha-photos.kcdn.online/webp/00/006218d6-3cef-459f-867b-3bb3e2a437c3/5-full.jpg"", ""https://krisha-photos.kcdn.online/webp/00/006218d6-3cef-459f-867b-3bb3e2a437c3/6-full.jpg"", ""https://krisha-photos.kcdn.online/webp/00/006218d6-3cef-459f-867b-3bb3e2a437c3/7-full.jpg"", ""https://krisha-photos.kcdn.online/webp/00/006218d6-3cef-459f-867b-3bb3e2a437c3/8-full.jpg"", ""https://krisha-photos.kcdn.online/webp/00/006218d6-3cef-459f-867b-3bb3e2a437c3/9-full.jpg"", ""https://krisha-photos.kcdn.online/webp/00/006218d6-3cef-459f-867b-3bb3e2a437c3/10-full.jpg"", ""https://krisha-photos.kcdn.online/webp/00/006218d6-3cef-459f-867b-3bb3e2a437c3/13-full.jpg"", ""https://krisha-photos.kcdn.online/webp/00/006218d6-3cef-459f-867b-3bb3e2a437c3/14-full.jpg"", ""https://krisha-photos.kcdn.online/webp/00/006218d6-3cef-459f-867b-3bb3e2a437c3/15-full.jpg"", ""https://krisha-photos.kcdn.online/webp/00/006218d6-3cef-459f-867b-3bb3e2a437c3/16-full.jpg"", ""https://krisha-photos.kcdn.online/webp/00/006218d6-3cef-459f-867b-3bb3e2a437c3/17-full.jpg""]",15,18815db21ab805dff4c62a1abe246ab77a36e37780c7da63a3284d206b6eca47,,Хозяин,False,2026-08-06,2026-08-06,2026-08-06,live,2026-08-06T06:21:17+00:00,False,address_layout_dedup,"duplicate_address_layout (street='aly-farabi', house='76', floor='3', rooms='1', square within 1.0m2)"
1008644288,https://krisha.kz/a/show/1008644288,2-комнатная квартира · 47 м² · 5/12 этаж,280000,за месяц,5957,2,47,5,12,Almaty_r-n,Astana,Nazhmidenova,15,51.113684953615,71.51091803956,15283377,gimalai,Гималаи,частично,"свежий ремонт, новая мебель",,,,,"Жаңа жақсы новый ремонт. мектеп 115. 86 мектеп. Вином. Смолл. Фитнес клуб айрон мен. Дайын бизнес 250.000 мынға квартиранттар отыр. Өзіңіз тұрасаңыз да болады. квартираға өткізуге де болады.

Дом ориентировочно находится возле Улы дала","[""https://krisha-photos.kcdn.online/webp/ab/abaf94ce-c1cf-4bfc-afa6-cee944916c32/1-full.jpg"", ""https://krisha-photos.kcdn.online/webp/ab/abaf94ce-c1cf-4bfc-afa6-cee944916c32/2-full.jpg"", ""https://krisha-photos.kcdn.online/webp/ab/abaf94ce-c1cf-4bfc-afa6-cee944916c32/3-full.jpg"", ""https://krisha-photos.kcdn.online/webp/ab/abaf94ce-c1cf-4bfc-afa6-cee944916c32/4-full.jpg"", ""https://krisha-photos.kcdn.online/webp/ab/abaf94ce-c1cf-4bfc-afa6-cee944916c32/5-full.jpg""]",5,7e4b932c2aeadb749e9580d9c44e08c5514598d70c0ce48d55b7642b410bfa0a,,Хозяин,False,2026-08-01,2026-01-11,2026-08-01,live,2026-08-06T07:52:14+00:00,False,address_layout_dedup,"duplicate_address_layout (street='nazhmidenova', house='15', floor='5', rooms='2', square within 1.0m2)"
1014280802,https://krisha.kz/a/show/1014280802,2-комнатная квартира · 48 м² · 5/12 этаж,250000,за месяц,5208,2,48,5,12,Sarayshyk_r-n,Astana,Nazhmidenova,15,51.11373427086,71.510828639881,15283377,gimalai,Гималаи,,,нет,,,,Хорошие квартира свежие ремонт,[],0,,,Хозяин,False,2026-08-03,2026-07-26,2026-08-03,live,2026-08-06T07:32:12+00:00,False,address_layout_dedup,"duplicate_address_layout (street='nazhmidenova', house='15', floor='5', rooms='2', square within 1.0m2)"
1014606957,https://krisha.kz/a/show/1014606957,1-комнатная квартира · 38 м² · 11/15 этаж,210000,за месяц,5526,1,38,11,15,Nura_r-n,Astana,Shokina,9,51.12086198662,71.378853616964,,,,,"свежий ремонт, новая мебель",нет,,,,"Сдам 1- комнатную квартиру, в новом доме, ни кто не проживал. Сдам порядочным и чистоплотным людям не курящим. возле дома школа Бином, остановки рядом. Ежемясячно 210 000 + ком услуги.","[""https://krisha-photos.kcdn.online/webp/90/900667af-7115-4951-b8a7-66d8ea4b3080/1-full.jpg"", ""https://krisha-photos.kcdn.online/webp/90/900667af-7115-4951-b8a7-66d8ea4b3080/2-full.jpg"", ""https://krisha-photos.kcdn.online/webp/90/900667af-7115-4951-b8a7-66d8ea4b3080/3-full.jpg"", ""https://krisha-photos.kcdn.online/webp/90/900667af-7115-4951-b8a7-66d8ea4b3080/4-full.jpg"", ""https://krisha-photos.kcdn.online/webp/90/900667af-7115-4951-b8a7-66d8ea4b3080/5-full.jpg"", ""https://krisha-photos.kcdn.online/webp/90/900667af-7115-4951-b8a7-66d8ea4b3080/6-full.jpg"", ""https://krisha-photos.kcdn.online/webp/90/900667af-7115-4951-b8a7-66d8ea4b3080/7-full.jpg"", ""https://krisha-photos.kcdn.online/webp/90/900667af-7115-4951-b8a7-66d8ea4b3080/8-full.jpg"", ""https://krisha-photos.kcdn.online/webp/90/900667af-7115-4951-b8a7-66d8ea4b3080/9-full.jpg""]",9,579bf164e7ce6c5fdc43d1b7bb0df2723ad3208b91cb6ea2c2b53345d0bc5e13,,Хозяин,False,2026-08-06,2026-08-06,2026-08-06,live,2026-08-09T06:42:53+00:00,False,address_layout_dedup,"duplicate_address_layout (street='shokina', house='9', floor='11', rooms='1', square within 1.0m2)"
1003700300,https://krisha.kz/a/show/1003700300,4-комнатная квартира · 170 м² · 2/7 этаж,690000,за месяц,4059,4,170,2,7,Almaty_r-n,Astana,Kaldayakova,29,51.112335596014,71.501722696613,8479260,,Джамбул,полностью,"не новый, но аккуратный и чистый ремонт",,,,,"4 комнатная квартира сдаём на долгий срок в связи с переездом. Второй этаж два паркинга

Дом ориентировочно находится возле Нажмединова","[""https://krisha-photos.kcdn.online/webp/fd/fdf060b0-3824-42c6-8863-cc1a0a568a0f/1-full.jpg"", ""https://krisha-photos.kcdn.online/webp/fd/fdf060b0-3824-42c6-8863-cc1a0a568a0f/2-full.jpg"", ""https://krisha-photos.kcdn.online/webp/fd/fdf060b0-3824-42c6-8863-cc1a0a568a0f/3-full.jpg"", ""https://krisha-photos.kcdn.online/webp/fd/fdf060b0-3824-42c6-8863-cc1a0a568a0f/4-full.jpg"", ""https://krisha-photos.kcdn.online/webp/fd/fdf060b0-3824-42c6-8863-cc1a0a568a0f/5-full.jpg"", ""https://krisha-photos.kcdn.online/webp/fd/fdf060b0-3824-42c6-8863-cc1a0a568a0f/6-full.jpg"", ""https://krisha-photos.kcdn.online/webp/fd/fdf060b0-3824-42c6-8863-cc1a0a568a0f/7-full.jpg"", ""https://krisha-photos.kcdn.online/webp/fd/fdf060b0-3824-42c6-8863-cc1a0a568a0f/8-full.jpg"", ""https://krisha-photos.kcdn.online/webp/fd/fdf060b0-3824-42c6-8863-cc1a0a568a0f/9-full.jpg"", ""https://krisha-photos.kcdn.online/webp/fd/fdf060b0-3824-42c6-8863-cc1a0a568a0f/10-full.jpg""]",10,78ab15ffc302e1a678d9ab41b91eea2e73e0d9bab86d6a2bfa079cfe42e8172b,,Хозяин,False,2026-08-02,2025-07-22,2026-08-02,live,2026-08-11T07:10:08+00:00,False,address_layout_dedup,"duplicate_address_layout (street='kaldayakova', house='29', floor='2', rooms='4', square within 1.0m2)"
1014265857,https://krisha.kz/a/show/1014265857,2-комнатная квартира · 68 м²,300000,за месяц,4412,2,68,14,,Saryarka_r-n,Astana,Tlendieva,38,51.191106,71.336932,8478720,,По Тлендиева,частично,"свежий ремонт, новая мебель",,,,,"Сдаём 2-х комнатную квартиру, чистая, с ремонтом 
Рядом находится комфорт школа, трц, поликлиники",[],0,,,Хозяин,False,2026-08-02,2026-07-26,2026-08-02,live,2026-08-11T07:10:08+00:00,False,address_layout_dedup,"duplicate_address_layout (street='tlendieva', house='38', floor='14', rooms='2', square within 1.0m2)"
1002988398,https://krisha.kz/a/show/1002988398,2-комнатная квартира · 92 м² · 13/22 этаж,380000,за месяц,4130,2,92,13,22,Almaty_r-n,Astana,Kenesary,51,51.166728009752,71.434858124703,8477242,sezam,Сезам,полностью,"не новый, но аккуратный и чистый ремонт",,,,,"Сдам квартиру чистоплотным и порядочным людям. Квартира теплая, уютная и светлая. Район с развитой инфраструктурой. Школа, детские сады, супермаркеты все находится в шаговой доступности. 380тыс+комуслуги, возвратный депозит 100тыс! 
Дополнительные вопросы по телефону!","[""https://krisha-photos.kcdn.online/webp/0c/0c4ddd98-59ea-47d4-be3a-e3cd6ebb9c8f/12-full.jpg"", ""https://krisha-photos.kcdn.online/webp/0c/0c4ddd98-59ea-47d4-be3a-e3cd6ebb9c8f/13-full.jpg"", ""https://krisha-photos.kcdn.online/webp/0c/0c4ddd98-59ea-47d4-be3a-e3cd6ebb9c8f/14-full.jpg"", ""https://krisha-photos.kcdn.online/webp/0c/0c4ddd98-59ea-47d4-be3a-e3cd6ebb9c8f/15-full.jpg""]",4,e10bcd23a4af5a6bb1af6c7ec84f6def3a140940cdc7692a9df3664138eaf36b,,Хозяин,False,2026-08-02,2025-06-28,2026-08-02,live,2026-08-09T05:49:34+00:00,False,address_layout_dedup,"duplicate_address_layout (street='kenesary', house='51', floor='13', rooms='2', square within 1.0m2)"
1014432121,https://krisha.kz/a/show/1014432121,1-комнатная квартира · 38 м² · 2/9 этаж,250000,за месяц,6579,1,38,2,9,Nura_r-n,Astana,Tole_bi,46,51.124682016193,71.395806141313,10395867,novacityturan,Nova city на Туране,полностью,"не новый, но аккуратный и чистый ремонт",нет,,,,"🏡 Уютная 1-комнатная квартира в ЖК Nova City 1 — отличный вариант для жизни или инвестиций! 
📍 г. Астана, ул. Толе Би, 46 
Предлагается светлая и уютная квартира площадью 38, 5 м², расположенная на комфортном 2 этаже 9-этажного дома 2021 года постройки. 
Квартира с аккуратным косметическим ремонтом, полностью готова к проживанию. Удобная планировка позволяет рационально использовать каждый квадратный метр, а благодаря расположению на втором этаже жильё будет комфортным для людей любого возраста. 
Преимущества квартиры: 
✔ востребованный ЖК Nova City 1; 
✔ дом 2021 года постройки; 
✔ комфортный 2 этаж из 9; 
✔ светлая и тёплая квартира; 
✔ удобная планировка; 
✔ чистый подъезд и благоустроенный двор; 
✔ современные детские и спортивные площадки. 
В шаговой доступности находятся школы, детские сады, супермаркеты, аптеки, остановки общественного транспорта и всё необходимое для комфортной жизни. 
📞 Звоните, чтобы узнать подробности и договориться о просмотре!","[""https://krisha-photos.kcdn.online/webp/cc/cc5310a9-8800-4862-9854-e1dae63fe551/1-full.jpg"", ""https://krisha-photos.kcdn.online/webp/cc/cc5310a9-8800-4862-9854-e1dae63fe551/2-full.jpg"", ""https://krisha-photos.kcdn.online/webp/cc/cc5310a9-8800-4862-9854-e1dae63fe551/3-full.jpg"", ""https://krisha-photos.kcdn.online/webp/cc/cc5310a9-8800-4862-9854-e1dae63fe551/4-full.jpg"", ""https://krisha-photos.kcdn.online/webp/cc/cc5310a9-8800-4862-9854-e1dae63fe551/5-full.jpg"", ""https://krisha-photos.kcdn.online/webp/cc/cc5310a9-8800-4862-9854-e1dae63fe551/6-full.jpg"", ""https://krisha-photos.kcdn.online/webp/cc/cc5310a9-8800-4862-9854-e1dae63fe551/7-full.jpg"", ""https://krisha-photos.kcdn.online/webp/cc/cc5310a9-8800-4862-9854-e1dae63fe551/8-full.jpg"", ""https://krisha-photos.kcdn.online/webp/cc/cc5310a9-8800-4862-9854-e1dae63fe551/9-full.jpg"", ""https://krisha-photos.kcdn.online/webp/cc/cc5310a9-8800-4862-9854-e1dae63fe551/10-full.jpg"", ""https://krisha-photos.kcdn.online/webp/cc/cc5310a9-8800-4862-9854-e1dae63fe551/11-full.jpg"", ""https://krisha-photos.kcdn.online/webp/cc/cc5310a9-8800-4862-9854-e1dae63fe551/12-full.jpg"", ""https://krisha-photos.kcdn.online/webp/cc/cc5310a9-8800-4862-9854-e1dae63fe551/13-full.jpg"", ""https://krisha-photos.kcdn.online/webp/cc/cc5310a9-8800-4862-9854-e1dae63fe551/14-full.jpg"", ""https://krisha-photos.kcdn.online/webp/cc/cc5310a9-8800-4862-9854-e1dae63fe551/15-full.jpg"", ""https://krisha-photos.kcdn.online/webp/cc/cc5310a9-8800-4862-9854-e1dae63fe551/16-full.jpg"", ""https://krisha-photos.kcdn.online/webp/cc/cc5310a9-8800-4862-9854-e1dae63fe551/17-full.jpg"", ""https://krisha-photos.kcdn.online/webp/cc/cc5310a9-8800-4862-9854-e1dae63fe551/18-full.jpg"", ""https://krisha-photos.kcdn.online/webp/cc/cc5310a9-8800-4862-9854-e1dae63fe551/19-full.jpg""]",19,f1af708243c904c7450f5c8d6b85c26e4c077f72126d0fdef540aef9546e7d45,,Абильдина Сауле,False,2026-07-31,2026-07-31,2026-07-31,live,2026-08-11T07:10:08+00:00,False,address_layout_dedup,"duplicate_address_layout (street='tole_bi', house='46', floor='2', rooms='1', square within 1.0m2)"
1014134894,https://krisha.kz/a/show/1014134894,1-комнатная квартира · 38 м² · 2/9 этаж,250000,за месяц,6579,1,38,2,9,Esilyskiy_r-n,Astana,Tole_Bi,46,51.124493,71.395152,9939173,landmark,Landmark,полностью,"не новый, но аккуратный и чистый ремонт",нет,,,,"Сдается на длительный срок новая, уютная однокомнатная квартира в ЖК «Nova City на Туране"". 2 этаж из 9. 
 Свежий евроремонт, мебель, техника и сантехника. Видеодомофон. Интернет. Абсолютная безопасность, чистота и уют. Хорошие добрые соседи. 
 Отличная локация. Удобно и быстро можно добраться в любую часть города. 
ДЕПОЗИТ 50 000 тг + комуслуги","[""https://krisha-photos.kcdn.online/webp/ab/abb21713-b70a-4f2a-bddf-e8acd8005c17/18-full.jpg"", ""https://krisha-photos.kcdn.online/webp/ab/abb21713-b70a-4f2a-bddf-e8acd8005c17/25-full.jpg"", ""https://krisha-photos.kcdn.online/webp/ab/abb21713-b70a-4f2a-bddf-e8acd8005c17/11-full.jpg"", ""https://krisha-photos.kcdn.online/webp/ab/abb21713-b70a-4f2a-bddf-e8acd8005c17/9-full.jpg"", ""https://krisha-photos.kcdn.online/webp/ab/abb21713-b70a-4f2a-bddf-e8acd8005c17/14-full.jpg"", ""https://krisha-photos.kcdn.online/webp/ab/abb21713-b70a-4f2a-bddf-e8acd8005c17/20-full.jpg"", ""https://krisha-photos.kcdn.online/webp/ab/abb21713-b70a-4f2a-bddf-e8acd8005c17/10-full.jpg"", ""https://krisha-photos.kcdn.online/webp/ab/abb21713-b70a-4f2a-bddf-e8acd8005c17/30-full.jpg"", ""https://krisha-photos.kcdn.online/webp/ab/abb21713-b70a-4f2a-bddf-e8acd8005c17/8-full.jpg"", ""https://krisha-photos.kcdn.online/webp/ab/abb21713-b70a-4f2a-bddf-e8acd8005c17/19-full.jpg"", ""https://krisha-photos.kcdn.online/webp/ab/abb21713-b70a-4f2a-bddf-e8acd8005c17/29-full.jpg"", ""https://krisha-photos.kcdn.online/webp/ab/abb21713-b70a-4f2a-bddf-e8acd8005c17/31-full.jpg"", ""https://krisha-photos.kcdn.online/webp/ab/abb21713-b70a-4f2a-bddf-e8acd8005c17/12-full.jpg"", ""https://krisha-photos.kcdn.online/webp/ab/abb21713-b70a-4f2a-bddf-e8acd8005c17/17-full.jpg"", ""https://krisha-photos.kcdn.online/webp/ab/abb21713-b70a-4f2a-bddf-e8acd8005c17/28-full.jpg"", ""https://krisha-photos.kcdn.online/webp/ab/abb21713-b70a-4f2a-bddf-e8acd8005c17/24-full.jpg"", ""https://krisha-photos.kcdn.online/webp/ab/abb21713-b70a-4f2a-bddf-e8acd8005c17/13-full.jpg"", ""https://krisha-photos.kcdn.online/webp/ab/abb21713-b70a-4f2a-bddf-e8acd8005c17/22-full.jpg"", ""https://krisha-photos.kcdn.online/webp/ab/abb21713-b70a-4f2a-bddf-e8acd8005c17/23-full.jpg"", ""https://krisha-photos.kcdn.online/webp/ab/abb21713-b70a-4f2a-bddf-e8acd8005c17/27-full.jpg"", ""https://krisha-photos.kcdn.online/webp/ab/abb21713-b70a-4f2a-bddf-e8acd8005c17/16-full.jpg"", ""https://krisha-photos.kcdn.online/webp/ab/abb21713-b70a-4f2a-bddf-e8acd8005c17/21-full.jpg"", ""https://krisha-photos.kcdn.online/webp/ab/abb21713-b70a-4f2a-bddf-e8acd8005c17/15-full.jpg"", ""https://krisha-photos.kcdn.online/webp/ab/abb21713-b70a-4f2a-bddf-e8acd8005c17/7-full.jpg"", ""https://krisha-photos.kcdn.online/webp/ab/abb21713-b70a-4f2a-bddf-e8acd8005c17/26-full.jpg""]",25,501b18cc470305734ee8b579eeb320a329d62c6b43f250186e4c748074c2b2cb,,Избасканова Эльмира,False,2026-08-06,2026-07-21,2026-08-06,live,2026-08-11T07:10:08+00:00,False,address_layout_dedup,"duplicate_address_layout (street='tole_bi', house='46', floor='2', rooms='1', square within 1.0m2)"
1014392039,https://krisha.kz/a/show/1014392039,2-комнатная квартира · 50 м² · 6/20 этаж,330000,за месяц,6600,2,50,6,20,Esilyskiy_r-n,Astana,Mangilik_El,40/2,51.101479339719,71.429534918601,10328005,korkem4,Коркем 4,полностью,"свежий ремонт, новая мебель",,,,,"Сдаётся 2х комнатная квартира. 
Новая квартира с мебелью и ремонтом. 
Освободится с 1 августа.",[],0,,,Kazrealty,False,2026-07-30,2026-07-30,2026-07-30,live,2026-08-06T08:15:34+00:00,False,address_layout_dedup,"duplicate_address_layout (street='mangilik_el', house='40/2', floor='6', rooms='2', square within 1.0m2)"
1014549662,https://krisha.kz/a/show/1014549662,1-комнатная квартира · 36.4 м² · 3/5 этаж,200000,за месяц,5495,1,36.4,3,5,Almaty_r-n,Astana,Manasa,6,51.157009,71.489637,,,,полностью,"не новый, но аккуратный и чистый ремонт",нет,,,,"Сдаю квартиру на длительный. срок.

Дом ориентировочно находится возле Встреча, Гульжан","[""https://krisha-photos.kcdn.online/webp/82/82145b72-88ec-4aa6-b8e4-2995963a2512/1-full.jpg"", ""https://krisha-photos.kcdn.online/webp/82/82145b72-88ec-4aa6-b8e4-2995963a2512/2-full.jpg"", ""https://krisha-photos.kcdn.online/webp/82/82145b72-88ec-4aa6-b8e4-2995963a2512/3-full.jpg"", ""https://krisha-photos.kcdn.online/webp/82/82145b72-88ec-4aa6-b8e4-2995963a2512/4-full.jpg"", ""https://krisha-photos.kcdn.online/webp/82/82145b72-88ec-4aa6-b8e4-2995963a2512/5-full.jpg""]",5,b5012f39928dec76154c50f07003e5f3901dc2eab425b1479c33ccafc6603947,,Хозяин,False,2026-08-06,2026-08-04,2026-08-06,live,2026-08-06T06:20:21+00:00,False,address_layout_dedup,"duplicate_address_layout (street='manasa', house='6', floor='3', rooms='1', square within 1.0m2)"
1013777157,https://krisha.kz/a/show/1013777157,2-комнатная квартира · 63 м² · 2/16 этаж,300000,за месяц,4762,2,63,2,16,Esilyskiy_r-n,Astana,Uly_Dala,57,51.094556,71.437283,,,,полностью,,,,,,"ЖК Созвездие 
 
—Отличный район с развитой инфраструктурой 
Квартира очень уютная, есть всё необходимое для комфортного проживания, чистая, ухоженная. 
Предпочтения для работающих, платёжеспособных, порядочных арендаторов. Курить в квартире нельзя 
💵Цена: 300.000 + ком услуги 
💵Депозит: 60тыс

Дом ориентировочно находится возле Жошы Хан","[""https://krisha-photos.kcdn.online/webp/ed/ed3ba0ea-8252-4a36-bc80-e675e184098c/46-full.jpg"", ""https://krisha-photos.kcdn.online/webp/ed/ed3ba0ea-8252-4a36-bc80-e675e184098c/47-full.jpg"", ""https://krisha-photos.kcdn.online/webp/ed/ed3ba0ea-8252-4a36-bc80-e675e184098c/48-full.jpg"", ""https://krisha-photos.kcdn.online/webp/ed/ed3ba0ea-8252-4a36-bc80-e675e184098c/49-full.jpg"", ""https://krisha-photos.kcdn.online/webp/ed/ed3ba0ea-8252-4a36-bc80-e675e184098c/50-full.jpg"", ""https://krisha-photos.kcdn.online/webp/ed/ed3ba0ea-8252-4a36-bc80-e675e184098c/51-full.jpg"", ""https://krisha-photos.kcdn.online/webp/ed/ed3ba0ea-8252-4a36-bc80-e675e184098c/52-full.jpg"", ""https://krisha-photos.kcdn.online/webp/ed/ed3ba0ea-8252-4a36-bc80-e675e184098c/53-full.jpg"", ""https://krisha-photos.kcdn.online/webp/ed/ed3ba0ea-8252-4a36-bc80-e675e184098c/54-full.jpg""]",9,1c46a23ab5e0b5eabcfd29304dbebbe24ab1a494ad076ad7df321f01221789be,,"Разномасцева Ольга, компания «+ Империал»",False,2026-08-06,2026-07-08,2026-08-06,live,2026-08-06T05:52:00+00:00,False,address_layout_dedup,"duplicate_address_layout (street='uly_dala', house='57', floor='2', rooms='2', square within 1.0m2)"
1014556057,https://krisha.kz/a/show/1014556057,3-комнатная квартира · 85 м² · 10 этаж,500000,за месяц,5882,3,85,10,,Esilyskiy_r-n,Astana,Ryskulova,5/3,51.08639648312,71.410422371892,10763247,nexpocity,Nexpo City,полностью,,нет,,,,"сдается евро 3х комнатная квартира в жк Некспо сити, депозит, услуги агентства

Дом ориентировочно находится возле Ул.Т.Рыскулова","[""https://krisha-photos.kcdn.online/webp/57/57594c70-5373-4f4e-a086-2c601c284322/1-full.jpg"", ""https://krisha-photos.kcdn.online/webp/57/57594c70-5373-4f4e-a086-2c601c284322/2-full.jpg"", ""https://krisha-photos.kcdn.online/webp/57/57594c70-5373-4f4e-a086-2c601c284322/3-full.jpg"", ""https://krisha-photos.kcdn.online/webp/57/57594c70-5373-4f4e-a086-2c601c284322/4-full.jpg"", ""https://krisha-photos.kcdn.online/webp/57/57594c70-5373-4f4e-a086-2c601c284322/5-full.jpg"", ""https://krisha-photos.kcdn.online/webp/57/57594c70-5373-4f4e-a086-2c601c284322/6-full.jpg"", ""https://krisha-photos.kcdn.online/webp/57/57594c70-5373-4f4e-a086-2c601c284322/7-full.jpg"", ""https://krisha-photos.kcdn.online/webp/57/57594c70-5373-4f4e-a086-2c601c284322/8-full.jpg"", ""https://krisha-photos.kcdn.online/webp/57/57594c70-5373-4f4e-a086-2c601c284322/9-full.jpg"", ""https://krisha-photos.kcdn.online/webp/57/57594c70-5373-4f4e-a086-2c601c284322/10-full.jpg"", ""https://krisha-photos.kcdn.online/webp/57/57594c70-5373-4f4e-a086-2c601c284322/11-full.jpg"", ""https://krisha-photos.kcdn.online/webp/57/57594c70-5373-4f4e-a086-2c601c284322/12-full.jpg"", ""https://krisha-photos.kcdn.online/webp/57/57594c70-5373-4f4e-a086-2c601c284322/13-full.jpg""]",13,0541789bbf46fc559ee37d4cf75d15842b227c0a22a3eb72a1290f762ec6ed5a,,Жапабаева Ляззат,False,2026-08-06,2026-08-05,2026-08-06,live,2026-08-06T05:52:02+00:00,False,address_layout_dedup,"duplicate_address_layout (street='ryskulova', house='5/3', floor='10', rooms='3', square within 1.0m2)"
1007049765,https://krisha.kz/a/show/1007049765,2-комнатная квартира · 70 м² · 8/12 этаж,350000,за месяц,5000,2,70,8,12,Almaty_r-n,Astana,Bolekpaeva,1,51.124685,71.491775,8479134,,Аксиома,полностью,"не новый, но аккуратный и чистый ремонт",,,,,"ЖК Аксиома 
Стоимость с коммунальными. Сдается с паркоместом. Торг уместен. 
Кирпичный дом комфорт класса 
* ﻿﻿Локация: Акимат района Сарайшык, Поликлиника City, Медико оздоровительный центр Дарафит, СДЮСШОР #1, школы #83 и #72, 6 государственных детских садов Бәйшешек, Мөлдір, Еркем-ай, Шабыт, Жансая, Айгөлек, супермаркет Small, * Полноценная 2-комнатная квартира с парко местом (оплачивается отдельно). 
* ﻿﻿В квартире имеется все необходимое для комфортного проживания! 
Закрытый двор 
Большая дворовая территория, мини -парк 
Надземный паркинг 
Домофон 
Видеонаблюдение 
Мебель 
Техника 
* ﻿﻿На долгосрочный период семейной паре. 
* ﻿﻿Депозит возвратный 100000 тг. 
*Звонить по номеру p желательно. 
* Риелторов прошу не беспокоить!

Дом ориентировочно находится возле Район Сарайшык","[""https://krisha-photos.kcdn.online/webp/bb/bbb50e42-8b38-489e-af7b-6b71cd89c4d4/1-full.jpg"", ""https://krisha-photos.kcdn.online/webp/bb/bbb50e42-8b38-489e-af7b-6b71cd89c4d4/2-full.jpg"", ""https://krisha-photos.kcdn.online/webp/bb/bbb50e42-8b38-489e-af7b-6b71cd89c4d4/3-full.jpg"", ""https://krisha-photos.kcdn.online/webp/bb/bbb50e42-8b38-489e-af7b-6b71cd89c4d4/4-full.jpg"", ""https://krisha-photos.kcdn.online/webp/bb/bbb50e42-8b38-489e-af7b-6b71cd89c4d4/5-full.jpg"", ""https://krisha-photos.kcdn.online/webp/bb/bbb50e42-8b38-489e-af7b-6b71cd89c4d4/6-full.jpg"", ""https://krisha-photos.kcdn.online/webp/bb/bbb50e42-8b38-489e-af7b-6b71cd89c4d4/7-full.jpg"", ""https://krisha-photos.kcdn.online/webp/bb/bbb50e42-8b38-489e-af7b-6b71cd89c4d4/8-full.jpg"", ""https://krisha-photos.kcdn.online/webp/bb/bbb50e42-8b38-489e-af7b-6b71cd89c4d4/9-full.jpg"", ""https://krisha-photos.kcdn.online/webp/bb/bbb50e42-8b38-489e-af7b-6b71cd89c4d4/10-full.jpg"", ""https://krisha-photos.kcdn.online/webp/bb/bbb50e42-8b38-489e-af7b-6b71cd89c4d4/11-full.jpg"", ""https://krisha-photos.kcdn.online/webp/bb/bbb50e42-8b38-489e-af7b-6b71cd89c4d4/12-full.jpg"", ""https://krisha-photos.kcdn.online/webp/bb/bbb50e42-8b38-489e-af7b-6b71cd89c4d4/13-full.jpg"", ""https://krisha-photos.kcdn.online/webp/bb/bbb50e42-8b38-489e-af7b-6b71cd89c4d4/14-full.jpg""]",14,53bc725f073933aa5e328089f74feed646c4abc5dac5ef4a38d6599856880ddf,,Хозяин,False,2026-08-02,2025-11-11,2026-08-02,live,2026-08-11T07:10:08+00:00,False,address_layout_dedup,"duplicate_address_layout (street='bolekpaeva', house='1', floor='8', rooms='2', square within 1.0m2)"
1014216128,https://krisha.kz/a/show/1014216128,1-комнатная квартира · 39 м² · 9/9 этаж,220000,за месяц,5641,1,39,9,9,Nura_r-n,Astana,Maksut_Narikbaev,9,51.145975,71.382055,8477238,senym,Сеным,частично,"не новый, но аккуратный и чистый ремонт",,,,,"Квартира освобождается 25 августа. 
Можно студентам. 
Сама хозяйка. 
Депозит 50.000 тенге","[""https://krisha-photos.kcdn.online/webp/81/81e2efb2-deda-473a-8f4f-d289c80ede7e/9-full.jpg"", ""https://krisha-photos.kcdn.online/webp/81/81e2efb2-deda-473a-8f4f-d289c80ede7e/1-full.jpg"", ""https://krisha-photos.kcdn.online/webp/81/81e2efb2-deda-473a-8f4f-d289c80ede7e/10-full.jpg"", ""https://krisha-photos.kcdn.online/webp/81/81e2efb2-deda-473a-8f4f-d289c80ede7e/11-full.jpg"", ""https://krisha-photos.kcdn.online/webp/81/81e2efb2-deda-473a-8f4f-d289c80ede7e/2-full.jpg"", ""https://krisha-photos.kcdn.online/webp/81/81e2efb2-deda-473a-8f4f-d289c80ede7e/4-full.jpg"", ""https://krisha-photos.kcdn.online/webp/81/81e2efb2-deda-473a-8f4f-d289c80ede7e/7-full.jpg"", ""https://krisha-photos.kcdn.online/webp/81/81e2efb2-deda-473a-8f4f-d289c80ede7e/8-full.jpg""]",8,5a11901bc4e395e14571fb0421f2805f23cdb44c49cf08355dcf33c11516b06c,,Сембек Қымбат,False,2026-08-01,2026-07-24,2026-08-01,live,2026-08-06T07:47:39+00:00,False,address_layout_dedup,"duplicate_address_layout (street='maksut_narikbaev', house='9', floor='9', rooms='1', square within 1.0m2)"
1014544332,https://krisha.kz/a/show/1014544332,1-комнатная квартира · 39 м² · 3/15 этаж,230000,за месяц,5897,1,39,3,15,Esilyskiy_r-n,Astana,Chingiza_Aytmatova,77/8,51.165620544498,71.371253910177,19590809,kolsai,Kolsai,полностью,"свежий ремонт, новая мебель",,,,,"Сдаётся квартира ЖК Кольсай, вид на набережную. Техника, мебель вся новая, квартира ранее не сдавалась. 230000+коммунальные. Депозит 50000 тг

Дом ориентировочно находится возле Айтматова-Косшыгулулы-Набережная","[""https://krisha-photos.kcdn.online/webp/08/08b68719-54b4-4e77-93a9-cf20507ec472/11-full.jpg"", ""https://krisha-photos.kcdn.online/webp/08/08b68719-54b4-4e77-93a9-cf20507ec472/12-full.jpg"", ""https://krisha-photos.kcdn.online/webp/08/08b68719-54b4-4e77-93a9-cf20507ec472/13-full.jpg"", ""https://krisha-photos.kcdn.online/webp/08/08b68719-54b4-4e77-93a9-cf20507ec472/14-full.jpg"", ""https://krisha-photos.kcdn.online/webp/08/08b68719-54b4-4e77-93a9-cf20507ec472/15-full.jpg"", ""https://krisha-photos.kcdn.online/webp/08/08b68719-54b4-4e77-93a9-cf20507ec472/16-full.jpg""]",6,b8aa20de240b611c6e969be71f2554068a353380b6c17a8e5c48ae6aa2e8fcf9,,Хозяин,False,2026-08-06,2026-08-04,2026-08-06,live,2026-08-06T05:52:21+00:00,False,address_layout_dedup,"duplicate_address_layout (street='chingiza_aytmatova', house='77/8', floor='3', rooms='1', square within 1.0m2)"
1014572742,https://krisha.kz/a/show/1014572742,2-комнатная квартира · 58 м² · 6/7 этаж,270000,за месяц,4655,2,58,6,7,Nura_r-n,Astana,Muhamedhanova,28,51.143958,71.361654,,,,полностью,"не новый, но аккуратный и чистый ремонт",нет,,,,"Ремонт обычный, все необходимое есть, сдается на длительный срок, депозит 50 тыс","[""https://krisha-photos.kcdn.online/webp/4e/4e65ce3a-b064-4c4f-82dc-5e623a886063/1-full.jpg"", ""https://krisha-photos.kcdn.online/webp/4e/4e65ce3a-b064-4c4f-82dc-5e623a886063/2-full.jpg"", ""https://krisha-photos.kcdn.online/webp/4e/4e65ce3a-b064-4c4f-82dc-5e623a886063/3-full.jpg"", ""https://krisha-photos.kcdn.online/webp/4e/4e65ce3a-b064-4c4f-82dc-5e623a886063/4-full.jpg"", ""https://krisha-photos.kcdn.online/webp/4e/4e65ce3a-b064-4c4f-82dc-5e623a886063/5-full.jpg"", ""https://krisha-photos.kcdn.online/webp/4e/4e65ce3a-b064-4c4f-82dc-5e623a886063/6-full.jpg""]",6,fc2e53500a35f752cf6c8fe482d5d83f14579e467cb759716b7fbf77205de3bf,,Баймендиева Гульзира,False,2026-08-05,2026-08-05,2026-08-05,live,2026-08-11T07:10:08+00:00,False,address_layout_dedup,"duplicate_address_layout (street='muhamedhanova', house='28', floor='6', rooms='2', square within 1.0m2)"
1005022251,https://krisha.kz/a/show/1005022251,1-комнатная квартира · 30 м² · 2/6 этаж,200000,за месяц,6667,1,30,2,6,Saryarka_r-n,Astana,Bogenbay_batyra,6/2,51.175958,71.39226,,,,полностью,,,,,,"Феноменальная цена ! 
Читать внимательно! 
 
сдаются номера помесячно. На любой срок (1, 2, 3 месяца ) 
В номере свой с /у, мебель и техника 
 
это гостиница. 
 
Удобно для командировочных ! 
 
внутри суммы коммунальные ! 
нет депозита ! 
уборка номеров и смена постельного белья 
без риелторов ! 
 
можно на 1 месяц, можно на 3, 6, 12 месяцев 
Можно на долгий срок 
 
Так же есть две раздельные кровати

Дом ориентировочно находится возле Кумисбекова","[""https://krisha-photos.kcdn.online/webp/c8/c85577f9-8cd2-443c-9a38-250100a53b92/24-full.jpg"", ""https://krisha-photos.kcdn.online/webp/c8/c85577f9-8cd2-443c-9a38-250100a53b92/25-full.jpg"", ""https://krisha-photos.kcdn.online/webp/c8/c85577f9-8cd2-443c-9a38-250100a53b92/26-full.jpg"", ""https://krisha-photos.kcdn.online/webp/c8/c85577f9-8cd2-443c-9a38-250100a53b92/1-full.jpg"", ""https://krisha-photos.kcdn.online/webp/c8/c85577f9-8cd2-443c-9a38-250100a53b92/4-full.jpg"", ""https://krisha-photos.kcdn.online/webp/c8/c85577f9-8cd2-443c-9a38-250100a53b92/6-full.jpg"", ""https://krisha-photos.kcdn.online/webp/c8/c85577f9-8cd2-443c-9a38-250100a53b92/9-full.jpg"", ""https://krisha-photos.kcdn.online/webp/c8/c85577f9-8cd2-443c-9a38-250100a53b92/10-full.jpg"", ""https://krisha-photos.kcdn.online/webp/c8/c85577f9-8cd2-443c-9a38-250100a53b92/12-full.jpg"", ""https://krisha-photos.kcdn.online/webp/c8/c85577f9-8cd2-443c-9a38-250100a53b92/13-full.jpg"", ""https://krisha-photos.kcdn.online/webp/c8/c85577f9-8cd2-443c-9a38-250100a53b92/16-full.jpg"", ""https://krisha-photos.kcdn.online/webp/c8/c85577f9-8cd2-443c-9a38-250100a53b92/17-full.jpg"", ""https://krisha-photos.kcdn.online/webp/c8/c85577f9-8cd2-443c-9a38-250100a53b92/18-full.jpg"", ""https://krisha-photos.kcdn.online/webp/c8/c85577f9-8cd2-443c-9a38-250100a53b92/19-full.jpg"", ""https://krisha-photos.kcdn.online/webp/c8/c85577f9-8cd2-443c-9a38-250100a53b92/20-full.jpg"", ""https://krisha-photos.kcdn.online/webp/c8/c85577f9-8cd2-443c-9a38-250100a53b92/21-full.jpg"", ""https://krisha-photos.kcdn.online/webp/c8/c85577f9-8cd2-443c-9a38-250100a53b92/22-full.jpg"", ""https://krisha-photos.kcdn.online/webp/c8/c85577f9-8cd2-443c-9a38-250100a53b92/15-full.jpg"", ""https://krisha-photos.kcdn.online/webp/c8/c85577f9-8cd2-443c-9a38-250100a53b92/27-full.jpg"", ""https://krisha-photos.kcdn.online/webp/c8/c85577f9-8cd2-443c-9a38-250100a53b92/28-full.jpg""]",20,e9d5ce35a002e34e717655fbd73ec0c302680a80f78ff846e5634bad75c376d5,,Адилов Абылхаир,False,2026-08-06,2025-09-04,2026-08-06,live,2026-08-11T07:10:08+00:00,False,address_layout_dedup,"duplicate_address_layout (street='bogenbay_batyra', house='6/2', floor='2', rooms='1', square within 1.0m2)"
1009519158,https://krisha.kz/a/show/1009519158,1-комнатная квартира · 30 м² · 2/6 этаж,200000,за месяц,6667,1,30,2,6,Saryarka_r-n,Astana,Bogenbay_batyra,6/2,51.175958,71.39226,,,,,,,,,,"Сдаются номера в гостинице помесячно и посуточно (15.000 тг ) 
Кухни нет ! 
В номере свой с/у, мебель и техника 
Без депозита ‼️ 
Без риелторов 👍 
 
Внутри суммы коммунальные платежи ‼️ 
Уборка в номерах два раша в неделю 
Замена постельного белья раз в неделю 
 
Для тех кому надо снять на месяц или два, можно на долгий срок

Дом ориентировочно находится возле Кумисбекова","[""https://krisha-photos.kcdn.online/webp/58/583d5410-042c-416c-9414-5a138e614bf3/13-full.jpg"", ""https://krisha-photos.kcdn.online/webp/58/583d5410-042c-416c-9414-5a138e614bf3/2-full.jpg"", ""https://krisha-photos.kcdn.online/webp/58/583d5410-042c-416c-9414-5a138e614bf3/12-full.jpg"", ""https://krisha-photos.kcdn.online/webp/58/583d5410-042c-416c-9414-5a138e614bf3/1-full.jpg"", ""https://krisha-photos.kcdn.online/webp/58/583d5410-042c-416c-9414-5a138e614bf3/3-full.jpg"", ""https://krisha-photos.kcdn.online/webp/58/583d5410-042c-416c-9414-5a138e614bf3/4-full.jpg"", ""https://krisha-photos.kcdn.online/webp/58/583d5410-042c-416c-9414-5a138e614bf3/5-full.jpg"", ""https://krisha-photos.kcdn.online/webp/58/583d5410-042c-416c-9414-5a138e614bf3/11-full.jpg"", ""https://krisha-photos.kcdn.online/webp/58/583d5410-042c-416c-9414-5a138e614bf3/6-full.jpg"", ""https://krisha-photos.kcdn.online/webp/58/583d5410-042c-416c-9414-5a138e614bf3/7-full.jpg"", ""https://krisha-photos.kcdn.online/webp/58/583d5410-042c-416c-9414-5a138e614bf3/8-full.jpg"", ""https://krisha-photos.kcdn.online/webp/58/583d5410-042c-416c-9414-5a138e614bf3/9-full.jpg"", ""https://krisha-photos.kcdn.online/webp/58/583d5410-042c-416c-9414-5a138e614bf3/10-full.jpg"", ""https://krisha-photos.kcdn.online/webp/58/583d5410-042c-416c-9414-5a138e614bf3/14-full.jpg""]",14,5f1a3532a6bdf82aa784240ab6a57c7468b5602b05ea4b46ee3375b1c16a15e3,,Адилов Абылхаир,False,2026-08-04,2026-02-10,2026-08-04,live,2026-08-11T07:10:08+00:00,False,address_layout_dedup,"duplicate_address_layout (street='bogenbay_batyra', house='6/2', floor='2', rooms='1', square within 1.0m2)"
1006929665,https://krisha.kz/a/show/1006929665,1-комнатная квартира · 30 м² · 2/6 этаж,200000,за месяц,6667,1,30,2,6,Saryarka_r-n,Astana,Bogenbay_batyra,6/2,51.175958,71.39226,,,,,,,,,,"Читать внимательно ! 
 
Сдаются номера в гостинице, помесячно, В номере свой с/у, мебель и техника, можно на месяц, можно на 3, 6, 12 и более месяцев. Удобно для командировочных гостей, Внутри суммы коммунальные ❗️ 
WIFI❗️ 
уборка в неделю 2 раза, ❗️ 
замена постельного белья 1 раз в неделю❗️ 
Не надо оплачивать риелтору ❗️ 
уютные номера постельное белье от 5 звездочных отелей, матрасы ортопедические не проваленные, хорошая транспортная развязка в любую точку быстро можно добраться 
Бесплатно Интернет ‼️ 
Бесплатно коммунальные ‼️ 
Риелторам и депозит платить не надо ‼️ 
 
Так же есть две раздельные кровати

Дом ориентировочно находится возле Кумисбекова","[""https://krisha-photos.kcdn.online/webp/51/51901719-062d-4f1e-8dcb-2c9057a3223e/15-full.jpg"", ""https://krisha-photos.kcdn.online/webp/51/51901719-062d-4f1e-8dcb-2c9057a3223e/14-full.jpg"", ""https://krisha-photos.kcdn.online/webp/51/51901719-062d-4f1e-8dcb-2c9057a3223e/11-full.jpg"", ""https://krisha-photos.kcdn.online/webp/51/51901719-062d-4f1e-8dcb-2c9057a3223e/8-full.jpg"", ""https://krisha-photos.kcdn.online/webp/51/51901719-062d-4f1e-8dcb-2c9057a3223e/16-full.jpg"", ""https://krisha-photos.kcdn.online/webp/51/51901719-062d-4f1e-8dcb-2c9057a3223e/17-full.jpg"", ""https://krisha-photos.kcdn.online/webp/51/51901719-062d-4f1e-8dcb-2c9057a3223e/9-full.jpg"", ""https://krisha-photos.kcdn.online/webp/51/51901719-062d-4f1e-8dcb-2c9057a3223e/10-full.jpg"", ""https://krisha-photos.kcdn.online/webp/51/51901719-062d-4f1e-8dcb-2c9057a3223e/12-full.jpg"", ""https://krisha-photos.kcdn.online/webp/51/51901719-062d-4f1e-8dcb-2c9057a3223e/13-full.jpg"", ""https://krisha-photos.kcdn.online/webp/51/51901719-062d-4f1e-8dcb-2c9057a3223e/18-full.jpg"", ""https://krisha-photos.kcdn.online/webp/51/51901719-062d-4f1e-8dcb-2c9057a3223e/19-full.jpg""]",12,e587de65058267f7c263590284c691d045b189d1ebb7c3d7edd3aa87facabd82,,Адилов Абылхаир,False,2026-08-04,2025-11-07,2026-08-04,live,2026-08-11T07:10:08+00:00,False,address_layout_dedup,"duplicate_address_layout (street='bogenbay_batyra', house='6/2', floor='2', rooms='1', square within 1.0m2)"
1005106818,https://krisha.kz/a/show/1005106818,1-комнатная квартира · 30 м² · 2/6 этаж,220000,за месяц,7333,1,30,2,6,Esilyskiy_r-n,Astana,Bogenbay_batyra,6/2,51.175958,71.39226,,,,,,,,,,"сдаются номера помесячно в мини гостинице. 
внутри суммы коммунальные, не надо платить депозит, без риелторов 
 
сдаются на любой срок : 
месяц, 2 месяца и т д

Дом ориентировочно находится возле Кумисбекова","[""https://krisha-photos.kcdn.online/webp/df/dfeea4cf-8df2-4fc7-a490-7f2eb6695a10/1-full.jpg"", ""https://krisha-photos.kcdn.online/webp/df/dfeea4cf-8df2-4fc7-a490-7f2eb6695a10/2-full.jpg"", ""https://krisha-photos.kcdn.online/webp/df/dfeea4cf-8df2-4fc7-a490-7f2eb6695a10/3-full.jpg"", ""https://krisha-photos.kcdn.online/webp/df/dfeea4cf-8df2-4fc7-a490-7f2eb6695a10/4-full.jpg"", ""https://krisha-photos.kcdn.online/webp/df/dfeea4cf-8df2-4fc7-a490-7f2eb6695a10/5-full.jpg"", ""https://krisha-photos.kcdn.online/webp/df/dfeea4cf-8df2-4fc7-a490-7f2eb6695a10/6-full.jpg"", ""https://krisha-photos.kcdn.online/webp/df/dfeea4cf-8df2-4fc7-a490-7f2eb6695a10/7-full.jpg"", ""https://krisha-photos.kcdn.online/webp/df/dfeea4cf-8df2-4fc7-a490-7f2eb6695a10/8-full.jpg"", ""https://krisha-photos.kcdn.online/webp/df/dfeea4cf-8df2-4fc7-a490-7f2eb6695a10/9-full.jpg"", ""https://krisha-photos.kcdn.online/webp/df/dfeea4cf-8df2-4fc7-a490-7f2eb6695a10/10-full.jpg"", ""https://krisha-photos.kcdn.online/webp/df/dfeea4cf-8df2-4fc7-a490-7f2eb6695a10/11-full.jpg"", ""https://krisha-photos.kcdn.online/webp/df/dfeea4cf-8df2-4fc7-a490-7f2eb6695a10/15-full.jpg""]",12,e071755b73d89c62ce48b7d342668873e37579625beaebbf1de61b95b1b1ad0a,,Хозяин,False,2026-08-01,2025-09-06,2026-08-01,live,2026-08-11T07:10:08+00:00,False,address_layout_dedup,"duplicate_address_layout (street='bogenbay_batyra', house='6/2', floor='2', rooms='1', square within 1.0m2)"
1009783087,https://krisha.kz/a/show/1009783087,1-комнатная квартира · 30 м² · 2/6 этаж,200000,за месяц,6667,1,30,2,6,Saryarka_r-n,Astana,Bogenbay_batyra,6/2,51.175958,71.39226,,,,,,,,,,"Читать внимательно ! 
 
Сдаются номера в гостинице, помесячно, В номере свой с/у, мебель и техника, можно на месяц, можно на 3, 6, 12 и более месяцев. Удобно для командировочных гостей, Внутри суммы коммунальные ❗️ 
WIFI❗️ 
уборка в неделю 2 раза, ❗️ 
замена постельного белья 1 раз в неделю❗️ 
Не надо оплачивать риелтору ❗️ 
уютные номера постельное белье от 5 звездочных отелей, матрасы ортопедические не проваленные, хорошая транспортная развязка в любую точку быстро можно добраться 
Бесплатно Интернет ‼️ 
Бесплатно коммунальные ‼️ 
Риелторам и депозит платить не надо ‼️

Дом ориентировочно находится возле Кумисбекова","[""https://krisha-photos.kcdn.online/webp/3a/3afe867f-f0d0-4b1d-9cc5-194ec4e0fb05/13-full.jpg"", ""https://krisha-photos.kcdn.online/webp/3a/3afe867f-f0d0-4b1d-9cc5-194ec4e0fb05/15-full.jpg"", ""https://krisha-photos.kcdn.online/webp/3a/3afe867f-f0d0-4b1d-9cc5-194ec4e0fb05/1-full.jpg"", ""https://krisha-photos.kcdn.online/webp/3a/3afe867f-f0d0-4b1d-9cc5-194ec4e0fb05/2-full.jpg"", ""https://krisha-photos.kcdn.online/webp/3a/3afe867f-f0d0-4b1d-9cc5-194ec4e0fb05/7-full.jpg"", ""https://krisha-photos.kcdn.online/webp/3a/3afe867f-f0d0-4b1d-9cc5-194ec4e0fb05/3-full.jpg"", ""https://krisha-photos.kcdn.online/webp/3a/3afe867f-f0d0-4b1d-9cc5-194ec4e0fb05/4-full.jpg"", ""https://krisha-photos.kcdn.online/webp/3a/3afe867f-f0d0-4b1d-9cc5-194ec4e0fb05/5-full.jpg"", ""https://krisha-photos.kcdn.online/webp/3a/3afe867f-f0d0-4b1d-9cc5-194ec4e0fb05/6-full.jpg"", ""https://krisha-photos.kcdn.online/webp/3a/3afe867f-f0d0-4b1d-9cc5-194ec4e0fb05/8-full.jpg"", ""https://krisha-photos.kcdn.online/webp/3a/3afe867f-f0d0-4b1d-9cc5-194ec4e0fb05/9-full.jpg"", ""https://krisha-photos.kcdn.online/webp/3a/3afe867f-f0d0-4b1d-9cc5-194ec4e0fb05/10-full.jpg"", ""https://krisha-photos.kcdn.online/webp/3a/3afe867f-f0d0-4b1d-9cc5-194ec4e0fb05/11-full.jpg"", ""https://krisha-photos.kcdn.online/webp/3a/3afe867f-f0d0-4b1d-9cc5-194ec4e0fb05/12-full.jpg"", ""https://krisha-photos.kcdn.online/webp/3a/3afe867f-f0d0-4b1d-9cc5-194ec4e0fb05/14-full.jpg""]",15,af216b437812568ba23a5149c7d10d800ffc70ee7a2a7e3094a5d2037ee238de,,Адилов Абылхаир,False,2026-08-08,2026-02-19,2026-08-08,live,2026-08-11T07:10:08+00:00,False,address_layout_dedup,"duplicate_address_layout (street='bogenbay_batyra', house='6/2', floor='2', rooms='1', square within 1.0m2)"
1008458187,https://krisha.kz/a/show/1008458187,1-комнатная квартира · 30 м² · 2/6 этаж,200000,за месяц,6667,1,30,2,6,Saryarka_r-n,Astana,Bogenbay_batyra,6/2,51.175958,71.39226,,,,,,,,,,"Читать внимательно! 
 
Сдаются номера в гостинице 
В номере свой с /у, мебель и техника. 
Удобно для командировочных гостей, Можно на долгий срок ‼️ 
Внутри суммы коммунальные ❗️ 
WIFI❗️ 
уборка в неделю 2 раза, ❗️ 
замена постельного белья 1 раз в неделю❗️ 
 
Не надо оплачивать риелтору ❗️ 
Коммунальные не надо платить ‼️ 
 
уютные номера постельное белье от 5 звездочных отелей, матрасы ортопедические не проваленные, хорошая транспортная развязка в любую точку быстро можно добраться 
Бесплатно Интернет ‼️ 
Бесплатно коммунальные ‼️ 
Риелторам и депозит платить не надо ‼️

Дом ориентировочно находится возле Кумисбекова","[""https://krisha-photos.kcdn.online/webp/ed/edb7225a-1bef-45ef-9b5b-109b311bd52d/1-full.jpg"", ""https://krisha-photos.kcdn.online/webp/ed/edb7225a-1bef-45ef-9b5b-109b311bd52d/18-full.jpg"", ""https://krisha-photos.kcdn.online/webp/ed/edb7225a-1bef-45ef-9b5b-109b311bd52d/19-full.jpg"", ""https://krisha-photos.kcdn.online/webp/ed/edb7225a-1bef-45ef-9b5b-109b311bd52d/22-full.jpg"", ""https://krisha-photos.kcdn.online/webp/ed/edb7225a-1bef-45ef-9b5b-109b311bd52d/13-full.jpg"", ""https://krisha-photos.kcdn.online/webp/ed/edb7225a-1bef-45ef-9b5b-109b311bd52d/2-full.jpg"", ""https://krisha-photos.kcdn.online/webp/ed/edb7225a-1bef-45ef-9b5b-109b311bd52d/3-full.jpg"", ""https://krisha-photos.kcdn.online/webp/ed/edb7225a-1bef-45ef-9b5b-109b311bd52d/4-full.jpg"", ""https://krisha-photos.kcdn.online/webp/ed/edb7225a-1bef-45ef-9b5b-109b311bd52d/5-full.jpg"", ""https://krisha-photos.kcdn.online/webp/ed/edb7225a-1bef-45ef-9b5b-109b311bd52d/6-full.jpg"", ""https://krisha-photos.kcdn.online/webp/ed/edb7225a-1bef-45ef-9b5b-109b311bd52d/7-full.jpg"", ""https://krisha-photos.kcdn.online/webp/ed/edb7225a-1bef-45ef-9b5b-109b311bd52d/8-full.jpg"", ""https://krisha-photos.kcdn.online/webp/ed/edb7225a-1bef-45ef-9b5b-109b311bd52d/9-full.jpg"", ""https://krisha-photos.kcdn.online/webp/ed/edb7225a-1bef-45ef-9b5b-109b311bd52d/10-full.jpg"", ""https://krisha-photos.kcdn.online/webp/ed/edb7225a-1bef-45ef-9b5b-109b311bd52d/14-full.jpg"", ""https://krisha-photos.kcdn.online/webp/ed/edb7225a-1bef-45ef-9b5b-109b311bd52d/15-full.jpg"", ""https://krisha-photos.kcdn.online/webp/ed/edb7225a-1bef-45ef-9b5b-109b311bd52d/20-full.jpg"", ""https://krisha-photos.kcdn.online/webp/ed/edb7225a-1bef-45ef-9b5b-109b311bd52d/21-full.jpg""]",18,1df482524be02bc2aa50e977da512809dfaf4951d87c9bdcf71422201588ff66,,Адилов Абылхаир,False,2026-08-02,2026-01-05,2026-08-02,live,2026-08-09T06:42:53+00:00,False,address_layout_dedup,"duplicate_address_layout (street='bogenbay_batyra', house='6/2', floor='2', rooms='1', square within 1.0m2)"
1005543998,https://krisha.kz/a/show/1005543998,1-комнатная квартира · 30 м² · 2/6 этаж,200000,за месяц,6667,1,30,2,6,Saryarka_r-n,Astana,Bogenbay_batyra,6/2,51.175958,71.39226,,,,,,,,,,"Сдаются номера в гостинице помесячно В номере свой с/у, мебель и техника Без депозита ‼️ Без риелторов 👍 Внутри суммы коммунальные платежи ‼️ Уборка в номере два раша в неделю Замена постельного белья раз в неделю Для тех кому надо снять на месяц или два, можно на долгий срок

Дом ориентировочно находится возле Кумисбекова","[""https://krisha-photos.kcdn.online/webp/46/46136e0f-0e91-41a4-b714-dec2cb47bf57/19-full.jpg"", ""https://krisha-photos.kcdn.online/webp/46/46136e0f-0e91-41a4-b714-dec2cb47bf57/20-full.jpg"", ""https://krisha-photos.kcdn.online/webp/46/46136e0f-0e91-41a4-b714-dec2cb47bf57/21-full.jpg"", ""https://krisha-photos.kcdn.online/webp/46/46136e0f-0e91-41a4-b714-dec2cb47bf57/22-full.jpg""]",4,dadb01ae603d791d40919502b352446abb7f94b4733ee3699bd8cbe8d665bd16,,Адилов Абылхаир,False,2026-08-03,2025-09-21,2026-08-03,live,2026-08-09T06:42:53+00:00,False,address_layout_dedup,"duplicate_address_layout (street='bogenbay_batyra', house='6/2', floor='2', rooms='1', square within 1.0m2)"
1006830280,https://krisha.kz/a/show/1006830280,1-комнатная квартира · 33 м² · 2/6 этаж,200000,за месяц,6061,1,33,2,6,Saryarka_r-n,Astana,Bogenbay_batyra,6/2,51.175958,71.39226,,,,,,,,,,"Читать внимательно! 
 
Сдаются номера в гостинице, удобно для командировочных 
В номере свой с/у, метель, техника 
 
Можно на месяц, можно на 3/6/12 месяцев Внутри суммы коммунальные ❗️ 
WIFI❗️ 
уборка в неделю 2 раза, ❗️ 
замена постельного белья 1 раз в неделю❗️ 
Не надо оплачивать риелтору ❗️ 
уютные номера постельное белье от 5 звездочных отелей, матрасы ортопедические не проваленные, хорошая транспортная развязка в любую точку быстро можно добраться 
Бесплатно Интернет ‼️ 
Бесплатно коммунальные ‼️ 
Риелторам и депозит платить не надо

Дом ориентировочно находится возле Кумисбекова","[""https://krisha-photos.kcdn.online/webp/71/71035fe3-a5e8-45e7-8b64-890a2cd79b2f/28-full.jpg"", ""https://krisha-photos.kcdn.online/webp/71/71035fe3-a5e8-45e7-8b64-890a2cd79b2f/29-full.jpg"", ""https://krisha-photos.kcdn.online/webp/71/71035fe3-a5e8-45e7-8b64-890a2cd79b2f/8-full.jpg"", ""https://krisha-photos.kcdn.online/webp/71/71035fe3-a5e8-45e7-8b64-890a2cd79b2f/4-full.jpg"", ""https://krisha-photos.kcdn.online/webp/71/71035fe3-a5e8-45e7-8b64-890a2cd79b2f/10-full.jpg"", ""https://krisha-photos.kcdn.online/webp/71/71035fe3-a5e8-45e7-8b64-890a2cd79b2f/19-full.jpg"", ""https://krisha-photos.kcdn.online/webp/71/71035fe3-a5e8-45e7-8b64-890a2cd79b2f/11-full.jpg"", ""https://krisha-photos.kcdn.online/webp/71/71035fe3-a5e8-45e7-8b64-890a2cd79b2f/12-full.jpg"", ""https://krisha-photos.kcdn.online/webp/71/71035fe3-a5e8-45e7-8b64-890a2cd79b2f/13-full.jpg"", ""https://krisha-photos.kcdn.online/webp/71/71035fe3-a5e8-45e7-8b64-890a2cd79b2f/5-full.jpg"", ""https://krisha-photos.kcdn.online/webp/71/71035fe3-a5e8-45e7-8b64-890a2cd79b2f/6-full.jpg"", ""https://krisha-photos.kcdn.online/webp/71/71035fe3-a5e8-45e7-8b64-890a2cd79b2f/1-full.jpg"", ""https://krisha-photos.kcdn.online/webp/71/71035fe3-a5e8-45e7-8b64-890a2cd79b2f/9-full.jpg"", ""https://krisha-photos.kcdn.online/webp/71/71035fe3-a5e8-45e7-8b64-890a2cd79b2f/18-full.jpg"", ""https://krisha-photos.kcdn.online/webp/71/71035fe3-a5e8-45e7-8b64-890a2cd79b2f/14-full.jpg"", ""https://krisha-photos.kcdn.online/webp/71/71035fe3-a5e8-45e7-8b64-890a2cd79b2f/15-full.jpg"", ""https://krisha-photos.kcdn.online/webp/71/71035fe3-a5e8-45e7-8b64-890a2cd79b2f/16-full.jpg"", ""https://krisha-photos.kcdn.online/webp/71/71035fe3-a5e8-45e7-8b64-890a2cd79b2f/17-full.jpg"", ""https://krisha-photos.kcdn.online/webp/71/71035fe3-a5e8-45e7-8b64-890a2cd79b2f/21-full.jpg"", ""https://krisha-photos.kcdn.online/webp/71/71035fe3-a5e8-45e7-8b64-890a2cd79b2f/25-full.jpg"", ""https://krisha-photos.kcdn.online/webp/71/71035fe3-a5e8-45e7-8b64-890a2cd79b2f/30-full.jpg"", ""https://krisha-photos.kcdn.online/webp/71/71035fe3-a5e8-45e7-8b64-890a2cd79b2f/31-full.jpg""]",22,a60ef1f24ea148db5f777c874aa028892e82578bc48a2a1f4b7f555299eb4e33,,Адилов Абылхаир,False,2026-08-04,2025-11-04,2026-08-04,live,2026-08-11T07:10:08+00:00,False,address_layout_dedup,"duplicate_address_layout (street='bogenbay_batyra', house='6/2', floor='2', rooms='1', square within 1.0m2)"
1014555179,https://krisha.kz/a/show/1014555179,2-комнатная квартира · 58 м²,350000,за месяц,6034,2,58,12,,Nura_r-n,Astana,E900,10,51.137211,71.395628,,,,,,нет,,,,Сдается квартира новая светлая. В квартире никто не жил. Светлая просторная сдается на длительный срок.,"[""https://krisha-photos.kcdn.online/webp/02/02544baa-fc7b-4095-9c75-fe3862bf5fb2/1-full.jpg"", ""https://krisha-photos.kcdn.online/webp/02/02544baa-fc7b-4095-9c75-fe3862bf5fb2/2-full.jpg"", ""https://krisha-photos.kcdn.online/webp/02/02544baa-fc7b-4095-9c75-fe3862bf5fb2/3-full.jpg"", ""https://krisha-photos.kcdn.online/webp/02/02544baa-fc7b-4095-9c75-fe3862bf5fb2/4-full.jpg"", ""https://krisha-photos.kcdn.online/webp/02/02544baa-fc7b-4095-9c75-fe3862bf5fb2/5-full.jpg"", ""https://krisha-photos.kcdn.online/webp/02/02544baa-fc7b-4095-9c75-fe3862bf5fb2/6-full.jpg"", ""https://krisha-photos.kcdn.online/webp/02/02544baa-fc7b-4095-9c75-fe3862bf5fb2/7-full.jpg"", ""https://krisha-photos.kcdn.online/webp/02/02544baa-fc7b-4095-9c75-fe3862bf5fb2/8-full.jpg""]",8,7c2f9959b7af165e185f6b7a3b2a27fc5f02224a4c73086c3c11db931ad5fdbb,,Хозяин,False,2026-08-05,2026-08-05,2026-08-05,live,2026-08-11T07:10:08+00:00,False,address_layout_dedup,"duplicate_address_layout (street='e900', house='10', floor='12', rooms='2', square within 1.0m2)"
1013762633,https://krisha.kz/a/show/1013762633,3-комнатная квартира · 90 м² · 9/15 этаж,550000,за месяц,6111,3,90,9,15,Nura_r-n,Astana,Turan,43,51.125120888937,71.401972530615,10780709,grandturan,Grand Turan Comfort,полностью,,нет,,,,"Сдаётся в долгосрочную аренду 
3х комнатная квартира 
Дом комфорт + класса 
Bi group 
Закрытый двор 
Подземный паркинг 
Рядом есть все необходимые для комфортной жизни 
Депозит 300 тыс

Дом ориентировочно находится возле Сыганак","[""https://krisha-photos.kcdn.online/webp/a5/a551734e-c33f-4c68-8cb2-5165d1456f4f/27-full.jpg"", ""https://krisha-photos.kcdn.online/webp/a5/a551734e-c33f-4c68-8cb2-5165d1456f4f/28-full.jpg"", ""https://krisha-photos.kcdn.online/webp/a5/a551734e-c33f-4c68-8cb2-5165d1456f4f/29-full.jpg"", ""https://krisha-photos.kcdn.online/webp/a5/a551734e-c33f-4c68-8cb2-5165d1456f4f/30-full.jpg"", ""https://krisha-photos.kcdn.online/webp/a5/a551734e-c33f-4c68-8cb2-5165d1456f4f/31-full.jpg"", ""https://krisha-photos.kcdn.online/webp/a5/a551734e-c33f-4c68-8cb2-5165d1456f4f/32-full.jpg"", ""https://krisha-photos.kcdn.online/webp/a5/a551734e-c33f-4c68-8cb2-5165d1456f4f/33-full.jpg"", ""https://krisha-photos.kcdn.online/webp/a5/a551734e-c33f-4c68-8cb2-5165d1456f4f/34-full.jpg"", ""https://krisha-photos.kcdn.online/webp/a5/a551734e-c33f-4c68-8cb2-5165d1456f4f/35-full.jpg"", ""https://krisha-photos.kcdn.online/webp/a5/a551734e-c33f-4c68-8cb2-5165d1456f4f/36-full.jpg"", ""https://krisha-photos.kcdn.online/webp/a5/a551734e-c33f-4c68-8cb2-5165d1456f4f/37-full.jpg"", ""https://krisha-photos.kcdn.online/webp/a5/a551734e-c33f-4c68-8cb2-5165d1456f4f/38-full.jpg"", ""https://krisha-photos.kcdn.online/webp/a5/a551734e-c33f-4c68-8cb2-5165d1456f4f/39-full.jpg"", ""https://krisha-photos.kcdn.online/webp/a5/a551734e-c33f-4c68-8cb2-5165d1456f4f/40-full.jpg"", ""https://krisha-photos.kcdn.online/webp/a5/a551734e-c33f-4c68-8cb2-5165d1456f4f/41-full.jpg"", ""https://krisha-photos.kcdn.online/webp/a5/a551734e-c33f-4c68-8cb2-5165d1456f4f/42-full.jpg"", ""https://krisha-photos.kcdn.online/webp/a5/a551734e-c33f-4c68-8cb2-5165d1456f4f/43-full.jpg"", ""https://krisha-photos.kcdn.online/webp/a5/a551734e-c33f-4c68-8cb2-5165d1456f4f/44-full.jpg"", ""https://krisha-photos.kcdn.online/webp/a5/a551734e-c33f-4c68-8cb2-5165d1456f4f/45-full.jpg"", ""https://krisha-photos.kcdn.online/webp/a5/a551734e-c33f-4c68-8cb2-5165d1456f4f/46-full.jpg"", ""https://krisha-photos.kcdn.online/webp/a5/a551734e-c33f-4c68-8cb2-5165d1456f4f/47-full.jpg"", ""https://krisha-photos.kcdn.online/webp/a5/a551734e-c33f-4c68-8cb2-5165d1456f4f/48-full.jpg"", ""https://krisha-photos.kcdn.online/webp/a5/a551734e-c33f-4c68-8cb2-5165d1456f4f/49-full.jpg"", ""https://krisha-photos.kcdn.online/webp/a5/a551734e-c33f-4c68-8cb2-5165d1456f4f/25-full.jpg"", ""https://krisha-photos.kcdn.online/webp/a5/a551734e-c33f-4c68-8cb2-5165d1456f4f/50-full.jpg"", ""https://krisha-photos.kcdn.online/webp/a5/a551734e-c33f-4c68-8cb2-5165d1456f4f/26-full.jpg"", ""https://krisha-photos.kcdn.online/webp/a5/a551734e-c33f-4c68-8cb2-5165d1456f4f/51-full.jpg"", ""https://krisha-photos.kcdn.online/webp/a5/a551734e-c33f-4c68-8cb2-5165d1456f4f/24-full.jpg""]",28,d8752af212ac88a4b9ab3276f86c1fc62a7be8bada1b6a1ba7db818e9ef059f5,,"Бирбаев Даулет, компания «Freedom Real Estate»",False,2026-08-04,2026-07-07,2026-08-04,live,2026-08-11T07:10:08+00:00,False,address_layout_dedup,"duplicate_address_layout (street='turan', house='43', floor='9', rooms='3', square within 1.0m2)"
1009412393,https://krisha.kz/a/show/1009412393,2-комнатная квартира · 52 м² · 4/20 этаж,460000,за месяц,8846,2,52,4,20,Esilyskiy_r-n,Astana,Turar_Ryskulov,9,51.085718501461,71.418088651599,18142785,nexpotrend,Nexpo Trend,полностью,"свежий ремонт, новая мебель",,,,,"Достойна Вашего внимания квартира после свежего ремонта в новом ЖК NexpoTrend - бизнес-класс от надежного застройщика BI 
Group, 2025 года постройки, в которой никто не проживал. 
• Престижная локация нового центра Левого берега. 
• Квартира абсолютно новая, после качественного ремонта, выполненного с использованием премиальных материалов. Сантехника Grohe. 
• Удобная транспортная доступность, рядом MEGA 
Silk Way, Astana IT university, также Назарбаев 
Интеллектуальные школы, детский сад, кафе и остановки общественного транспорта. 
Условия аренды: 
• Сдаётся только на длительный срок 
• Аренда по договору 
• Депозит в размере 450 тыс обязателен (условие окончательное) 
• Только аккуратным и платёжеспособным арендаторам","[""https://krisha-photos.kcdn.online/webp/17/17c45627-6da9-477b-817e-6700a3efc83c/4-full.jpg"", ""https://krisha-photos.kcdn.online/webp/17/17c45627-6da9-477b-817e-6700a3efc83c/1-full.jpg"", ""https://krisha-photos.kcdn.online/webp/17/17c45627-6da9-477b-817e-6700a3efc83c/2-full.jpg"", ""https://krisha-photos.kcdn.online/webp/17/17c45627-6da9-477b-817e-6700a3efc83c/3-full.jpg"", ""https://krisha-photos.kcdn.online/webp/17/17c45627-6da9-477b-817e-6700a3efc83c/5-full.jpg"", ""https://krisha-photos.kcdn.online/webp/17/17c45627-6da9-477b-817e-6700a3efc83c/6-full.jpg"", ""https://krisha-photos.kcdn.online/webp/17/17c45627-6da9-477b-817e-6700a3efc83c/7-full.jpg"", ""https://krisha-photos.kcdn.online/webp/17/17c45627-6da9-477b-817e-6700a3efc83c/8-full.jpg""]",8,e496d09634a406abfb50feac69401ee50fa68716122bb95491d16e7f5282c329,,Маденият Назым,False,2026-08-04,2026-02-06,2026-08-04,live,2026-08-06T06:51:28+00:00,False,address_layout_dedup,"duplicate_address_layout (street='turar_ryskulov', house='9', floor='4', rooms='2', square within 1.0m2)"
1008463370,https://krisha.kz/a/show/1008463370,2-комнатная квартира · 55 м² · 11/12 этаж,400000,за месяц,7273,2,55,11,12,Nura_r-n,Astana,Turan,39,51.128945243225,71.402328014156,17403217,evolution,Evolution,полностью,"свежий ремонт, новая мебель",,,,,"Квартира как на фото 100% Абсолютно новая ! 
Есть депозит возвратный 200 тыс","[""https://krisha-photos.kcdn.online/webp/df/dff9e4c5-1f96-438a-9a8c-7b3713b3c1ec/1-full.jpg"", ""https://krisha-photos.kcdn.online/webp/df/dff9e4c5-1f96-438a-9a8c-7b3713b3c1ec/2-full.jpg"", ""https://krisha-photos.kcdn.online/webp/df/dff9e4c5-1f96-438a-9a8c-7b3713b3c1ec/3-full.jpg"", ""https://krisha-photos.kcdn.online/webp/df/dff9e4c5-1f96-438a-9a8c-7b3713b3c1ec/4-full.jpg"", ""https://krisha-photos.kcdn.online/webp/df/dff9e4c5-1f96-438a-9a8c-7b3713b3c1ec/5-full.jpg"", ""https://krisha-photos.kcdn.online/webp/df/dff9e4c5-1f96-438a-9a8c-7b3713b3c1ec/6-full.jpg"", ""https://krisha-photos.kcdn.online/webp/df/dff9e4c5-1f96-438a-9a8c-7b3713b3c1ec/7-full.jpg"", ""https://krisha-photos.kcdn.online/webp/df/dff9e4c5-1f96-438a-9a8c-7b3713b3c1ec/8-full.jpg"", ""https://krisha-photos.kcdn.online/webp/df/dff9e4c5-1f96-438a-9a8c-7b3713b3c1ec/9-full.jpg"", ""https://krisha-photos.kcdn.online/webp/df/dff9e4c5-1f96-438a-9a8c-7b3713b3c1ec/10-full.jpg"", ""https://krisha-photos.kcdn.online/webp/df/dff9e4c5-1f96-438a-9a8c-7b3713b3c1ec/11-full.jpg""]",11,7140a9cf757d34098fcf59778ec5a3c74a889cc318e49a39cfe23bc62b239dab,,"Бейбитулы Казыбек, компания «Major Team Apartanent »",False,2026-08-05,2026-01-05,2026-08-05,live,2026-08-09T06:42:53+00:00,False,address_layout_dedup,"duplicate_address_layout (street='turan', house='39', floor='11', rooms='2', square within 1.0m2)"
1013535297,https://krisha.kz/a/show/1013535297,2-комнатная квартира · 76 м² · 5/21 этаж,350000,за месяц,4605,2,76,5,21,Esilyskiy_r-n,Astana,Kabanbay_batyra,43V,51.113063633858,71.406240463257,8679072,highvill-park,Highvill Park,полностью,"свежий ремонт, новая мебель",,,,,"Квартира чистая, полностью с мебелью. Развитая инфраструктура. 350 000 + депозит + ком услуги.","[""https://krisha-photos.kcdn.online/webp/00/00c119a6-f880-4432-998f-4a1cb1d9eb45/1-full.jpg"", ""https://krisha-photos.kcdn.online/webp/00/00c119a6-f880-4432-998f-4a1cb1d9eb45/2-full.jpg"", ""https://krisha-photos.kcdn.online/webp/00/00c119a6-f880-4432-998f-4a1cb1d9eb45/3-full.jpg"", ""https://krisha-photos.kcdn.online/webp/00/00c119a6-f880-4432-998f-4a1cb1d9eb45/4-full.jpg"", ""https://krisha-photos.kcdn.online/webp/00/00c119a6-f880-4432-998f-4a1cb1d9eb45/5-full.jpg"", ""https://krisha-photos.kcdn.online/webp/00/00c119a6-f880-4432-998f-4a1cb1d9eb45/6-full.jpg"", ""https://krisha-photos.kcdn.online/webp/00/00c119a6-f880-4432-998f-4a1cb1d9eb45/7-full.jpg"", ""https://krisha-photos.kcdn.online/webp/00/00c119a6-f880-4432-998f-4a1cb1d9eb45/8-full.jpg"", ""https://krisha-photos.kcdn.online/webp/00/00c119a6-f880-4432-998f-4a1cb1d9eb45/9-full.jpg"", ""https://krisha-photos.kcdn.online/webp/00/00c119a6-f880-4432-998f-4a1cb1d9eb45/10-full.jpg"", ""https://krisha-photos.kcdn.online/webp/00/00c119a6-f880-4432-998f-4a1cb1d9eb45/11-full.jpg"", ""https://krisha-photos.kcdn.online/webp/00/00c119a6-f880-4432-998f-4a1cb1d9eb45/12-full.jpg"", ""https://krisha-photos.kcdn.online/webp/00/00c119a6-f880-4432-998f-4a1cb1d9eb45/13-full.jpg"", ""https://krisha-photos.kcdn.online/webp/00/00c119a6-f880-4432-998f-4a1cb1d9eb45/14-full.jpg""]",14,b2dc2d0b7efdcd30b8edefd95091127ef24cec86a02f0362102f1848dc57ff1c,,Хозяин,False,2026-08-05,2026-06-29,2026-08-05,live,2026-08-09T06:42:53+00:00,False,address_layout_dedup,"duplicate_address_layout (street='kabanbay_batyra', house='43v', floor='5', rooms='2', square within 1.0m2)"
1014641513,https://krisha.kz/a/show/1014641513,4-комнатная квартира · 120 м² · 9/12 этаж,650000,за месяц,5417,4,120,9,12,Esilyskiy_r-n,Astana,Sarayshyk,34,51.133746593399,71.428815945983,8477610,diplomat,Дипломат,полностью,"не новый, но аккуратный и чистый ремонт",,,,,"фото 100% 
коммунальные услуги отдельно 
есть всё для жизни, полностью упакованная 
депозит 
риэлторские услуги","[""https://krisha-photos.kcdn.online/webp/06/06a95ac5-e558-4d2b-9d20-fd7d7714e0a0/1-full.jpg"", ""https://krisha-photos.kcdn.online/webp/06/06a95ac5-e558-4d2b-9d20-fd7d7714e0a0/2-full.jpg"", ""https://krisha-photos.kcdn.online/webp/06/06a95ac5-e558-4d2b-9d20-fd7d7714e0a0/3-full.jpg"", ""https://krisha-photos.kcdn.online/webp/06/06a95ac5-e558-4d2b-9d20-fd7d7714e0a0/4-full.jpg"", ""https://krisha-photos.kcdn.online/webp/06/06a95ac5-e558-4d2b-9d20-fd7d7714e0a0/5-full.jpg"", ""https://krisha-photos.kcdn.online/webp/06/06a95ac5-e558-4d2b-9d20-fd7d7714e0a0/6-full.jpg"", ""https://krisha-photos.kcdn.online/webp/06/06a95ac5-e558-4d2b-9d20-fd7d7714e0a0/7-full.jpg"", ""https://krisha-photos.kcdn.online/webp/06/06a95ac5-e558-4d2b-9d20-fd7d7714e0a0/8-full.jpg"", ""https://krisha-photos.kcdn.online/webp/06/06a95ac5-e558-4d2b-9d20-fd7d7714e0a0/9-full.jpg"", ""https://krisha-photos.kcdn.online/webp/06/06a95ac5-e558-4d2b-9d20-fd7d7714e0a0/10-full.jpg"", ""https://krisha-photos.kcdn.online/webp/06/06a95ac5-e558-4d2b-9d20-fd7d7714e0a0/11-full.jpg"", ""https://krisha-photos.kcdn.online/webp/06/06a95ac5-e558-4d2b-9d20-fd7d7714e0a0/12-full.jpg"", ""https://krisha-photos.kcdn.online/webp/06/06a95ac5-e558-4d2b-9d20-fd7d7714e0a0/13-full.jpg"", ""https://krisha-photos.kcdn.online/webp/06/06a95ac5-e558-4d2b-9d20-fd7d7714e0a0/14-full.jpg"", ""https://krisha-photos.kcdn.online/webp/06/06a95ac5-e558-4d2b-9d20-fd7d7714e0a0/15-full.jpg"", ""https://krisha-photos.kcdn.online/webp/06/06a95ac5-e558-4d2b-9d20-fd7d7714e0a0/16-full.jpg"", ""https://krisha-photos.kcdn.online/webp/06/06a95ac5-e558-4d2b-9d20-fd7d7714e0a0/17-full.jpg"", ""https://krisha-photos.kcdn.online/webp/06/06a95ac5-e558-4d2b-9d20-fd7d7714e0a0/18-full.jpg"", ""https://krisha-photos.kcdn.online/webp/06/06a95ac5-e558-4d2b-9d20-fd7d7714e0a0/19-full.jpg""]",19,60f554de9241077c5c71cc8d42b703bb93a8d0513f3f8acbcc8418cd3aa13f41,,Зейнулла Жауқазын,False,2026-08-08,2026-08-08,2026-08-08,live,2026-08-11T07:10:08+00:00,False,address_layout_dedup,"duplicate_address_layout (street='sarayshyk', house='34', floor='9', rooms='4', square within 1.0m2)"
1006029868,https://krisha.kz/a/show/1006029868,1-комнатная квартира · 38 м² · 8/9 этаж,200000,за месяц,5263,1,38,8,9,Almaty_r-n,Astana,Kaldayakov,26,51.111646933355,71.493716240366,15770797,baskaru2,"Баскару 2, 3, 4, 5",полностью,"не новый, но аккуратный и чистый ремонт",,,,,"Сдаётся 1 комнатная квартира по Калдаякова, очень тёплая, кухня отдельно. Необходимое всё имеется, мебель и техника, холодильник есть, просто на фото нет. Квартира как на фотографии. Цена 200.000 тг+ коммунальные услуги. И депозит 50 тысяч тг. АН услуги 60.000тг","[""https://krisha-photos.kcdn.online/webp/08/08d71ece-b41c-4f30-92ea-6bccafe571dc/7-full.jpg"", ""https://krisha-photos.kcdn.online/webp/08/08d71ece-b41c-4f30-92ea-6bccafe571dc/8-full.jpg"", ""https://krisha-photos.kcdn.online/webp/08/08d71ece-b41c-4f30-92ea-6bccafe571dc/9-full.jpg"", ""https://krisha-photos.kcdn.online/webp/08/08d71ece-b41c-4f30-92ea-6bccafe571dc/10-full.jpg"", ""https://krisha-photos.kcdn.online/webp/08/08d71ece-b41c-4f30-92ea-6bccafe571dc/11-full.jpg"", ""https://krisha-photos.kcdn.online/webp/08/08d71ece-b41c-4f30-92ea-6bccafe571dc/12-full.jpg"", ""https://krisha-photos.kcdn.online/webp/08/08d71ece-b41c-4f30-92ea-6bccafe571dc/13-full.jpg"", ""https://krisha-photos.kcdn.online/webp/08/08d71ece-b41c-4f30-92ea-6bccafe571dc/14-full.jpg""]",8,f2c21716bac62beb5262911d0c8e9208e60d705c22f97e424671585735e85116,,Бданова Гуля,False,2026-08-04,2025-10-07,2026-08-04,live,2026-08-11T07:10:08+00:00,False,address_layout_dedup,"duplicate_address_layout (street='kaldayakov', house='26', floor='8', rooms='1', square within 1.0m2)"
1014450876,https://krisha.kz/a/show/1014450876,1-комнатная квартира · 38 м² · 8/9 этаж,200000,за месяц,5263,1,38,8,9,Sarayshyk_r-n,Astana,Kaldayakov,26,51.111646933355,71.493716240366,15770797,baskaru2,"Баскару 2, 3, 4, 5",полностью,"не новый, но аккуратный и чистый ремонт",,,,,"Сдаётся 1 комнатная квартира на Калдаякова. Необходимое всё имеется, кухня отдельно. Зимой очень тепло. Цена 200 тысяч тг + коммунальные услуги, и депозит 50 тысяч тг. АН услуги 60 тысяч тг","[""https://krisha-photos.kcdn.online/webp/75/754fad25-30a0-46e5-855a-2b7c684adac7/1-full.jpg"", ""https://krisha-photos.kcdn.online/webp/75/754fad25-30a0-46e5-855a-2b7c684adac7/2-full.jpg"", ""https://krisha-photos.kcdn.online/webp/75/754fad25-30a0-46e5-855a-2b7c684adac7/3-full.jpg"", ""https://krisha-photos.kcdn.online/webp/75/754fad25-30a0-46e5-855a-2b7c684adac7/4-full.jpg"", ""https://krisha-photos.kcdn.online/webp/75/754fad25-30a0-46e5-855a-2b7c684adac7/5-full.jpg"", ""https://krisha-photos.kcdn.online/webp/75/754fad25-30a0-46e5-855a-2b7c684adac7/6-full.jpg"", ""https://krisha-photos.kcdn.online/webp/75/754fad25-30a0-46e5-855a-2b7c684adac7/7-full.jpg"", ""https://krisha-photos.kcdn.online/webp/75/754fad25-30a0-46e5-855a-2b7c684adac7/8-full.jpg""]",8,84b219de906453ff6929ecca953b69ee71b6f59d9f621664a4471cf5b9e243ff,,Бданова Гуля,False,2026-08-01,2026-08-01,2026-08-01,live,2026-08-06T07:53:18+00:00,False,address_layout_dedup,"duplicate_address_layout (street='kaldayakov', house='26', floor='8', rooms='1', square within 1.0m2)"
1012461444,https://krisha.kz/a/show/1012461444,1-комнатная квартира · 45 м² · 5/6 этаж,130000,за месяц,2889,1,45,5,6,Almaty_r-n,Astana,Karatal,2,51.135476,71.508412,,,,частично,"не новый, но аккуратный и чистый ремонт",,,,,"БЕЗ Комисси риелтора. 
 
Аренда 140 000тг (130 000 + 10 000 ком услуги) 
Депозит 50 000тг 
Пестая без мебели и техники. 
Все как на фото

Дом ориентировочно находится возле Айнаколь - Кордай","[""https://krisha-photos.kcdn.online/webp/b8/b8b1c78f-9edd-4efa-b03e-f51d9b45203e/7-full.jpg"", ""https://krisha-photos.kcdn.online/webp/b8/b8b1c78f-9edd-4efa-b03e-f51d9b45203e/8-full.jpg"", ""https://krisha-photos.kcdn.online/webp/b8/b8b1c78f-9edd-4efa-b03e-f51d9b45203e/14-full.jpg"", ""https://krisha-photos.kcdn.online/webp/b8/b8b1c78f-9edd-4efa-b03e-f51d9b45203e/15-full.jpg"", ""https://krisha-photos.kcdn.online/webp/b8/b8b1c78f-9edd-4efa-b03e-f51d9b45203e/9-full.jpg"", ""https://krisha-photos.kcdn.online/webp/b8/b8b1c78f-9edd-4efa-b03e-f51d9b45203e/10-full.jpg"", ""https://krisha-photos.kcdn.online/webp/b8/b8b1c78f-9edd-4efa-b03e-f51d9b45203e/16-full.jpg"", ""https://krisha-photos.kcdn.online/webp/b8/b8b1c78f-9edd-4efa-b03e-f51d9b45203e/12-full.jpg"", ""https://krisha-photos.kcdn.online/webp/b8/b8b1c78f-9edd-4efa-b03e-f51d9b45203e/13-full.jpg""]",9,c91935ddfa1d65ddbc63bda0458c95b03554cf8d0d7d74c222af634b199e8aec,,"Абдыкадыров Берик, компания «ДОМ»",False,2026-08-01,2026-05-22,2026-08-01,live,2026-08-06T07:55:08+00:00,False,address_layout_dedup,"duplicate_address_layout (street='karatal', house='2', floor='5', rooms='1', square within 1.0m2)"
1011721618,https://krisha.kz/a/show/1011721618,2-комнатная квартира · 56 м²,450000,за месяц,8036,2,56,,,Esilyskiy_r-n,Astana,Turar_Ryskulov,9,51.085021046026,71.417844857797,18142785,nexpotrend,Nexpo Trend,полностью,,нет,,,,"Сдаётся 2-комнатная квартира, 56 м², ЖК Nehpo Trend 2 
 
Современная, светлая квартира с хорошим ремонтом. 
Кухня-гостиная + отдельная спальня. Полностью меблирована и оснащена техникой (ТВ, кондиционер, стиральная машина, кухня). 
 
📍 Рядом школа Quantum, удобная локация. 
✔ Чистая, уютная, готова к заселению","[""https://krisha-photos.kcdn.online/webp/22/22fa81ad-80dd-48e0-a2bd-52436c27caae/1-full.jpg"", ""https://krisha-photos.kcdn.online/webp/22/22fa81ad-80dd-48e0-a2bd-52436c27caae/2-full.jpg"", ""https://krisha-photos.kcdn.online/webp/22/22fa81ad-80dd-48e0-a2bd-52436c27caae/3-full.jpg"", ""https://krisha-photos.kcdn.online/webp/22/22fa81ad-80dd-48e0-a2bd-52436c27caae/4-full.jpg"", ""https://krisha-photos.kcdn.online/webp/22/22fa81ad-80dd-48e0-a2bd-52436c27caae/5-full.jpg"", ""https://krisha-photos.kcdn.online/webp/22/22fa81ad-80dd-48e0-a2bd-52436c27caae/6-full.jpg"", ""https://krisha-photos.kcdn.online/webp/22/22fa81ad-80dd-48e0-a2bd-52436c27caae/7-full.jpg"", ""https://krisha-photos.kcdn.online/webp/22/22fa81ad-80dd-48e0-a2bd-52436c27caae/8-full.jpg"", ""https://krisha-photos.kcdn.online/webp/22/22fa81ad-80dd-48e0-a2bd-52436c27caae/9-full.jpg""]",9,8d291a66898d156eccffdb70a2d90f451a702fa2034ffed5b2d932eaf4752071,,Хозяин,False,2026-08-03,2026-04-27,2026-08-03,live,2026-08-09T06:42:53+00:00,False,address_layout_dedup,"duplicate_address_layout (street='turar_ryskulov', house='9', floor='', rooms='2', square within 1.0m2)"
1001910475,https://krisha.kz/a/show/1001910475,1-комнатная квартира · 20 м² · 4/5 этаж,120000,за месяц,6000,1,20,4,5,Almaty_r-n,Astana,Manasa,20/1,51.161265268997,71.496682032739,8477222,solnechnyj-gorod,Солнечный город,полностью,"не новый, но аккуратный и чистый ремонт",,,,,"Сдам на длительный срок, семейной паре или девушкам, квартира рассчитана на двоих, можно с одним ребенком, район Встречи. Сдается с 4- го февраля.","[""https://krisha-photos.kcdn.online/webp/a4/a4edab86-0351-41b7-a0ca-7a51b2125a3c/1-full.jpg"", ""https://krisha-photos.kcdn.online/webp/a4/a4edab86-0351-41b7-a0ca-7a51b2125a3c/2-full.jpg"", ""https://krisha-photos.kcdn.online/webp/a4/a4edab86-0351-41b7-a0ca-7a51b2125a3c/3-full.jpg"", ""https://krisha-photos.kcdn.online/webp/a4/a4edab86-0351-41b7-a0ca-7a51b2125a3c/4-full.jpg""]",4,1042dd6353e9988caf33dc97e7479265ebfb5f0db17c8f52dd81135a8c7a7a94,,Искакова Гулнур,False,2026-08-06,2025-05-23,2026-08-06,live,2026-08-06T06:20:40+00:00,False,address_layout_dedup,"duplicate_address_layout (street='manasa', house='20/1', floor='4', rooms='1', square within 1.0m2)"
1014526178,https://krisha.kz/a/show/1014526178,2-комнатная квартира · 72 м² · 4/12 этаж,300000,за месяц,4167,2,72,4,12,Nura_r-n,Astana,E-15,9,51.127064623239,71.366315202756,11979473,jagalau4,Жагалау 4,полностью,"свежий ремонт, новая мебель",,,,,"🏡Пәтер кең әрі жарық. Жиһаздары толық, барлық жағдай қарастырылған. 
 
📅 09.01-ден бастап кіре аласыздар. 
 
Ұзақ мерзімге жалға алатын адам қажет. 
 
📱 Толығырақ ақпарат алу үшін -қа жазыңыз:","[""https://krisha-photos.kcdn.online/webp/71/71f1edd2-00ce-4be3-ab24-9c257f15b512/1-full.jpg"", ""https://krisha-photos.kcdn.online/webp/71/71f1edd2-00ce-4be3-ab24-9c257f15b512/2-full.jpg"", ""https://krisha-photos.kcdn.online/webp/71/71f1edd2-00ce-4be3-ab24-9c257f15b512/3-full.jpg"", ""https://krisha-photos.kcdn.online/webp/71/71f1edd2-00ce-4be3-ab24-9c257f15b512/4-full.jpg"", ""https://krisha-photos.kcdn.online/webp/71/71f1edd2-00ce-4be3-ab24-9c257f15b512/5-full.jpg"", ""https://krisha-photos.kcdn.online/webp/71/71f1edd2-00ce-4be3-ab24-9c257f15b512/6-full.jpg"", ""https://krisha-photos.kcdn.online/webp/71/71f1edd2-00ce-4be3-ab24-9c257f15b512/7-full.jpg"", ""https://krisha-photos.kcdn.online/webp/71/71f1edd2-00ce-4be3-ab24-9c257f15b512/8-full.jpg"", ""https://krisha-photos.kcdn.online/webp/71/71f1edd2-00ce-4be3-ab24-9c257f15b512/9-full.jpg"", ""https://krisha-photos.kcdn.online/webp/71/71f1edd2-00ce-4be3-ab24-9c257f15b512/10-full.jpg"", ""https://krisha-photos.kcdn.online/webp/71/71f1edd2-00ce-4be3-ab24-9c257f15b512/11-full.jpg""]",11,2114f527f22ecf24b460cd2e398f60c228e7ef1b0f75aa29ee33d3c1cdff267b,,Хозяин,False,2026-08-06,2026-08-04,2026-08-06,live,2026-08-06T06:21:14+00:00,False,address_layout_dedup,"duplicate_address_layout (street='e-15', house='9', floor='4', rooms='2', square within 1.0m2)"
1009375564,https://krisha.kz/a/show/1009375564,1-комнатная квартира · 42 м² · 8/9 этаж,250000,за месяц,5952,1,42,8,9,Esilyskiy_r-n,Astana,Bokeĭhanova,20,51.102427036084,71.432115586168,12532629,aria,Aria,полностью,"свежий ремонт, новая мебель",,,,,,"[""https://krisha-photos.kcdn.online/webp/8d/8d2d6c71-2402-4250-ac1f-a7fb21770cdb/1-full.jpg"", ""https://krisha-photos.kcdn.online/webp/8d/8d2d6c71-2402-4250-ac1f-a7fb21770cdb/2-full.jpg"", ""https://krisha-photos.kcdn.online/webp/8d/8d2d6c71-2402-4250-ac1f-a7fb21770cdb/3-full.jpg"", ""https://krisha-photos.kcdn.online/webp/8d/8d2d6c71-2402-4250-ac1f-a7fb21770cdb/4-full.jpg"", ""https://krisha-photos.kcdn.online/webp/8d/8d2d6c71-2402-4250-ac1f-a7fb21770cdb/5-full.jpg"", ""https://krisha-photos.kcdn.online/webp/8d/8d2d6c71-2402-4250-ac1f-a7fb21770cdb/6-full.jpg"", ""https://krisha-photos.kcdn.online/webp/8d/8d2d6c71-2402-4250-ac1f-a7fb21770cdb/7-full.jpg"", ""https://krisha-photos.kcdn.online/webp/8d/8d2d6c71-2402-4250-ac1f-a7fb21770cdb/8-full.jpg"", ""https://krisha-photos.kcdn.online/webp/8d/8d2d6c71-2402-4250-ac1f-a7fb21770cdb/9-full.jpg"", ""https://krisha-photos.kcdn.online/webp/8d/8d2d6c71-2402-4250-ac1f-a7fb21770cdb/10-full.jpg"", ""https://krisha-photos.kcdn.online/webp/8d/8d2d6c71-2402-4250-ac1f-a7fb21770cdb/11-full.jpg"", ""https://krisha-photos.kcdn.online/webp/8d/8d2d6c71-2402-4250-ac1f-a7fb21770cdb/12-full.jpg""]",12,8b6296957f29ff39442708baf645bb0f8614d233b7d0e8dc918f6de77719f0bc,,Хозяин,False,2026-08-05,2026-02-05,2026-08-05,live,2026-08-11T07:10:08+00:00,False,address_layout_dedup,"duplicate_address_layout (street='bokeĭhanova', house='20', floor='8', rooms='1', square within 1.0m2)"
1014463466,https://krisha.kz/a/show/1014463466,1-комнатная квартира · 42 м² · 8/9 этаж,240000,за месяц,5714,1,42,8,9,Esilyskiy_r-n,Astana,Bokeĭhanova,20,51.102427036084,71.432115586168,12532629,aria,Aria,,"свежий ремонт, новая мебель",нет,,,,"Сдаеться 1 ком. квартира в доме бизнес-класса, чистая, уютная, светлая. Ранее квартира не сдавалась! Рядом с Ботаническим садом, чистый воздух и места для прогулок!Вся инфраструктура в пешей доступности: магазины, рестораны, кафе, фитнес- клубы!260тыс в месяц, коммунальные услуги отдельно. Депозит 100тыс!","[""https://krisha-photos.kcdn.online/webp/97/97d837eb-656b-4a3b-80c8-63154b995c9d/1-full.jpg"", ""https://krisha-photos.kcdn.online/webp/97/97d837eb-656b-4a3b-80c8-63154b995c9d/2-full.jpg"", ""https://krisha-photos.kcdn.online/webp/97/97d837eb-656b-4a3b-80c8-63154b995c9d/3-full.jpg"", ""https://krisha-photos.kcdn.online/webp/97/97d837eb-656b-4a3b-80c8-63154b995c9d/4-full.jpg"", ""https://krisha-photos.kcdn.online/webp/97/97d837eb-656b-4a3b-80c8-63154b995c9d/5-full.jpg"", ""https://krisha-photos.kcdn.online/webp/97/97d837eb-656b-4a3b-80c8-63154b995c9d/6-full.jpg"", ""https://krisha-photos.kcdn.online/webp/97/97d837eb-656b-4a3b-80c8-63154b995c9d/7-full.jpg"", ""https://krisha-photos.kcdn.online/webp/97/97d837eb-656b-4a3b-80c8-63154b995c9d/8-full.jpg"", ""https://krisha-photos.kcdn.online/webp/97/97d837eb-656b-4a3b-80c8-63154b995c9d/9-full.jpg"", ""https://krisha-photos.kcdn.online/webp/97/97d837eb-656b-4a3b-80c8-63154b995c9d/10-full.jpg"", ""https://krisha-photos.kcdn.online/webp/97/97d837eb-656b-4a3b-80c8-63154b995c9d/11-full.jpg"", ""https://krisha-photos.kcdn.online/webp/97/97d837eb-656b-4a3b-80c8-63154b995c9d/12-full.jpg"", ""https://krisha-photos.kcdn.online/webp/97/97d837eb-656b-4a3b-80c8-63154b995c9d/13-full.jpg"", ""https://krisha-photos.kcdn.online/webp/97/97d837eb-656b-4a3b-80c8-63154b995c9d/14-full.jpg"", ""https://krisha-photos.kcdn.online/webp/97/97d837eb-656b-4a3b-80c8-63154b995c9d/15-full.jpg"", ""https://krisha-photos.kcdn.online/webp/97/97d837eb-656b-4a3b-80c8-63154b995c9d/16-full.jpg"", ""https://krisha-photos.kcdn.online/webp/97/97d837eb-656b-4a3b-80c8-63154b995c9d/17-full.jpg"", ""https://krisha-photos.kcdn.online/webp/97/97d837eb-656b-4a3b-80c8-63154b995c9d/18-full.jpg"", ""https://krisha-photos.kcdn.online/webp/97/97d837eb-656b-4a3b-80c8-63154b995c9d/19-full.jpg""]",19,08105095b6f80dbec75b43711a968b2db954002501a24a6c0f7f6f5952134e4b,,Хозяин,False,2026-08-02,2026-08-02,2026-08-02,live,2026-08-11T07:10:08+00:00,False,address_layout_dedup,"duplicate_address_layout (street='bokeĭhanova', house='20', floor='8', rooms='1', square within 1.0m2)"
688937703,https://krisha.kz/a/show/688937703,3-комнатная квартира · 100 м² · 10/13 этаж,400000,за месяц,4000,3,100,10,13,Esilyskiy_r-n,Astana,Turkestan,8,51.114995076676,71.428000554442,8477340,olimp-palas,Олимп палас,полностью,,нет,,,,"Чистая квартира, после косметического ремонта в ЖК Олимп палас. После ремонта никто не проживал. Закрытый двор, видеонаблюдение, консьерж, все удобства в ЖК имеются: кофейни, аптеки, продуктовые магазины. В квартире - кухня, гостиная, спальня, детская, 2 санузла. 
 
- Расположение: центр левого берега 
- Количество комнат: 3 
- Площадь: 100 кв. м 
- Этаж: 10 
- Интернет: Да 
- Бытовая техника: холодильник, электроплита, стиральная машина, электросушилка, пылесос, телевизор. 
 
- Стоимость аренды: 400.000 тг + комуслуги 
- Депозит: 100.000 тг. 
- Минимальный срок аренды: 1 год","[""https://krisha-photos.kcdn.online/webp/41/41686a93-7428-4881-a74f-96dfe44b1a18/1-full.jpg"", ""https://krisha-photos.kcdn.online/webp/41/41686a93-7428-4881-a74f-96dfe44b1a18/2-full.jpg"", ""https://krisha-photos.kcdn.online/webp/41/41686a93-7428-4881-a74f-96dfe44b1a18/3-full.jpg"", ""https://krisha-photos.kcdn.online/webp/41/41686a93-7428-4881-a74f-96dfe44b1a18/4-full.jpg"", ""https://krisha-photos.kcdn.online/webp/41/41686a93-7428-4881-a74f-96dfe44b1a18/5-full.jpg"", ""https://krisha-photos.kcdn.online/webp/41/41686a93-7428-4881-a74f-96dfe44b1a18/6-full.jpg"", ""https://krisha-photos.kcdn.online/webp/41/41686a93-7428-4881-a74f-96dfe44b1a18/7-full.jpg"", ""https://krisha-photos.kcdn.online/webp/41/41686a93-7428-4881-a74f-96dfe44b1a18/8-full.jpg"", ""https://krisha-photos.kcdn.online/webp/41/41686a93-7428-4881-a74f-96dfe44b1a18/9-full.jpg""]",9,c5cf18aab6f97fa8ea081b63d02ea9ce8de8a84137a8eba47e2cdcd559552fe9,,Хозяин,False,2026-08-06,2023-10-30,2026-08-06,live,2026-08-11T07:10:08+00:00,False,address_layout_dedup,"duplicate_address_layout (street='turkestan', house='8', floor='10', rooms='3', square within 1.0m2)"
1013693462,https://krisha.kz/a/show/1013693462,3-комнатная квартира · 100 м² · 10/12 этаж,400000,за месяц,4000,3,100,10,12,Esilyskiy_r-n,Astana,Turkestan,8,51.115601372753,71.429030016175,8477340,olimp-palas,Олимп палас,полностью,,нет,,,,"🏡 Сдается 3-комнатная квартира в ЖК «Олимп Палас» 
 
💰 400 000 ₸/мес. + коммунальные услуги 
💳 Депозит — 100 000 ₸ 
 
Сдается просторная 3-комнатная квартира (100 м²) на 10 этаже после косметического ремонта. 
 
✔ Полностью мебелирована и оснащена всей необходимой техникой 
✔ Все комнаты изолированные 
✔ Удобная планировка «распашонка» 
✔ 2 санузла 
✔ Ковры после химчистки 
✔ Готова к заселению 
 
ЖК бизнес-класса с закрытой территорией, видеонаблюдением, двумя скоростными лифтами и благоустроенным двором. Отличное расположение рядом со всей необходимой инфраструктурой: станция Байтерек, ЛРТ, Абу даби Плаза, президентский парк, ботанический парк, школы 75, 76, 77, 66, экономический лицей в шаговой доступности 
 
Для подробностей :","[""https://krisha-photos.kcdn.online/webp/9e/9e1f189b-1565-4471-9820-24579345ea88/1-full.jpg"", ""https://krisha-photos.kcdn.online/webp/9e/9e1f189b-1565-4471-9820-24579345ea88/2-full.jpg"", ""https://krisha-photos.kcdn.online/webp/9e/9e1f189b-1565-4471-9820-24579345ea88/8-full.jpg"", ""https://krisha-photos.kcdn.online/webp/9e/9e1f189b-1565-4471-9820-24579345ea88/4-full.jpg"", ""https://krisha-photos.kcdn.online/webp/9e/9e1f189b-1565-4471-9820-24579345ea88/3-full.jpg"", ""https://krisha-photos.kcdn.online/webp/9e/9e1f189b-1565-4471-9820-24579345ea88/6-full.jpg"", ""https://krisha-photos.kcdn.online/webp/9e/9e1f189b-1565-4471-9820-24579345ea88/5-full.jpg"", ""https://krisha-photos.kcdn.online/webp/9e/9e1f189b-1565-4471-9820-24579345ea88/7-full.jpg""]",8,f0efa8e2438738062ace81ab29214c804046d4d4da34cacefbc4519014a626b2,,Хозяин,False,2026-08-03,2026-07-05,2026-08-03,live,2026-08-06T07:27:01+00:00,False,address_layout_dedup,"duplicate_address_layout (street='turkestan', house='8', floor='10', rooms='3', square within 1.0m2)"
1014489565,https://krisha.kz/a/show/1014489565,1-комнатная квартира · 25 м² · 8/12 этаж,170000,за месяц,6800,1,25,8,12,Sarayshyk_r-n,Astana,Baytursynova,61,51.115549,71.534445,,,,,"свежий ремонт, новая мебель",,,,,"Сдается квартира на длительный срок только после ремонта. Есть все необходимое для комфортного проживания. Заезд с 12 августа. Оплата коммунальных услуг производится отдельно (выходит около 15 тысяч в месяц). Депозит 100 тысяч.

Дом ориентировочно находится возле Шаймерденова","[""https://krisha-photos.kcdn.online/webp/e6/e63e553b-8583-448d-9d06-be64738b4986/1-full.jpg"", ""https://krisha-photos.kcdn.online/webp/e6/e63e553b-8583-448d-9d06-be64738b4986/2-full.jpg"", ""https://krisha-photos.kcdn.online/webp/e6/e63e553b-8583-448d-9d06-be64738b4986/3-full.jpg"", ""https://krisha-photos.kcdn.online/webp/e6/e63e553b-8583-448d-9d06-be64738b4986/4-full.jpg"", ""https://krisha-photos.kcdn.online/webp/e6/e63e553b-8583-448d-9d06-be64738b4986/5-full.jpg"", ""https://krisha-photos.kcdn.online/webp/e6/e63e553b-8583-448d-9d06-be64738b4986/6-full.jpg""]",6,1e57f820691c453efea67b1dfe101fbddbc0f4f1a528c26ab63a72f722063a80,,Хозяин,False,2026-08-03,2026-08-03,2026-08-03,live,2026-08-09T06:42:53+00:00,False,address_layout_dedup,"duplicate_address_layout (street='baytursynova', house='61', floor='8', rooms='1', square within 1.0m2)"
1014262525,https://krisha.kz/a/show/1014262525,2-комнатная квартира · 37 м² · 5/9 этаж,200000,за месяц,5405,2,37,5,9,Nura_r-n,Astana,Kazybek_bi,7/1,51.120784,71.392844,,,,полностью,,,,,,"ЖК Dauir 
 
Рассматривает семейных только с одним ребенком 
💵Цена: 200.000 + ком услуги 
💵Депозит: 50тыс (возвратный)

Дом ориентировочно находится возле Толе би","[""https://krisha-photos.kcdn.online/webp/46/46d506c2-2c77-41a2-bef9-79f36f8f14c5/11-full.jpg"", ""https://krisha-photos.kcdn.online/webp/46/46d506c2-2c77-41a2-bef9-79f36f8f14c5/12-full.jpg"", ""https://krisha-photos.kcdn.online/webp/46/46d506c2-2c77-41a2-bef9-79f36f8f14c5/13-full.jpg"", ""https://krisha-photos.kcdn.online/webp/46/46d506c2-2c77-41a2-bef9-79f36f8f14c5/14-full.jpg"", ""https://krisha-photos.kcdn.online/webp/46/46d506c2-2c77-41a2-bef9-79f36f8f14c5/15-full.jpg"", ""https://krisha-photos.kcdn.online/webp/46/46d506c2-2c77-41a2-bef9-79f36f8f14c5/16-full.jpg"", ""https://krisha-photos.kcdn.online/webp/46/46d506c2-2c77-41a2-bef9-79f36f8f14c5/17-full.jpg"", ""https://krisha-photos.kcdn.online/webp/46/46d506c2-2c77-41a2-bef9-79f36f8f14c5/18-full.jpg""]",8,2c7f03c49d3d7d28578eda460d53a51bb4fc890478dcc06c97d750f3fa174f03,,"Горбанева Каракоз, компания «+ Империал»",False,2026-07-30,2026-07-26,2026-07-30,live,2026-08-06T08:10:11+00:00,False,address_layout_dedup,"duplicate_address_layout (street='kazybek_bi', house='7/1', floor='5', rooms='2', square within 1.0m2)"
1014654098,https://krisha.kz/a/show/1014654098,2-комнатная квартира · 48 м² · 4 этаж,600000,за месяц,12500,2,48,4,,Almaty_r-n,Astana,Koshkarbaeva,1,51.130843897249,71.462355654249,18023637,lavie,La Vie,полностью,"свежий ремонт, новая мебель",,,,,"✨ ПРЕМИАЛЬНАЯ КВАРТИРА В НОВОМ ДОМЕ 
 
Сдается стильная новая дизайнерская квартира премиум-класса в современном жилом комплексе. 
 
🏢 Новый дом 
✨ Дизайнерский интерьер 
🛋️ Современная качественная мебель и техника 
💎 Премиальная атмосфера и продуманный комфорт 
🔑 Квартира полностью готова к заселению 
 
Идеальный вариант для тех, кто ценит комфорт, эстетику, качество и высокий уровень проживания. 
 
💰 Аренда: 600 000 ₸/месяц + коммунальные платежи 
🔐 Депозит: 600 000 ₸ 
🤝 Услуги агентства: 30%

Дом ориентировочно находится возле Момышулы","[""https://krisha-photos.kcdn.online/webp/04/04e71801-a548-440b-9c2c-d56080e6d269/1-full.jpg"", ""https://krisha-photos.kcdn.online/webp/04/04e71801-a548-440b-9c2c-d56080e6d269/2-full.jpg"", ""https://krisha-photos.kcdn.online/webp/04/04e71801-a548-440b-9c2c-d56080e6d269/3-full.jpg"", ""https://krisha-photos.kcdn.online/webp/04/04e71801-a548-440b-9c2c-d56080e6d269/4-full.jpg"", ""https://krisha-photos.kcdn.online/webp/04/04e71801-a548-440b-9c2c-d56080e6d269/5-full.jpg"", ""https://krisha-photos.kcdn.online/webp/04/04e71801-a548-440b-9c2c-d56080e6d269/6-full.jpg"", ""https://krisha-photos.kcdn.online/webp/04/04e71801-a548-440b-9c2c-d56080e6d269/7-full.jpg"", ""https://krisha-photos.kcdn.online/webp/04/04e71801-a548-440b-9c2c-d56080e6d269/8-full.jpg"", ""https://krisha-photos.kcdn.online/webp/04/04e71801-a548-440b-9c2c-d56080e6d269/9-full.jpg"", ""https://krisha-photos.kcdn.online/webp/04/04e71801-a548-440b-9c2c-d56080e6d269/10-full.jpg"", ""https://krisha-photos.kcdn.online/webp/04/04e71801-a548-440b-9c2c-d56080e6d269/11-full.jpg"", ""https://krisha-photos.kcdn.online/webp/04/04e71801-a548-440b-9c2c-d56080e6d269/12-full.jpg""]",12,8d442c6af6ab396af0c19fcf6efcec8b24242a0936990b3d6ca7136e0a5d544a,,Аубакирова Алия,False,2026-08-08,2026-08-08,2026-08-08,live,2026-08-11T07:10:08+00:00,False,address_layout_dedup,"duplicate_address_layout (street='koshkarbaeva', house='1', floor='4', rooms='2', square within 1.0m2)"
1011125252,https://krisha.kz/a/show/1011125252,3-комнатная квартира · 90 м²,1000000,за месяц,11111,3,90,,,Esilyskiy_r-n,Astana,Akmeshit,1,51.120813755506,71.424500940921,12515541,europecity,Europe City,полностью,,нет,,,,,"[""https://krisha-photos.kcdn.online/webp/cc/cc078c9e-71df-468f-af75-c60f0b9b6e2c/13-full.jpg"", ""https://krisha-photos.kcdn.online/webp/cc/cc078c9e-71df-468f-af75-c60f0b9b6e2c/14-full.jpg"", ""https://krisha-photos.kcdn.online/webp/cc/cc078c9e-71df-468f-af75-c60f0b9b6e2c/15-full.jpg"", ""https://krisha-photos.kcdn.online/webp/cc/cc078c9e-71df-468f-af75-c60f0b9b6e2c/16-full.jpg"", ""https://krisha-photos.kcdn.online/webp/cc/cc078c9e-71df-468f-af75-c60f0b9b6e2c/17-full.jpg"", ""https://krisha-photos.kcdn.online/webp/cc/cc078c9e-71df-468f-af75-c60f0b9b6e2c/18-full.jpg"", ""https://krisha-photos.kcdn.online/webp/cc/cc078c9e-71df-468f-af75-c60f0b9b6e2c/19-full.jpg""]",7,3e8ee95040533fb02d5d76b197355f0b53247db484ea18bbc684f4f6a335c5d0,,"Аманжол Аяулым, компания «Продажа квартир»",False,2026-08-04,2026-04-07,2026-08-04,live,2026-08-09T06:42:53+00:00,False,address_layout_dedup,"duplicate_address_layout (street='akmeshit', house='1', floor='', rooms='3', square within 1.0m2)"
1014252044,https://krisha.kz/a/show/1014252044,2-комнатная квартира · 68 м² · 7/9 этаж,320000,за месяц,4706,2,68,7,9,Nura_r-n,Astana,Uly_Dala,35,51.099518937831,71.402408350439,10117207,galamatpark,Galamat Park,полностью,"свежий ремонт, новая мебель",,,,,"Сдам квартиру на долгий срок. В квартире имеются все удобства. 
Расположена на левом берегу на пересечении ул. 
Кабанбая и проспекта Улы дала возле Мега SilkWay, ботанического сада и Назарбаевского университета. 
Холодильник и стиральная машина новая пару месяцев назад покупал 
Интернет уже установлен","[""https://krisha-photos.kcdn.online/webp/00/00fa0b16-fc3e-416a-9e4d-8925b03b1ecc/7-full.jpg"", ""https://krisha-photos.kcdn.online/webp/00/00fa0b16-fc3e-416a-9e4d-8925b03b1ecc/5-full.jpg"", ""https://krisha-photos.kcdn.online/webp/00/00fa0b16-fc3e-416a-9e4d-8925b03b1ecc/9-full.jpg"", ""https://krisha-photos.kcdn.online/webp/00/00fa0b16-fc3e-416a-9e4d-8925b03b1ecc/10-full.jpg"", ""https://krisha-photos.kcdn.online/webp/00/00fa0b16-fc3e-416a-9e4d-8925b03b1ecc/3-full.jpg"", ""https://krisha-photos.kcdn.online/webp/00/00fa0b16-fc3e-416a-9e4d-8925b03b1ecc/4-full.jpg"", ""https://krisha-photos.kcdn.online/webp/00/00fa0b16-fc3e-416a-9e4d-8925b03b1ecc/1-full.jpg"", ""https://krisha-photos.kcdn.online/webp/00/00fa0b16-fc3e-416a-9e4d-8925b03b1ecc/2-full.jpg"", ""https://krisha-photos.kcdn.online/webp/00/00fa0b16-fc3e-416a-9e4d-8925b03b1ecc/6-full.jpg"", ""https://krisha-photos.kcdn.online/webp/00/00fa0b16-fc3e-416a-9e4d-8925b03b1ecc/8-full.jpg"", ""https://krisha-photos.kcdn.online/webp/00/00fa0b16-fc3e-416a-9e4d-8925b03b1ecc/11-full.jpg"", ""https://krisha-photos.kcdn.online/webp/00/00fa0b16-fc3e-416a-9e4d-8925b03b1ecc/12-full.jpg""]",12,e6eb6cc2f710de1a12242ac13dd665812d1d69ffdbd14f692eb9d088c3756cf8,,Хозяин,False,2026-07-31,2026-07-25,2026-07-31,live,2026-08-09T06:42:53+00:00,False,address_layout_dedup,"duplicate_address_layout (street='uly_dala', house='35', floor='7', rooms='2', square within 1.0m2)"
1011265342,https://krisha.kz/a/show/1011265342,1-комнатная квартира · 30.4 м² · 2/6 этаж,150000,за месяц,4934,1,30.4,2,6,Esilyskiy_r-n,Astana,Aly-Farabi,76,51.049922238728,71.435744762421,12612489,akjol,Aq-Jol,полностью,"не новый, но аккуратный и чистый ремонт",,,,,Сдам с 15 августа меблированную 1 комн студия квартиру на длительный срок. 150000+ комуслуги и депозит 30000 .,"[""https://krisha-photos.kcdn.online/webp/f8/f8684c86-0e89-4d64-90f8-16f064581ec0/1-full.jpg"", ""https://krisha-photos.kcdn.online/webp/f8/f8684c86-0e89-4d64-90f8-16f064581ec0/2-full.jpg"", ""https://krisha-photos.kcdn.online/webp/f8/f8684c86-0e89-4d64-90f8-16f064581ec0/3-full.jpg"", ""https://krisha-photos.kcdn.online/webp/f8/f8684c86-0e89-4d64-90f8-16f064581ec0/4-full.jpg"", ""https://krisha-photos.kcdn.online/webp/f8/f8684c86-0e89-4d64-90f8-16f064581ec0/5-full.jpg"", ""https://krisha-photos.kcdn.online/webp/f8/f8684c86-0e89-4d64-90f8-16f064581ec0/6-full.jpg""]",6,342b569899712353e19101889e983d4d0aab28fea73b67d8f77b3c7847cdec36,,Хозяин,False,2026-08-05,2026-04-12,2026-08-05,live,2026-08-06T06:31:22+00:00,False,address_layout_dedup,"duplicate_address_layout (street='aly-farabi', house='76', floor='2', rooms='1', square within 1.0m2)"
1011916639,https://krisha.kz/a/show/1011916639,3-комнатная квартира · 136 м² · 7/19 этаж,600000,за месяц,4412,3,136,7,19,Esilyskiy_r-n,Astana,Dinmuhammed_Kunaev,12/2,51.129674168741,71.426050043035,8477374,na-vodno-zelenom-bulvare,На Водно-зелёном бульваре,полностью,,нет,,,,"СДАЕТСЯ 
 
🔹3-комнатная полноценная 
🔹бизнес-класс 
🔹ЖК На Водно-зеленом бульваре 
🔹Адрес: ул. Д. Конаева 12/2 
🔹136 м2 
🔹7 этаж из 19 
🔹полностью меблированная 
🔹распашонка 
 
💬Сдается большая 3-ком квартира в доме бизнес-класса в самом центре города - вдоль бульвара Нуржол, рядом монумент независимости Байтерек, ТРЦ Керуен, Дом Министерств, Мажилис Парламента, резиденция Президента. 
 
В квартире: 4 гардеробные, 2 сан узла, оснащена кондиционером, посудомоечной машиной. 
 
В доме расположены: фитнес-зал, детский центр развития, мед центр, аптека, нотариус, рестораны восточные/европейские, кафе, кофейни, магазины, бутики брендовой одежды, салоны красоты/спа. 
 
Закрытый двор, видеонаблюдение, большая детская площадка. 
Паркинг в доме. 
 
Развитая инфраструктура: 
Расположен между улицами Конаева, Акмешит, Достык. 
Рядом школa Horizon School, РФМШ, школа-лицеи #66 им. Д. Конаева, а также детские сады. 
 
Предпочтения: 
- на длительный срок, не менее 1 года. 
 
💰600 000 тг. + ком услуги + депозит 
 
Предусмотрена комиссия Компании","[""https://krisha-photos.kcdn.online/webp/ae/aea8da11-1e74-41fd-867e-9620ad76fff8/1-full.jpg"", ""https://krisha-photos.kcdn.online/webp/ae/aea8da11-1e74-41fd-867e-9620ad76fff8/2-full.jpg"", ""https://krisha-photos.kcdn.online/webp/ae/aea8da11-1e74-41fd-867e-9620ad76fff8/3-full.jpg"", ""https://krisha-photos.kcdn.online/webp/ae/aea8da11-1e74-41fd-867e-9620ad76fff8/4-full.jpg"", ""https://krisha-photos.kcdn.online/webp/ae/aea8da11-1e74-41fd-867e-9620ad76fff8/5-full.jpg"", ""https://krisha-photos.kcdn.online/webp/ae/aea8da11-1e74-41fd-867e-9620ad76fff8/6-full.jpg"", ""https://krisha-photos.kcdn.online/webp/ae/aea8da11-1e74-41fd-867e-9620ad76fff8/7-full.jpg"", ""https://krisha-photos.kcdn.online/webp/ae/aea8da11-1e74-41fd-867e-9620ad76fff8/8-full.jpg"", ""https://krisha-photos.kcdn.online/webp/ae/aea8da11-1e74-41fd-867e-9620ad76fff8/9-full.jpg"", ""https://krisha-photos.kcdn.online/webp/ae/aea8da11-1e74-41fd-867e-9620ad76fff8/10-full.jpg"", ""https://krisha-photos.kcdn.online/webp/ae/aea8da11-1e74-41fd-867e-9620ad76fff8/11-full.jpg"", ""https://krisha-photos.kcdn.online/webp/ae/aea8da11-1e74-41fd-867e-9620ad76fff8/12-full.jpg"", ""https://krisha-photos.kcdn.online/webp/ae/aea8da11-1e74-41fd-867e-9620ad76fff8/13-full.jpg"", ""https://krisha-photos.kcdn.online/webp/ae/aea8da11-1e74-41fd-867e-9620ad76fff8/14-full.jpg"", ""https://krisha-photos.kcdn.online/webp/ae/aea8da11-1e74-41fd-867e-9620ad76fff8/15-full.jpg"", ""https://krisha-photos.kcdn.online/webp/ae/aea8da11-1e74-41fd-867e-9620ad76fff8/16-full.jpg"", ""https://krisha-photos.kcdn.online/webp/ae/aea8da11-1e74-41fd-867e-9620ad76fff8/17-full.jpg"", ""https://krisha-photos.kcdn.online/webp/ae/aea8da11-1e74-41fd-867e-9620ad76fff8/18-full.jpg"", ""https://krisha-photos.kcdn.online/webp/ae/aea8da11-1e74-41fd-867e-9620ad76fff8/19-full.jpg"", ""https://krisha-photos.kcdn.online/webp/ae/aea8da11-1e74-41fd-867e-9620ad76fff8/20-full.jpg"", ""https://krisha-photos.kcdn.online/webp/ae/aea8da11-1e74-41fd-867e-9620ad76fff8/21-full.jpg"", ""https://krisha-photos.kcdn.online/webp/ae/aea8da11-1e74-41fd-867e-9620ad76fff8/22-full.jpg"", ""https://krisha-photos.kcdn.online/webp/ae/aea8da11-1e74-41fd-867e-9620ad76fff8/23-full.jpg""]",23,5cb6edf156334251178a5ca43c258c938772a36de1ab796c17be5ef7af713f03,,Едигеева Асель,False,2026-08-03,2026-05-04,2026-08-03,live,2026-08-11T07:10:08+00:00,False,address_layout_dedup,"duplicate_address_layout (street='dinmuhammed_kunaev', house='12/2', floor='7', rooms='3', square within 1.0m2)"
1008274124,https://krisha.kz/a/show/1008274124,1-комнатная квартира · 37 м² · 3/6 этаж,220000,за месяц,5946,1,37,3,6,Saryarka_r-n,Astana,Kosshygululy,11/3,51.167126,71.38722,,,,полностью,,нет,,,,"Вниманию арендаторов! Квартира чистая, уютная, ремонт был сделан для себя. Полностью мебелирована. Каждый год ремонт поддерживался. Перед двором 72 Садик Жанарым и 80 Школа-гимназия, рядом ЦОН р-н Сарыарка, 10 поликлиника, 65 школа, 67 школа. торговый дом Солтүстік. Ежемесячно 10 числа 220 000+ Ком услугу. Интернет не подведен. Квартира будет сдаваться в начале сентября.

Дом ориентировочно находится возле Вдоль Серкебаева","[""https://krisha-photos.kcdn.online/webp/3f/3fd6dc4a-a7a3-4779-a0b1-f448a8a8659b/1-full.jpg"", ""https://krisha-photos.kcdn.online/webp/3f/3fd6dc4a-a7a3-4779-a0b1-f448a8a8659b/2-full.jpg"", ""https://krisha-photos.kcdn.online/webp/3f/3fd6dc4a-a7a3-4779-a0b1-f448a8a8659b/3-full.jpg"", ""https://krisha-photos.kcdn.online/webp/3f/3fd6dc4a-a7a3-4779-a0b1-f448a8a8659b/4-full.jpg"", ""https://krisha-photos.kcdn.online/webp/3f/3fd6dc4a-a7a3-4779-a0b1-f448a8a8659b/5-full.jpg"", ""https://krisha-photos.kcdn.online/webp/3f/3fd6dc4a-a7a3-4779-a0b1-f448a8a8659b/6-full.jpg"", ""https://krisha-photos.kcdn.online/webp/3f/3fd6dc4a-a7a3-4779-a0b1-f448a8a8659b/7-full.jpg"", ""https://krisha-photos.kcdn.online/webp/3f/3fd6dc4a-a7a3-4779-a0b1-f448a8a8659b/8-full.jpg"", ""https://krisha-photos.kcdn.online/webp/3f/3fd6dc4a-a7a3-4779-a0b1-f448a8a8659b/9-full.jpg"", ""https://krisha-photos.kcdn.online/webp/3f/3fd6dc4a-a7a3-4779-a0b1-f448a8a8659b/10-full.jpg""]",10,ee10cdc3aa3fce828651e28878433274b3024afbfe6285b07bdef54ad6c83fb2,,Хозяин,False,2026-08-05,2025-12-25,2026-08-05,live,2026-08-09T06:42:53+00:00,False,address_layout_dedup,"duplicate_address_layout (street='kosshygululy', house='11/3', floor='3', rooms='1', square within 1.0m2)"
760650508,https://krisha.kz/a/show/760650508,3-комнатная квартира · 70 м² · 5/10 этаж,330000,за месяц,4714,3,70,5,10,Nura_r-n,Astana,SYGANAK,18,51.129134,71.380905,14745747,shygys,Шыгыс,полностью,"не новый, но аккуратный и чистый ремонт",,,,,"сдам 3-х комн. квартиру. Левый берег Первая линия по Сыганак угол Анет Баба, перед домом остановка (авт.27, 29, 29А, 42, 49, 61) ул. Сыганак / угол улицы Анет Баба за ТРЦ Хан Шатыр. Мебель, техника полностью есть. 3 комнаты, кухня отдельно 2 лифта, на площадке 4 квартиры. Рядом остановка, школа Бином, Школа Гимназия 78, 79 и во дворе 2 гос. садика. 
 КазУТБ (казахский университет Технологии и Бизнеса) Магазины, аптеки. ТРЦ Хан Шатыр. Аккуратным, чистоплотным людям без животных сдается. Депозит.

Дом ориентировочно находится возле Угол Анет баба/ ЗА ХАН ШАТЫРОМ/БИНОМ/ШКОЛА 101/78/110","[""https://krisha-photos.kcdn.online/webp/47/4774c420-de62-4a3b-a404-3be979ecab9f/1-full.jpg"", ""https://krisha-photos.kcdn.online/webp/47/4774c420-de62-4a3b-a404-3be979ecab9f/14-full.jpg"", ""https://krisha-photos.kcdn.online/webp/47/4774c420-de62-4a3b-a404-3be979ecab9f/15-full.jpg"", ""https://krisha-photos.kcdn.online/webp/47/4774c420-de62-4a3b-a404-3be979ecab9f/23-full.jpg"", ""https://krisha-photos.kcdn.online/webp/47/4774c420-de62-4a3b-a404-3be979ecab9f/24-full.jpg"", ""https://krisha-photos.kcdn.online/webp/47/4774c420-de62-4a3b-a404-3be979ecab9f/25-full.jpg"", ""https://krisha-photos.kcdn.online/webp/47/4774c420-de62-4a3b-a404-3be979ecab9f/4-full.jpg"", ""https://krisha-photos.kcdn.online/webp/47/4774c420-de62-4a3b-a404-3be979ecab9f/17-full.jpg"", ""https://krisha-photos.kcdn.online/webp/47/4774c420-de62-4a3b-a404-3be979ecab9f/5-full.jpg"", ""https://krisha-photos.kcdn.online/webp/47/4774c420-de62-4a3b-a404-3be979ecab9f/9-full.jpg"", ""https://krisha-photos.kcdn.online/webp/47/4774c420-de62-4a3b-a404-3be979ecab9f/26-full.jpg"", ""https://krisha-photos.kcdn.online/webp/47/4774c420-de62-4a3b-a404-3be979ecab9f/10-full.jpg"", ""https://krisha-photos.kcdn.online/webp/47/4774c420-de62-4a3b-a404-3be979ecab9f/18-full.jpg"", ""https://krisha-photos.kcdn.online/webp/47/4774c420-de62-4a3b-a404-3be979ecab9f/27-full.jpg"", ""https://krisha-photos.kcdn.online/webp/47/4774c420-de62-4a3b-a404-3be979ecab9f/28-full.jpg"", ""https://krisha-photos.kcdn.online/webp/47/4774c420-de62-4a3b-a404-3be979ecab9f/29-full.jpg"", ""https://krisha-photos.kcdn.online/webp/47/4774c420-de62-4a3b-a404-3be979ecab9f/30-full.jpg"", ""https://krisha-photos.kcdn.online/webp/47/4774c420-de62-4a3b-a404-3be979ecab9f/31-full.jpg"", ""https://krisha-photos.kcdn.online/webp/47/4774c420-de62-4a3b-a404-3be979ecab9f/21-full.jpg"", ""https://krisha-photos.kcdn.online/webp/47/4774c420-de62-4a3b-a404-3be979ecab9f/32-full.jpg""]",20,a7b8db7c93eb2b47058eaf672c21750474457aab3eae8c03474b8267340cd330,,Хозяин,False,2026-08-01,2025-01-26,2026-08-01,live,2026-08-11T07:10:08+00:00,False,address_layout_dedup,"duplicate_address_layout (street='syganak', house='18', floor='5', rooms='3', square within 1.0m2)"
676074753,https://krisha.kz/a/show/676074753,2-комнатная квартира · 58 м² · 11/12 этаж,450000,за месяц,7759,2,58,11,12,Esilyskiy_r-n,Astana,Turan,34a,51.122196507059,71.405267715236,18867627,tandau,Tandau,,,,,,,"сдам 2х комнатную квартиру на долгий срок ЖК Тандау, все новое. распашонка. все необходимое имеется в квартире. интернет. посуда. 
хозяйка

Дом ориентировочно находится возле Сыганак","[""https://krisha-photos.kcdn.online/webp/0d/0dc62986-77fe-4bfe-9e8f-993babbe3e29/55-full.jpg"", ""https://krisha-photos.kcdn.online/webp/0d/0dc62986-77fe-4bfe-9e8f-993babbe3e29/48-full.jpg"", ""https://krisha-photos.kcdn.online/webp/0d/0dc62986-77fe-4bfe-9e8f-993babbe3e29/56-full.jpg"", ""https://krisha-photos.kcdn.online/webp/0d/0dc62986-77fe-4bfe-9e8f-993babbe3e29/54-full.jpg"", ""https://krisha-photos.kcdn.online/webp/0d/0dc62986-77fe-4bfe-9e8f-993babbe3e29/57-full.jpg"", ""https://krisha-photos.kcdn.online/webp/0d/0dc62986-77fe-4bfe-9e8f-993babbe3e29/58-full.jpg"", ""https://krisha-photos.kcdn.online/webp/0d/0dc62986-77fe-4bfe-9e8f-993babbe3e29/50-full.jpg"", ""https://krisha-photos.kcdn.online/webp/0d/0dc62986-77fe-4bfe-9e8f-993babbe3e29/51-full.jpg"", ""https://krisha-photos.kcdn.online/webp/0d/0dc62986-77fe-4bfe-9e8f-993babbe3e29/52-full.jpg"", ""https://krisha-photos.kcdn.online/webp/0d/0dc62986-77fe-4bfe-9e8f-993babbe3e29/59-full.jpg"", ""https://krisha-photos.kcdn.online/webp/0d/0dc62986-77fe-4bfe-9e8f-993babbe3e29/49-full.jpg"", ""https://krisha-photos.kcdn.online/webp/0d/0dc62986-77fe-4bfe-9e8f-993babbe3e29/60-full.jpg"", ""https://krisha-photos.kcdn.online/webp/0d/0dc62986-77fe-4bfe-9e8f-993babbe3e29/61-full.jpg"", ""https://krisha-photos.kcdn.online/webp/0d/0dc62986-77fe-4bfe-9e8f-993babbe3e29/62-full.jpg"", ""https://krisha-photos.kcdn.online/webp/0d/0dc62986-77fe-4bfe-9e8f-993babbe3e29/63-full.jpg"", ""https://krisha-photos.kcdn.online/webp/0d/0dc62986-77fe-4bfe-9e8f-993babbe3e29/64-full.jpg""]",16,42dc083a58120c8efabb0eede65f66e6d65c3d02b2b63bd77392201f878bd623,,Хозяин,False,2026-08-01,2022-05-22,2026-08-01,live,2026-08-11T07:10:08+00:00,False,address_layout_dedup,"duplicate_address_layout (street='turan', house='34a', floor='11', rooms='2', square within 1.0m2)"
1006054025,https://krisha.kz/a/show/1006054025,2-комнатная квартира · 75 м² · 7/9 этаж,750000,за месяц,10000,2,75,7,9,Nura_r-n,Astana,Tole_bi,54,51.133660973208,71.398980617305,18029357,headlinerexclusive,GreenLine.Headliner Exclusive,полностью,"свежий ремонт, новая мебель",,,,,"✨ Сдам дизайнерскую квартиру в ЖК бизнес+ класса от застройщика BI Group. 
 
🏡 Стильная и светлая квартира с авторским ремонтом. 
Каждая деталь продумана: современная планировка, качественная мебель и техника премиум-класса. 
 
🆕 Квартира ранее не сдавалась — всё абсолютно новое и в идеальном состоянии. 
Из панорамных окон открывается вдохновляющий вид на Хан Шатыр, офис КазМунайГаз, КТЖ и ЖК «Триумф Астана». 
 
🏙 Днём вы наблюдаете динамичный ритм делового центра, а вечером наслаждаетесь огнями столицы. 
 
🎯 Преимущества дома бизнес+ класса: 
💪 Собственный фитнес-зал для жильцов 
🧸 Закрытая детская игровая комната 
🌳 Уютный двор без машин 
🤝 Сервис от «менеджера счастья» — всегда поможет с любыми бытовыми вопросами и создаст комфорт 
 
📍 Удобное расположение: рядом ТРЦ Хан-Шатыр, школы, детсады, кафе, супермаркеты и ключевые объекты столицы.","[""https://krisha-photos.kcdn.online/webp/85/85d87f7c-40ae-41f3-ad5e-b4edaeb9fa3b/1-full.jpg"", ""https://krisha-photos.kcdn.online/webp/85/85d87f7c-40ae-41f3-ad5e-b4edaeb9fa3b/2-full.jpg"", ""https://krisha-photos.kcdn.online/webp/85/85d87f7c-40ae-41f3-ad5e-b4edaeb9fa3b/3-full.jpg"", ""https://krisha-photos.kcdn.online/webp/85/85d87f7c-40ae-41f3-ad5e-b4edaeb9fa3b/4-full.jpg"", ""https://krisha-photos.kcdn.online/webp/85/85d87f7c-40ae-41f3-ad5e-b4edaeb9fa3b/5-full.jpg"", ""https://krisha-photos.kcdn.online/webp/85/85d87f7c-40ae-41f3-ad5e-b4edaeb9fa3b/6-full.jpg"", ""https://krisha-photos.kcdn.online/webp/85/85d87f7c-40ae-41f3-ad5e-b4edaeb9fa3b/7-full.jpg"", ""https://krisha-photos.kcdn.online/webp/85/85d87f7c-40ae-41f3-ad5e-b4edaeb9fa3b/8-full.jpg"", ""https://krisha-photos.kcdn.online/webp/85/85d87f7c-40ae-41f3-ad5e-b4edaeb9fa3b/9-full.jpg"", ""https://krisha-photos.kcdn.online/webp/85/85d87f7c-40ae-41f3-ad5e-b4edaeb9fa3b/10-full.jpg"", ""https://krisha-photos.kcdn.online/webp/85/85d87f7c-40ae-41f3-ad5e-b4edaeb9fa3b/11-full.jpg"", ""https://krisha-photos.kcdn.online/webp/85/85d87f7c-40ae-41f3-ad5e-b4edaeb9fa3b/12-full.jpg"", ""https://krisha-photos.kcdn.online/webp/85/85d87f7c-40ae-41f3-ad5e-b4edaeb9fa3b/13-full.jpg"", ""https://krisha-photos.kcdn.online/webp/85/85d87f7c-40ae-41f3-ad5e-b4edaeb9fa3b/14-full.jpg"", ""https://krisha-photos.kcdn.online/webp/85/85d87f7c-40ae-41f3-ad5e-b4edaeb9fa3b/15-full.jpg"", ""https://krisha-photos.kcdn.online/webp/85/85d87f7c-40ae-41f3-ad5e-b4edaeb9fa3b/16-full.jpg"", ""https://krisha-photos.kcdn.online/webp/85/85d87f7c-40ae-41f3-ad5e-b4edaeb9fa3b/17-full.jpg"", ""https://krisha-photos.kcdn.online/webp/85/85d87f7c-40ae-41f3-ad5e-b4edaeb9fa3b/18-full.jpg"", ""https://krisha-photos.kcdn.online/webp/85/85d87f7c-40ae-41f3-ad5e-b4edaeb9fa3b/19-full.jpg"", ""https://krisha-photos.kcdn.online/webp/85/85d87f7c-40ae-41f3-ad5e-b4edaeb9fa3b/20-full.jpg""]",20,f4b1067803e57aed917878775a5022758c81fcc23c4a416af8253441b74b29f4,,Хозяин,False,2026-08-05,2025-10-08,2026-08-05,live,2026-08-11T07:10:08+00:00,False,address_layout_dedup,"duplicate_address_layout (street='tole_bi', house='54', floor='7', rooms='2', square within 1.0m2)"
1014574940,https://krisha.kz/a/show/1014574940,1-комнатная квартира · 46 м² · 8/11 этаж,300000,за месяц,6522,1,46,8,11,Nura_r-n,Astana,Turan,41/1,51.126448951144,71.401509197515,20383580,grandturanbusiness,Grand Turan Business,полностью,"не новый, но аккуратный и чистый ремонт",,,,,"Сдается на длительный срок однокомнатная квартира бизнес-класса от Bi Group, полностью мебелирована. 
Расположена в центре города, рядом с Ханшатыром. в шаговой доступности есть школы, садики, гипермаркеты. 
В квартире есть все необходимое для комфортной жизни.","[""https://krisha-photos.kcdn.online/webp/dd/dd8e681c-5983-46d0-a13f-7f085d90e054/1-full.jpg"", ""https://krisha-photos.kcdn.online/webp/dd/dd8e681c-5983-46d0-a13f-7f085d90e054/2-full.jpg"", ""https://krisha-photos.kcdn.online/webp/dd/dd8e681c-5983-46d0-a13f-7f085d90e054/3-full.jpg"", ""https://krisha-photos.kcdn.online/webp/dd/dd8e681c-5983-46d0-a13f-7f085d90e054/4-full.jpg"", ""https://krisha-photos.kcdn.online/webp/dd/dd8e681c-5983-46d0-a13f-7f085d90e054/5-full.jpg"", ""https://krisha-photos.kcdn.online/webp/dd/dd8e681c-5983-46d0-a13f-7f085d90e054/6-full.jpg"", ""https://krisha-photos.kcdn.online/webp/dd/dd8e681c-5983-46d0-a13f-7f085d90e054/7-full.jpg"", ""https://krisha-photos.kcdn.online/webp/dd/dd8e681c-5983-46d0-a13f-7f085d90e054/8-full.jpg""]",8,35d0635d49b50f679a9a3d18b1f4e4f0c2579fbf397c91ff14f5971530b81530,,Хозяин,False,2026-08-05,2026-08-05,2026-08-05,live,2026-08-06T06:34:50+00:00,False,address_layout_dedup,"duplicate_address_layout (street='turan', house='41/1', floor='8', rooms='1', square within 1.0m2)"
1012396727,https://krisha.kz/a/show/1012396727,2-комнатная квартира · 52 м² · 4/18 этаж,300000,за месяц,5769,2,52,4,18,Esilyskiy_r-n,Astana,Uly_dala,80,51.091633085731,71.450560412967,8478800,nova-city,Nova City,полностью,"свежий ремонт, новая мебель",,,,,"Сдается полноценная 2-комнатная квартира в современном ЖК NOVO CITY, расположенном на пересечении проспекта Ұлы Дала и проспекта Аль-Фараби. 
Стильная, светлая и уютная квартира с комфортной планировкой на 4 этаже. Дом оснащен двумя лифтами, современными входными группами и благоустроенной территорией. 
В квартире: спальный гарнитур, новый комфортный диван, холодильник, Микроволновая печь, стиральная машина LG, телевизор новый кондиционер, полностью меблирована и готова к проживанию 
Отличный вариант для семьи аккуратных арендаторов, ценящих комфорт и удобное расположение. Рядом находятся магазины, кафе, на первом этаже расположена кофейня «Тәп тәтті» известна завтраками, десертами, выпечкой и уютной атмосферой, аптеки, прогулочные зоны и удобная транспортная развязка. 
На машине 5 - 7 минут до Триумфальной арки и ботанического сада. Локация топ 
Квартира после ремонта, еще никто не проживал. 
 
Внешнее окружение 
Для шопинга: ТРЦ Mega Silk Way 
Для прогулок: Ботанический сад 
Для культурного отдыха: павильон Нур-Алем, ""Astana Ballet"" 
 Для занятия спортом: Астана Арена, Велотрек Сарыарка, Барыс Арена, Ледовый дворец Алау 
 
Стоимость аренды 280000+ коммунальные услуги и депозит 70 тысяч 
Сделаю небольшую скидку, если на долгий срок. 
Объявление от хозяйки. Могу отправить полное видео на

Дом ориентировочно находится возле Улы Дала","[""https://krisha-photos.kcdn.online/webp/fa/fa20180f-980c-4a02-b015-44ff5f4b0dab/16-full.jpg"", ""https://krisha-photos.kcdn.online/webp/fa/fa20180f-980c-4a02-b015-44ff5f4b0dab/1-full.jpg"", ""https://krisha-photos.kcdn.online/webp/fa/fa20180f-980c-4a02-b015-44ff5f4b0dab/2-full.jpg"", ""https://krisha-photos.kcdn.online/webp/fa/fa20180f-980c-4a02-b015-44ff5f4b0dab/7-full.jpg"", ""https://krisha-photos.kcdn.online/webp/fa/fa20180f-980c-4a02-b015-44ff5f4b0dab/5-full.jpg"", ""https://krisha-photos.kcdn.online/webp/fa/fa20180f-980c-4a02-b015-44ff5f4b0dab/8-full.jpg"", ""https://krisha-photos.kcdn.online/webp/fa/fa20180f-980c-4a02-b015-44ff5f4b0dab/6-full.jpg"", ""https://krisha-photos.kcdn.online/webp/fa/fa20180f-980c-4a02-b015-44ff5f4b0dab/3-full.jpg"", ""https://krisha-photos.kcdn.online/webp/fa/fa20180f-980c-4a02-b015-44ff5f4b0dab/4-full.jpg"", ""https://krisha-photos.kcdn.online/webp/fa/fa20180f-980c-4a02-b015-44ff5f4b0dab/9-full.jpg"", ""https://krisha-photos.kcdn.online/webp/fa/fa20180f-980c-4a02-b015-44ff5f4b0dab/11-full.jpg"", ""https://krisha-photos.kcdn.online/webp/fa/fa20180f-980c-4a02-b015-44ff5f4b0dab/14-full.jpg"", ""https://krisha-photos.kcdn.online/webp/fa/fa20180f-980c-4a02-b015-44ff5f4b0dab/15-full.jpg"", ""https://krisha-photos.kcdn.online/webp/fa/fa20180f-980c-4a02-b015-44ff5f4b0dab/12-full.jpg"", ""https://krisha-photos.kcdn.online/webp/fa/fa20180f-980c-4a02-b015-44ff5f4b0dab/13-full.jpg"", ""https://krisha-photos.kcdn.online/webp/fa/fa20180f-980c-4a02-b015-44ff5f4b0dab/17-full.jpg"", ""https://krisha-photos.kcdn.online/webp/fa/fa20180f-980c-4a02-b015-44ff5f4b0dab/18-full.jpg"", ""https://krisha-photos.kcdn.online/webp/fa/fa20180f-980c-4a02-b015-44ff5f4b0dab/19-full.jpg"", ""https://krisha-photos.kcdn.online/webp/fa/fa20180f-980c-4a02-b015-44ff5f4b0dab/20-full.jpg"", ""https://krisha-photos.kcdn.online/webp/fa/fa20180f-980c-4a02-b015-44ff5f4b0dab/21-full.jpg"", ""https://krisha-photos.kcdn.online/webp/fa/fa20180f-980c-4a02-b015-44ff5f4b0dab/22-full.jpg"", ""https://krisha-photos.kcdn.online/webp/fa/fa20180f-980c-4a02-b015-44ff5f4b0dab/23-full.jpg""]",22,17394f71602f5e7397dcc422a0a2f85569569edde0e902cbdab96c1d866fb244,,Хозяин,False,2026-08-05,2026-05-20,2026-08-05,live,2026-08-06T06:36:20+00:00,False,address_layout_dedup,"duplicate_address_layout (street='uly_dala', house='80', floor='4', rooms='2', square within 1.0m2)"
1014368879,https://krisha.kz/a/show/1014368879,1-комнатная квартира · 37 м² · 8/16 этаж,250000,за месяц,6757,1,37,8,16,Esilyskiy_r-n,Astana,Mangilik_El,17,51.116124191756,71.433223787826,8478436,korkem,Коркем,полностью,"свежий ремонт, новая мебель",,,,,"Квартира после ремонта, есть вай-фай, телевизор, диван, стол, стулья, микроволновка, утюг, сущилка, гладильная доска- все новое. Есть необходимая посуда на 3 человек. Заезжай и живи. Локация топ. Центр левого берега, транспортная развязка, остановка, ЛРТ рядом, двор закрытый, в подьезде 2 лифта. В шаговой доступности школы, сады, прокуратура, финансовый центр, фитнес центры, магазины, кафе, столовая и т.д. Плюс комуслуги, +депозит 100тыс","[""https://krisha-photos.kcdn.online/webp/a4/a472f08e-a1c9-4660-92d8-db7bf39e2d54/1-full.jpg"", ""https://krisha-photos.kcdn.online/webp/a4/a472f08e-a1c9-4660-92d8-db7bf39e2d54/2-full.jpg"", ""https://krisha-photos.kcdn.online/webp/a4/a472f08e-a1c9-4660-92d8-db7bf39e2d54/3-full.jpg"", ""https://krisha-photos.kcdn.online/webp/a4/a472f08e-a1c9-4660-92d8-db7bf39e2d54/4-full.jpg"", ""https://krisha-photos.kcdn.online/webp/a4/a472f08e-a1c9-4660-92d8-db7bf39e2d54/5-full.jpg"", ""https://krisha-photos.kcdn.online/webp/a4/a472f08e-a1c9-4660-92d8-db7bf39e2d54/6-full.jpg"", ""https://krisha-photos.kcdn.online/webp/a4/a472f08e-a1c9-4660-92d8-db7bf39e2d54/7-full.jpg"", ""https://krisha-photos.kcdn.online/webp/a4/a472f08e-a1c9-4660-92d8-db7bf39e2d54/8-full.jpg"", ""https://krisha-photos.kcdn.online/webp/a4/a472f08e-a1c9-4660-92d8-db7bf39e2d54/9-full.jpg"", ""https://krisha-photos.kcdn.online/webp/a4/a472f08e-a1c9-4660-92d8-db7bf39e2d54/10-full.jpg"", ""https://krisha-photos.kcdn.online/webp/a4/a472f08e-a1c9-4660-92d8-db7bf39e2d54/11-full.jpg""]",11,3c552209eec2f1c750a156e7670b9308030edcbea1690e6a90ffc586021f8ad7,,Хозяин,False,2026-08-05,2026-07-29,2026-08-05,live,2026-08-06T06:37:03+00:00,False,address_layout_dedup,"duplicate_address_layout (street='mangilik_el', house='17', floor='8', rooms='1', square within 1.0m2)"
1014559839,https://krisha.kz/a/show/1014559839,2-комнатная квартира · 40 м² · 6/12 этаж,320000,за месяц,8000,2,40,6,12,Esilyskiy_r-n,Astana,ul__Zhoshy_han,12/3,51.10182286931,71.442136694277,21806881,abat,Abat,полностью,"свежий ремонт, новая мебель",,,,,"Сдается в аренду новая квартира, ранее никто не проживал. Чистая, светлая и уютная. Полностью готова к заселению: имеется необходимая мебель и бытовая техника. 
 
Рассматриваются ЧИСТОПЛОТНЫЕ, аккуратные и платежеспособные арендаторы. 
Техника, мебель все новое. 🤩 
Рассмотрим не большой торг.","[""https://krisha-photos.kcdn.online/webp/97/971f9c8a-89dc-401a-89eb-19785bb9d03f/1-full.jpg"", ""https://krisha-photos.kcdn.online/webp/97/971f9c8a-89dc-401a-89eb-19785bb9d03f/2-full.jpg"", ""https://krisha-photos.kcdn.online/webp/97/971f9c8a-89dc-401a-89eb-19785bb9d03f/3-full.jpg"", ""https://krisha-photos.kcdn.online/webp/97/971f9c8a-89dc-401a-89eb-19785bb9d03f/4-full.jpg"", ""https://krisha-photos.kcdn.online/webp/97/971f9c8a-89dc-401a-89eb-19785bb9d03f/5-full.jpg"", ""https://krisha-photos.kcdn.online/webp/97/971f9c8a-89dc-401a-89eb-19785bb9d03f/6-full.jpg"", ""https://krisha-photos.kcdn.online/webp/97/971f9c8a-89dc-401a-89eb-19785bb9d03f/7-full.jpg"", ""https://krisha-photos.kcdn.online/webp/97/971f9c8a-89dc-401a-89eb-19785bb9d03f/8-full.jpg"", ""https://krisha-photos.kcdn.online/webp/97/971f9c8a-89dc-401a-89eb-19785bb9d03f/9-full.jpg"", ""https://krisha-photos.kcdn.online/webp/97/971f9c8a-89dc-401a-89eb-19785bb9d03f/10-full.jpg""]",10,c32141eb0882393a775e08782218ddce75e26376b3cad2e8357a0ad808de796b,,Хозяин,False,2026-08-05,2026-08-05,2026-08-05,live,2026-08-09T06:42:53+00:00,False,address_layout_dedup,"duplicate_address_layout (street='ul__zhoshy_han', house='12/3', floor='6', rooms='2', square within 1.0m2)"
1014571331,https://krisha.kz/a/show/1014571331,2-комнатная квартира · 58 м² · 2/9 этаж,230000,за месяц,3966,2,58,2,9,Nura_r-n,Astana,E-117,42,51.07962,71.492224,8516592,bagystan,Багыстан,полностью,"не новый, но аккуратный и чистый ремонт",,,,,"На длительный период, семейным желательно. Все необходимое есть. Рядом есть школа.","[""https://krisha-photos.kcdn.online/webp/df/df1de0f1-c703-43d1-88cd-21360e5fc592/8-full.jpg"", ""https://krisha-photos.kcdn.online/webp/df/df1de0f1-c703-43d1-88cd-21360e5fc592/9-full.jpg"", ""https://krisha-photos.kcdn.online/webp/df/df1de0f1-c703-43d1-88cd-21360e5fc592/10-full.jpg"", ""https://krisha-photos.kcdn.online/webp/df/df1de0f1-c703-43d1-88cd-21360e5fc592/11-full.jpg"", ""https://krisha-photos.kcdn.online/webp/df/df1de0f1-c703-43d1-88cd-21360e5fc592/12-full.jpg"", ""https://krisha-photos.kcdn.online/webp/df/df1de0f1-c703-43d1-88cd-21360e5fc592/13-full.jpg"", ""https://krisha-photos.kcdn.online/webp/df/df1de0f1-c703-43d1-88cd-21360e5fc592/14-full.jpg"", ""https://krisha-photos.kcdn.online/webp/df/df1de0f1-c703-43d1-88cd-21360e5fc592/15-full.jpg"", ""https://krisha-photos.kcdn.online/webp/df/df1de0f1-c703-43d1-88cd-21360e5fc592/16-full.jpg"", ""https://krisha-photos.kcdn.online/webp/df/df1de0f1-c703-43d1-88cd-21360e5fc592/17-full.jpg""]",10,a5813ef6815e04573692d847da0c33e8d8db9ef10eda6394e6e9fe4d287acfb9,,Кудабаев Темирлан,False,2026-08-05,2026-08-05,2026-08-05,live,2026-08-06T06:37:18+00:00,False,address_layout_dedup,"duplicate_address_layout (street='e-117', house='42', floor='2', rooms='2', square within 1.0m2)"
1011177549,https://krisha.kz/a/show/1011177549,1-комнатная квартира · 40 м² · 2/9 этаж,220000,за месяц,5500,1,40,2,9,Nura_r-n,Astana,Kazybek_Bi,7,51.119891,71.390733,12533325,kokzhailau,Кок жайлау,полностью,"не новый, но аккуратный и чистый ремонт",,,,,"С 19 августа сдается 1- комнатная светлая и ухоженная квартира с мебелью и всей необходимой техникой: холодильник, стиральная машина, плита, телевизор. Удобная кухня, просторная комната, застеклённый балкон. 
 Дом в хорошем состоянии, подъезд чистый. 
 Рядом всё, что нужно для жизни: магазины, аптеки, остановки, школа и детский сад — всё в шаговой доступности. 220000 + ком. услуги. Депозит 100000.","[""https://krisha-photos.kcdn.online/webp/e8/e828a331-5107-4008-a641-3f02756568ce/11-full.jpg"", ""https://krisha-photos.kcdn.online/webp/e8/e828a331-5107-4008-a641-3f02756568ce/1-full.jpg"", ""https://krisha-photos.kcdn.online/webp/e8/e828a331-5107-4008-a641-3f02756568ce/5-full.jpg"", ""https://krisha-photos.kcdn.online/webp/e8/e828a331-5107-4008-a641-3f02756568ce/12-full.jpg"", ""https://krisha-photos.kcdn.online/webp/e8/e828a331-5107-4008-a641-3f02756568ce/13-full.jpg"", ""https://krisha-photos.kcdn.online/webp/e8/e828a331-5107-4008-a641-3f02756568ce/14-full.jpg"", ""https://krisha-photos.kcdn.online/webp/e8/e828a331-5107-4008-a641-3f02756568ce/15-full.jpg"", ""https://krisha-photos.kcdn.online/webp/e8/e828a331-5107-4008-a641-3f02756568ce/16-full.jpg"", ""https://krisha-photos.kcdn.online/webp/e8/e828a331-5107-4008-a641-3f02756568ce/17-full.jpg"", ""https://krisha-photos.kcdn.online/webp/e8/e828a331-5107-4008-a641-3f02756568ce/4-full.jpg"", ""https://krisha-photos.kcdn.online/webp/e8/e828a331-5107-4008-a641-3f02756568ce/18-full.jpg""]",11,120844ea940b010b535c0dba6ee3c2e3da9d6e2fe55352474fb077d93415ec14,,Хозяин,False,2026-08-07,2026-04-09,2026-08-07,live,2026-08-09T06:42:53+00:00,False,address_layout_dedup,"duplicate_address_layout (street='kazybek_bi', house='7', floor='2', rooms='1', square within 1.0m2)"
1007794830,https://krisha.kz/a/show/1007794830,1-комнатная квартира · 35 м² · 8/12 этаж,200000,за месяц,5714,1,35,8,12,Nura_r-n,Astana,E_103,5,51.081668871027,71.379566137076,20945050,space,Space,полностью,"свежий ремонт, новая мебель",,,,,"Квартира чистая, тёплая, полностью готова к проживанию. Хорошая планировка, удобное расположение, всё необходимое рядом. Подойдёт для тех, кто любит комфорт и порядок. 
 
Помесячная оплата, долгосрочно приветствуется.","[""https://krisha-photos.kcdn.online/webp/29/29e3ffd9-da8a-4e42-8a23-ea6f2b22b227/5-full.jpg"", ""https://krisha-photos.kcdn.online/webp/29/29e3ffd9-da8a-4e42-8a23-ea6f2b22b227/6-full.jpg"", ""https://krisha-photos.kcdn.online/webp/29/29e3ffd9-da8a-4e42-8a23-ea6f2b22b227/7-full.jpg"", ""https://krisha-photos.kcdn.online/webp/29/29e3ffd9-da8a-4e42-8a23-ea6f2b22b227/8-full.jpg"", ""https://krisha-photos.kcdn.online/webp/29/29e3ffd9-da8a-4e42-8a23-ea6f2b22b227/9-full.jpg"", ""https://krisha-photos.kcdn.online/webp/29/29e3ffd9-da8a-4e42-8a23-ea6f2b22b227/10-full.jpg""]",6,73d72601fee2d5a1d663f07aecf5a5fc970022b40307712e2a11a4d174f639d2,,Хозяин,False,2026-08-05,2025-12-07,2026-08-05,live,2026-08-06T06:39:25+00:00,False,address_layout_dedup,"duplicate_address_layout (street='e_103', house='5', floor='8', rooms='1', square within 1.0m2)"
1014302017,https://krisha.kz/a/show/1014302017,1-комнатная квартира · 44 м² · 6 этаж,550000,за месяц,12500,1,44,6,,Esilyskiy_r-n,Astana,Akmeshit,1,51.119997114042,71.424614012325,12515541,europecity,Europe City,полностью,"свежий ремонт, новая мебель",,,,,,"[""https://krisha-photos.kcdn.online/webp/77/77fb7cd5-0267-4c6e-9af5-4d681248d91f/1-full.jpg"", ""https://krisha-photos.kcdn.online/webp/77/77fb7cd5-0267-4c6e-9af5-4d681248d91f/2-full.jpg"", ""https://krisha-photos.kcdn.online/webp/77/77fb7cd5-0267-4c6e-9af5-4d681248d91f/3-full.jpg"", ""https://krisha-photos.kcdn.online/webp/77/77fb7cd5-0267-4c6e-9af5-4d681248d91f/4-full.jpg"", ""https://krisha-photos.kcdn.online/webp/77/77fb7cd5-0267-4c6e-9af5-4d681248d91f/5-full.jpg"", ""https://krisha-photos.kcdn.online/webp/77/77fb7cd5-0267-4c6e-9af5-4d681248d91f/6-full.jpg"", ""https://krisha-photos.kcdn.online/webp/77/77fb7cd5-0267-4c6e-9af5-4d681248d91f/7-full.jpg"", ""https://krisha-photos.kcdn.online/webp/77/77fb7cd5-0267-4c6e-9af5-4d681248d91f/8-full.jpg"", ""https://krisha-photos.kcdn.online/webp/77/77fb7cd5-0267-4c6e-9af5-4d681248d91f/9-full.jpg"", ""https://krisha-photos.kcdn.online/webp/77/77fb7cd5-0267-4c6e-9af5-4d681248d91f/10-full.jpg"", ""https://krisha-photos.kcdn.online/webp/77/77fb7cd5-0267-4c6e-9af5-4d681248d91f/11-full.jpg"", ""https://krisha-photos.kcdn.online/webp/77/77fb7cd5-0267-4c6e-9af5-4d681248d91f/12-full.jpg""]",12,1c8780ced4b8b80c2e42595066aca706366e6fbcc3aa2775a2c5e19971ee1ac3,,Хозяин,False,2026-08-04,2026-07-27,2026-08-04,live,2026-08-09T06:42:53+00:00,False,address_layout_dedup,"duplicate_address_layout (street='akmeshit', house='1', floor='6', rooms='1', square within 1.0m2)"
1014449414,https://krisha.kz/a/show/1014449414,1-комнатная квартира · 35 м² · 8/9 этаж,200000,за месяц,5714,1,35,8,9,Nura_r-n,Astana,Bekturova,4/1,51.121527352067,71.398601264556,8521152,altynshar2,Алтын Шар 2,полностью,"не новый, но аккуратный и чистый ремонт",,,,,"Сдам полностью меблированую 1 ком квартиру со всей техникой, смарт замком, порядочной семье можно с детьми. ЖК Алтын Шар 2 ул. Бектурова 4/1, 9 этажный блок, отдельно стоящий, не путать с 22 этажным блоком. Просьба писать .","[""https://krisha-photos.kcdn.online/webp/50/5097af5f-6952-4637-93c4-dc0444ddf3a4/1-full.jpg"", ""https://krisha-photos.kcdn.online/webp/50/5097af5f-6952-4637-93c4-dc0444ddf3a4/2-full.jpg"", ""https://krisha-photos.kcdn.online/webp/50/5097af5f-6952-4637-93c4-dc0444ddf3a4/3-full.jpg"", ""https://krisha-photos.kcdn.online/webp/50/5097af5f-6952-4637-93c4-dc0444ddf3a4/4-full.jpg"", ""https://krisha-photos.kcdn.online/webp/50/5097af5f-6952-4637-93c4-dc0444ddf3a4/5-full.jpg"", ""https://krisha-photos.kcdn.online/webp/50/5097af5f-6952-4637-93c4-dc0444ddf3a4/6-full.jpg"", ""https://krisha-photos.kcdn.online/webp/50/5097af5f-6952-4637-93c4-dc0444ddf3a4/7-full.jpg""]",7,7859f4d5e592b3b58bd87a66cf2bb29b5c8f4b8fd3717477dd294349ebbefca3,,Хозяин,False,2026-08-05,2026-08-01,2026-08-05,live,2026-08-06T06:40:43+00:00,False,address_layout_dedup,"duplicate_address_layout (street='bekturova', house='4/1', floor='8', rooms='1', square within 1.0m2)"
672816225,https://krisha.kz/a/show/672816225,1-комнатная квартира · 20 м² · 2/10 этаж,160000,за месяц,8000,1,20,2,10,Esilyskiy_r-n,Astana,Sarayshyk,38,51.132305601477,71.436379775405,8477300,premium,Премиум,,,,,,,"Акция! долгосрочная аренда гостиничных номеров квартирного типа на левом берегу от 180000 тг.в месяц, полсуток от 15 тыс сутки от 20 тыс. Удобное расположение в центре города. + отдельная душевая комната с сан, узлом. кабельное бесплатный вай фай. холодильник. уборка замена белья раз в неделю, кухня на первом этаже. Мы находимся по адресу Сарайшык 38, отель Байтерек, можно под офис, массажный кабинет и другое коммунальные внутри залога нет

Дом ориентировочно находится возле проспект Мангилик Ел","[""https://krisha-photos.kcdn.online/webp/3a/3a08c1f7-e919-42b1-83f3-9140d1b47307/1-full.jpg"", ""https://krisha-photos.kcdn.online/webp/3a/3a08c1f7-e919-42b1-83f3-9140d1b47307/2-full.jpg"", ""https://krisha-photos.kcdn.online/webp/3a/3a08c1f7-e919-42b1-83f3-9140d1b47307/4-full.jpg"", ""https://krisha-photos.kcdn.online/webp/3a/3a08c1f7-e919-42b1-83f3-9140d1b47307/5-full.jpg"", ""https://krisha-photos.kcdn.online/webp/3a/3a08c1f7-e919-42b1-83f3-9140d1b47307/6-full.jpg"", ""https://krisha-photos.kcdn.online/webp/3a/3a08c1f7-e919-42b1-83f3-9140d1b47307/7-full.jpg"", ""https://krisha-photos.kcdn.online/webp/3a/3a08c1f7-e919-42b1-83f3-9140d1b47307/8-full.jpg"", ""https://krisha-photos.kcdn.online/webp/3a/3a08c1f7-e919-42b1-83f3-9140d1b47307/9-full.jpg""]",8,e3de4ea9ed0bf90b1ed1508a6530198e567672e99385e0eee0b42f38e30ee0c8,,Хозяин,False,2026-07-31,2022-01-18,2026-07-31,live,2026-08-11T07:10:08+00:00,False,address_layout_dedup,"duplicate_address_layout (street='sarayshyk', house='38', floor='2', rooms='1', square within 1.0m2)"
1013614833,https://krisha.kz/a/show/1013614833,1-комнатная квартира · 35 м² · 5/16 этаж,200000,за месяц,5714,1,35,5,16,Almaty_r-n,Astana,Mustafina,21/1-4,51.15698479672,71.508992718222,8477608,dostar,Достар-1,полностью,"не новый, но аккуратный и чистый ремонт",,,,,"СЕМЕЙНЫМ КВАРТИРУ НЕ СДАЮ! 
сдам 1 ком квартиру только девушкам, без детей, без животных, без вредных привычек. 
200 тыс тг/месяц + ком. услуги. 
риэлторам ничего не даю, ничего не подписываю с ними. 
Если не дозвонились, пишите, перезвоню.","[""https://krisha-photos.kcdn.online/webp/bf/bf3803fe-e222-4082-8696-d413c862b1d3/14-full.jpg"", ""https://krisha-photos.kcdn.online/webp/bf/bf3803fe-e222-4082-8696-d413c862b1d3/15-full.jpg"", ""https://krisha-photos.kcdn.online/webp/bf/bf3803fe-e222-4082-8696-d413c862b1d3/16-full.jpg"", ""https://krisha-photos.kcdn.online/webp/bf/bf3803fe-e222-4082-8696-d413c862b1d3/17-full.jpg"", ""https://krisha-photos.kcdn.online/webp/bf/bf3803fe-e222-4082-8696-d413c862b1d3/19-full.jpg"", ""https://krisha-photos.kcdn.online/webp/bf/bf3803fe-e222-4082-8696-d413c862b1d3/20-full.jpg"", ""https://krisha-photos.kcdn.online/webp/bf/bf3803fe-e222-4082-8696-d413c862b1d3/21-full.jpg""]",7,5372659672a734b895d24467b2524b2e2ffb56ecd69652b428ad7ed567d83e5d,,Хозяин,False,2026-08-04,2026-07-02,2026-08-04,live,2026-08-09T06:42:53+00:00,False,address_layout_dedup,"duplicate_address_layout (street='mustafina', house='21/1-4', floor='5', rooms='1', square within 1.0m2)"
1003688330,https://krisha.kz/a/show/1003688330,1-комнатная квартира · 40 м² · 2/12 этаж,230000,за месяц,5750,1,40,2,12,Esilyskiy_r-n,Astana,Turan,46/6,51.11072,71.403641,12176975,grandchampion,Grand Champion,полностью,,нет,,,,"Сдаётся в долгосрочную аренду полноценная однокомнатная квартира в самом центре столицы 
Рядом Астана арена, Барыс Арена, Ботанический сад 
Закрытый двор 
Дом кирпичный 
Депозит 100 тыс

Дом ориентировочно находится возле Астана арена","[""https://krisha-photos.kcdn.online/webp/7a/7a422bd6-ef5f-47b2-af52-28d410b1bc6e/4-full.jpg"", ""https://krisha-photos.kcdn.online/webp/7a/7a422bd6-ef5f-47b2-af52-28d410b1bc6e/1-full.jpg"", ""https://krisha-photos.kcdn.online/webp/7a/7a422bd6-ef5f-47b2-af52-28d410b1bc6e/2-full.jpg"", ""https://krisha-photos.kcdn.online/webp/7a/7a422bd6-ef5f-47b2-af52-28d410b1bc6e/12-full.jpg"", ""https://krisha-photos.kcdn.online/webp/7a/7a422bd6-ef5f-47b2-af52-28d410b1bc6e/5-full.jpg"", ""https://krisha-photos.kcdn.online/webp/7a/7a422bd6-ef5f-47b2-af52-28d410b1bc6e/6-full.jpg"", ""https://krisha-photos.kcdn.online/webp/7a/7a422bd6-ef5f-47b2-af52-28d410b1bc6e/7-full.jpg"", ""https://krisha-photos.kcdn.online/webp/7a/7a422bd6-ef5f-47b2-af52-28d410b1bc6e/8-full.jpg"", ""https://krisha-photos.kcdn.online/webp/7a/7a422bd6-ef5f-47b2-af52-28d410b1bc6e/9-full.jpg"", ""https://krisha-photos.kcdn.online/webp/7a/7a422bd6-ef5f-47b2-af52-28d410b1bc6e/10-full.jpg"", ""https://krisha-photos.kcdn.online/webp/7a/7a422bd6-ef5f-47b2-af52-28d410b1bc6e/11-full.jpg""]",11,766b47f30e7fdff6ffa7ede46ad747f5c410e9c81167ebefbb7de22ad6532e45,,"Бирбаев Даулет, компания «Freedom Real Estate»",False,2026-08-08,2025-07-22,2026-08-08,live,2026-08-11T07:10:08+00:00,False,address_layout_dedup,"duplicate_address_layout (street='turan', house='46/6', floor='2', rooms='1', square within 1.0m2)"
1013459319,https://krisha.kz/a/show/1013459319,1-комнатная квартира · 22 м² · 2/11 этаж,180000,за месяц,8182,1,22,2,11,Nura_r-n,Astana,Shosse_Korgalzhyn,37,51.148795387127,71.358189092753,19974256,,,,"свежий ремонт, новая мебель",,,,,"Сдастся одна комнатная квартира 180 000 т с ком услугой! Новый ремонт! Новая мебель! 
Рядом Профессионально-технический колледж ! 
Университет КАЗГЮУ! 
 
Только для девушек или для молодой семьи❗️❗️❗️

Дом ориентировочно находится возле Школа 90","[""https://krisha-photos.kcdn.online/webp/04/04e936b9-6c55-494b-8922-8ff0b809abda/1-full.jpg"", ""https://krisha-photos.kcdn.online/webp/04/04e936b9-6c55-494b-8922-8ff0b809abda/2-full.jpg"", ""https://krisha-photos.kcdn.online/webp/04/04e936b9-6c55-494b-8922-8ff0b809abda/3-full.jpg"", ""https://krisha-photos.kcdn.online/webp/04/04e936b9-6c55-494b-8922-8ff0b809abda/4-full.jpg""]",4,903be1d4d93226b540ec655e0a498d9faeaf8e85722c2b546d5fd27af4df4338,,Хозяин,False,2026-08-05,2026-06-26,2026-08-05,live,2026-08-06T06:41:47+00:00,False,address_layout_dedup,"duplicate_address_layout (street='shosse_korgalzhyn', house='37', floor='2', rooms='1', square within 1.0m2)"
1013681542,https://krisha.kz/a/show/1013681542,2-комнатная квартира · 53 м² · 7/9 этаж,280000,за месяц,5283,2,53,7,9,Esilyskiy_r-n,Astana,Aly-Farabi,46/21,51.081245349721,71.468073462537,21588331,jetisuaspan,Jetisu.Aspan,частично,"свежий ремонт, новая мебель",,,,,"Сдаётся в аренду новая, уютная, светлая и полностью меблированная 2- комнатная квартира в ЖК Аспан для 4 девушек (на одного человека - 70000 тг. + комуслуга (отдельно). 
Квартира чистая, оборудована необходимой мебелью и бытовой техникой. Современный жилой комплекс с комфортной инфраструктурой. Дом комфорт класса. Тихий спокойный район. Рядом школа, магазины, остановки. Все необходимое в шаговой доступности.","[""https://krisha-photos.kcdn.online/webp/13/13f2aa3c-8c60-4439-aa50-1e48fe010fe8/1-full.jpg"", ""https://krisha-photos.kcdn.online/webp/13/13f2aa3c-8c60-4439-aa50-1e48fe010fe8/2-full.jpg"", ""https://krisha-photos.kcdn.online/webp/13/13f2aa3c-8c60-4439-aa50-1e48fe010fe8/3-full.jpg"", ""https://krisha-photos.kcdn.online/webp/13/13f2aa3c-8c60-4439-aa50-1e48fe010fe8/4-full.jpg"", ""https://krisha-photos.kcdn.online/webp/13/13f2aa3c-8c60-4439-aa50-1e48fe010fe8/5-full.jpg"", ""https://krisha-photos.kcdn.online/webp/13/13f2aa3c-8c60-4439-aa50-1e48fe010fe8/6-full.jpg"", ""https://krisha-photos.kcdn.online/webp/13/13f2aa3c-8c60-4439-aa50-1e48fe010fe8/7-full.jpg"", ""https://krisha-photos.kcdn.online/webp/13/13f2aa3c-8c60-4439-aa50-1e48fe010fe8/8-full.jpg"", ""https://krisha-photos.kcdn.online/webp/13/13f2aa3c-8c60-4439-aa50-1e48fe010fe8/9-full.jpg"", ""https://krisha-photos.kcdn.online/webp/13/13f2aa3c-8c60-4439-aa50-1e48fe010fe8/10-full.jpg"", ""https://krisha-photos.kcdn.online/webp/13/13f2aa3c-8c60-4439-aa50-1e48fe010fe8/11-full.jpg"", ""https://krisha-photos.kcdn.online/webp/13/13f2aa3c-8c60-4439-aa50-1e48fe010fe8/12-full.jpg""]",12,efbed37e1339bec15e0b91cd11ec6db3a4fa79ec98abb024bb5d02d6f2cd0b02,,Хозяин,False,2026-08-03,2026-07-04,2026-08-03,live,2026-08-11T07:10:08+00:00,False,address_layout_dedup,"duplicate_address_layout (street='aly-farabi', house='46/21', floor='7', rooms='2', square within 1.0m2)"
1013307247,https://krisha.kz/a/show/1013307247,2-комнатная квартира · 67 м² · 15 этаж,600000,за месяц,8955,2,67,15,,Esilyskiy_r-n,Astana,Akmeshit,1,51.120813755506,71.424500940921,12515541,europecity,Europe City,полностью,"свежий ремонт, новая мебель",,,,,Есть видеообзор квартиры ✅,"[""https://krisha-photos.kcdn.online/webp/47/4782f693-5f6d-4874-b33d-e37afafdc509/5-full.jpg"", ""https://krisha-photos.kcdn.online/webp/47/4782f693-5f6d-4874-b33d-e37afafdc509/6-full.jpg"", ""https://krisha-photos.kcdn.online/webp/47/4782f693-5f6d-4874-b33d-e37afafdc509/1-full.jpg"", ""https://krisha-photos.kcdn.online/webp/47/4782f693-5f6d-4874-b33d-e37afafdc509/2-full.jpg"", ""https://krisha-photos.kcdn.online/webp/47/4782f693-5f6d-4874-b33d-e37afafdc509/3-full.jpg"", ""https://krisha-photos.kcdn.online/webp/47/4782f693-5f6d-4874-b33d-e37afafdc509/4-full.jpg"", ""https://krisha-photos.kcdn.online/webp/47/4782f693-5f6d-4874-b33d-e37afafdc509/7-full.jpg"", ""https://krisha-photos.kcdn.online/webp/47/4782f693-5f6d-4874-b33d-e37afafdc509/8-full.jpg"", ""https://krisha-photos.kcdn.online/webp/47/4782f693-5f6d-4874-b33d-e37afafdc509/9-full.jpg"", ""https://krisha-photos.kcdn.online/webp/47/4782f693-5f6d-4874-b33d-e37afafdc509/10-full.jpg"", ""https://krisha-photos.kcdn.online/webp/47/4782f693-5f6d-4874-b33d-e37afafdc509/11-full.jpg"", ""https://krisha-photos.kcdn.online/webp/47/4782f693-5f6d-4874-b33d-e37afafdc509/12-full.jpg"", ""https://krisha-photos.kcdn.online/webp/47/4782f693-5f6d-4874-b33d-e37afafdc509/13-full.jpg""]",13,9660a42d0c371abb9a86b8dcc2fde0bc6e613dbd60ab5f7b7cf18909e38b9513,,Таскимбаев Мағжан,False,2026-08-02,2026-06-21,2026-08-02,live,2026-08-09T06:42:53+00:00,False,address_layout_dedup,"duplicate_address_layout (street='akmeshit', house='1', floor='15', rooms='2', square within 1.0m2)"
1009559813,https://krisha.kz/a/show/1009559813,1-комнатная квартира · 35.5 м² · 12/18 этаж,175000,за месяц,4930,1,35.5,12,18,Saryarka_r-n,Astana,Saryarka,43,51.180404085809,71.403987573358,8477420,mahabbat,Махаббат,полностью,,нет,,,,"Сдам квартиру 
Тёплая 
рядом Медицинский и Аграрный университет 
Всё необходимое имеется 
депозит 50 тысяч 
ком услуги сверху","[""https://krisha-photos.kcdn.online/webp/ac/acce05d5-75a2-474a-bb60-6aa22524a792/1-full.jpg"", ""https://krisha-photos.kcdn.online/webp/ac/acce05d5-75a2-474a-bb60-6aa22524a792/2-full.jpg"", ""https://krisha-photos.kcdn.online/webp/ac/acce05d5-75a2-474a-bb60-6aa22524a792/3-full.jpg"", ""https://krisha-photos.kcdn.online/webp/ac/acce05d5-75a2-474a-bb60-6aa22524a792/4-full.jpg"", ""https://krisha-photos.kcdn.online/webp/ac/acce05d5-75a2-474a-bb60-6aa22524a792/5-full.jpg""]",5,f2294ae381e7666e6d14ae14142c3633403279a27eb5f43f66ce853d29393dee,,"Темешев Амангельды, компания «Vykup_i_prodazha»",False,2026-08-02,2026-02-12,2026-08-02,live,2026-08-09T06:42:53+00:00,False,address_layout_dedup,"duplicate_address_layout (street='saryarka', house='43', floor='12', rooms='1', square within 1.0m2)"
1004919544,https://krisha.kz/a/show/1004919544,2-комнатная квартира · 40 м² · 2/14 этаж,250000,за месяц,6250,2,40,2,14,Esilyskiy_r-n,Astana,E915,17,51.088561409573,71.465621420427,,,,полностью,"свежий ремонт, новая мебель",,,,,"Квартира новая, камфорт. Свежий ремонт. Али ешкым турган жок. Bi Group уйы. Оте тамаша, закрытая площадка. Касында Смол бар. Мектеп остановка жакын. Барлык жагдай жасалган. Келесин, кошесин. Турасын. 
желательно кыздар. 250 к+депозит 60к","[""https://krisha-photos.kcdn.online/webp/7a/7ab5b948-c119-440f-a95b-5c2cc6b6e8b9/1-full.jpg"", ""https://krisha-photos.kcdn.online/webp/7a/7ab5b948-c119-440f-a95b-5c2cc6b6e8b9/2-full.jpg"", ""https://krisha-photos.kcdn.online/webp/7a/7ab5b948-c119-440f-a95b-5c2cc6b6e8b9/3-full.jpg"", ""https://krisha-photos.kcdn.online/webp/7a/7ab5b948-c119-440f-a95b-5c2cc6b6e8b9/4-full.jpg"", ""https://krisha-photos.kcdn.online/webp/7a/7ab5b948-c119-440f-a95b-5c2cc6b6e8b9/5-full.jpg"", ""https://krisha-photos.kcdn.online/webp/7a/7ab5b948-c119-440f-a95b-5c2cc6b6e8b9/6-full.jpg"", ""https://krisha-photos.kcdn.online/webp/7a/7ab5b948-c119-440f-a95b-5c2cc6b6e8b9/7-full.jpg"", ""https://krisha-photos.kcdn.online/webp/7a/7ab5b948-c119-440f-a95b-5c2cc6b6e8b9/8-full.jpg"", ""https://krisha-photos.kcdn.online/webp/7a/7ab5b948-c119-440f-a95b-5c2cc6b6e8b9/9-full.jpg"", ""https://krisha-photos.kcdn.online/webp/7a/7ab5b948-c119-440f-a95b-5c2cc6b6e8b9/10-full.jpg"", ""https://krisha-photos.kcdn.online/webp/7a/7ab5b948-c119-440f-a95b-5c2cc6b6e8b9/11-full.jpg"", ""https://krisha-photos.kcdn.online/webp/7a/7ab5b948-c119-440f-a95b-5c2cc6b6e8b9/12-full.jpg"", ""https://krisha-photos.kcdn.online/webp/7a/7ab5b948-c119-440f-a95b-5c2cc6b6e8b9/13-full.jpg"", ""https://krisha-photos.kcdn.online/webp/7a/7ab5b948-c119-440f-a95b-5c2cc6b6e8b9/14-full.jpg"", ""https://krisha-photos.kcdn.online/webp/7a/7ab5b948-c119-440f-a95b-5c2cc6b6e8b9/15-full.jpg""]",15,a9e9c84dba632e4a9782c48da37dc8158930faf7aed812577be4605752570b44,,Хозяин,False,2026-08-05,2025-09-01,2026-08-05,live,2026-08-06T06:44:13+00:00,False,address_layout_dedup,"duplicate_address_layout (street='e915', house='17', floor='2', rooms='2', square within 1.0m2)"
1005098783,https://krisha.kz/a/show/1005098783,1-комнатная квартира · 36 м² · 4/5 этаж,270000,за месяц,7500,1,36,4,5,Almaty_r-n,Astana,Manasa,6,51.156585,71.488874,,,,полностью,"не новый, но аккуратный и чистый ремонт",нет,,,,"Манаса 6 
270000+50000 депозит + ком. ус

Дом ориентировочно находится возле Абылайхана","[""https://krisha-photos.kcdn.online/webp/55/552352bb-6888-4943-9bce-40240c814854/1-full.jpg"", ""https://krisha-photos.kcdn.online/webp/55/552352bb-6888-4943-9bce-40240c814854/2-full.jpg"", ""https://krisha-photos.kcdn.online/webp/55/552352bb-6888-4943-9bce-40240c814854/3-full.jpg"", ""https://krisha-photos.kcdn.online/webp/55/552352bb-6888-4943-9bce-40240c814854/4-full.jpg"", ""https://krisha-photos.kcdn.online/webp/55/552352bb-6888-4943-9bce-40240c814854/5-full.jpg"", ""https://krisha-photos.kcdn.online/webp/55/552352bb-6888-4943-9bce-40240c814854/6-full.jpg""]",6,7653537f5eaad36a64de2dce84c03e7242e30d57a7fa9eb1eea4f4d20ecb43db,,Хозяин,False,2026-08-06,2025-09-06,2026-08-06,live,2026-08-11T07:10:08+00:00,False,address_layout_dedup,"duplicate_address_layout (street='manasa', house='6', floor='4', rooms='1', square within 1.0m2)"
1012468372,https://krisha.kz/a/show/1012468372,2-комнатная квартира · 55 м² · 7/9 этаж,350000,за месяц,6364,2,55,7,9,Esilyskiy_r-n,Astana,Dostyk,8/2,51.126583935535,71.421847252081,9939173,landmark,Landmark,,,нет,,,,"✨ Хозяйка квартиры, сдаю 2 к кв. в ЖК Landmark (бизнес класс), на долгосрочный период порядочным, чистоплотным людям. 
✨ Квартира уютная, 55 м2, высота потолков 3 метра, 7/9 эт., полностью меблирована, не требует никаких вложений, готова к заселению. 
✨ЖК Landmark находится в золотом квадрате левого берега (рядом Байтерек, бульвар Нурлы Жол, ТРЦ Керуен, все банки), развитая инфраструктура. 
✨350 тыс тенге ежемесячная оплата + ком услуги + единоразововый депозит. 
Субарендаторов и Риелторов прошу не беспокоить.","[""https://krisha-photos.kcdn.online/webp/b0/b060fd01-f300-46d9-a7c6-d2019a333f83/4-full.jpg"", ""https://krisha-photos.kcdn.online/webp/b0/b060fd01-f300-46d9-a7c6-d2019a333f83/5-full.jpg"", ""https://krisha-photos.kcdn.online/webp/b0/b060fd01-f300-46d9-a7c6-d2019a333f83/6-full.jpg"", ""https://krisha-photos.kcdn.online/webp/b0/b060fd01-f300-46d9-a7c6-d2019a333f83/7-full.jpg"", ""https://krisha-photos.kcdn.online/webp/b0/b060fd01-f300-46d9-a7c6-d2019a333f83/8-full.jpg"", ""https://krisha-photos.kcdn.online/webp/b0/b060fd01-f300-46d9-a7c6-d2019a333f83/9-full.jpg"", ""https://krisha-photos.kcdn.online/webp/b0/b060fd01-f300-46d9-a7c6-d2019a333f83/10-full.jpg""]",7,bb4b03cc6efcd2e3c0e38b8f3ba45e4d6c6b6ebc5fd88bbfaf9f21cd1b4be107,,Хозяин,False,2026-08-01,2026-05-23,2026-08-01,live,2026-08-11T07:10:08+00:00,False,address_layout_dedup,"duplicate_address_layout (street='dostyk', house='8/2', floor='7', rooms='2', square within 1.0m2)"
1014342105,https://krisha.kz/a/show/1014342105,1-комнатная квартира · 44 м²,230000,за месяц,5227,1,44,9,,Almaty_r-n,Astana,Zhumekena_Nazhimedenova,19,51.113174276915,71.516370177214,13478261,,,полностью,,нет,,,,"Сдается уютная, чистая и полностью меблированная квартира. 
 
В квартире есть все необходимое для комфортного проживания: 
 • мебель; 
 • бытовая техника; 
 • посуда и кухонные принадлежности; 
 
 
Удобное расположение, рядом магазины, остановки общественного транспорта и вся необходимая инфраструктура.","[""https://krisha-photos.kcdn.online/webp/aa/aa7ebad0-ddc8-41b4-9bc3-1f7709f5c483/1-full.jpg"", ""https://krisha-photos.kcdn.online/webp/aa/aa7ebad0-ddc8-41b4-9bc3-1f7709f5c483/2-full.jpg"", ""https://krisha-photos.kcdn.online/webp/aa/aa7ebad0-ddc8-41b4-9bc3-1f7709f5c483/3-full.jpg"", ""https://krisha-photos.kcdn.online/webp/aa/aa7ebad0-ddc8-41b4-9bc3-1f7709f5c483/4-full.jpg"", ""https://krisha-photos.kcdn.online/webp/aa/aa7ebad0-ddc8-41b4-9bc3-1f7709f5c483/5-full.jpg"", ""https://krisha-photos.kcdn.online/webp/aa/aa7ebad0-ddc8-41b4-9bc3-1f7709f5c483/6-full.jpg""]",6,84bcd081dace75de886dc029692e6431ac54bbcca37e5c6b44d9fbcfb09efaee,,Хозяин,False,2026-08-05,2026-07-28,2026-08-05,live,2026-08-11T07:10:08+00:00,False,address_layout_dedup,"duplicate_address_layout (street='zhumekena_nazhimedenova', house='19', floor='9', rooms='1', square within 1.0m2)"
1014554315,https://krisha.kz/a/show/1014554315,2-комнатная квартира · 60 м² · 7/10 этаж,350000,за месяц,5833,2,60,7,10,Nura_r-n,Astana,Ilyyas_Omarov,27,51.142165591603,71.370731986664,8479040,,Absolute,полностью,"не новый, но аккуратный и чистый ремонт",нет,,,,"Светлая квартира, чистая ранее не сдавалась","[""https://krisha-photos.kcdn.online/webp/de/de9e837a-9380-43c3-9039-6dc82e51b5be/6-full.jpg"", ""https://krisha-photos.kcdn.online/webp/de/de9e837a-9380-43c3-9039-6dc82e51b5be/7-full.jpg"", ""https://krisha-photos.kcdn.online/webp/de/de9e837a-9380-43c3-9039-6dc82e51b5be/8-full.jpg"", ""https://krisha-photos.kcdn.online/webp/de/de9e837a-9380-43c3-9039-6dc82e51b5be/9-full.jpg"", ""https://krisha-photos.kcdn.online/webp/de/de9e837a-9380-43c3-9039-6dc82e51b5be/10-full.jpg"", ""https://krisha-photos.kcdn.online/webp/de/de9e837a-9380-43c3-9039-6dc82e51b5be/11-full.jpg"", ""https://krisha-photos.kcdn.online/webp/de/de9e837a-9380-43c3-9039-6dc82e51b5be/12-full.jpg"", ""https://krisha-photos.kcdn.online/webp/de/de9e837a-9380-43c3-9039-6dc82e51b5be/13-full.jpg"", ""https://krisha-photos.kcdn.online/webp/de/de9e837a-9380-43c3-9039-6dc82e51b5be/14-full.jpg"", ""https://krisha-photos.kcdn.online/webp/de/de9e837a-9380-43c3-9039-6dc82e51b5be/15-full.jpg"", ""https://krisha-photos.kcdn.online/webp/de/de9e837a-9380-43c3-9039-6dc82e51b5be/16-full.jpg"", ""https://krisha-photos.kcdn.online/webp/de/de9e837a-9380-43c3-9039-6dc82e51b5be/17-full.jpg"", ""https://krisha-photos.kcdn.online/webp/de/de9e837a-9380-43c3-9039-6dc82e51b5be/18-full.jpg"", ""https://krisha-photos.kcdn.online/webp/de/de9e837a-9380-43c3-9039-6dc82e51b5be/19-full.jpg"", ""https://krisha-photos.kcdn.online/webp/de/de9e837a-9380-43c3-9039-6dc82e51b5be/20-full.jpg"", ""https://krisha-photos.kcdn.online/webp/de/de9e837a-9380-43c3-9039-6dc82e51b5be/21-full.jpg"", ""https://krisha-photos.kcdn.online/webp/de/de9e837a-9380-43c3-9039-6dc82e51b5be/22-full.jpg""]",17,f998350620fe910718ff611d45c7e23b0880a49ee8c681e6ea339fa3a42595c2,,Хозяин,False,2026-08-05,2026-08-05,2026-08-05,live,2026-08-06T06:45:40+00:00,False,address_layout_dedup,"duplicate_address_layout (street='ilyyas_omarov', house='27', floor='7', rooms='2', square within 1.0m2)"
687406829,https://krisha.kz/a/show/687406829,3-комнатная квартира · 96 м² · 10/15 этаж,395000,за месяц,4115,3,96,10,15,Esilyskiy_r-n,Astana,Turkestan,10,51.110037722596,71.427172177754,8478764,,Коркем 2,полностью,"не новый, но аккуратный и чистый ремонт",,,,,"Жилой комплекс находится в центре города, шикарный вид из окна, дом расположен возле Ботанического сада. Удобное месторасположение с развитой инфраструктурой (в шаговой доступности Абу Даби Плаза, Экспо, ЦОН, школа, детский сад, фитнес-центры и др. 
Коммунальные услуги оплачиваются Отдельно. Депозит возвратный. Напротив квартиры расположена кладовая для хранения вещей и других предметов.

Дом ориентировочно находится возле Керей-Жанибек Хандар","[""https://krisha-photos.kcdn.online/webp/e5/e5efc0f1-1e7b-4b8f-aedf-07e6bd7763d6/13-full.jpg"", ""https://krisha-photos.kcdn.online/webp/e5/e5efc0f1-1e7b-4b8f-aedf-07e6bd7763d6/14-full.jpg"", ""https://krisha-photos.kcdn.online/webp/e5/e5efc0f1-1e7b-4b8f-aedf-07e6bd7763d6/15-full.jpg"", ""https://krisha-photos.kcdn.online/webp/e5/e5efc0f1-1e7b-4b8f-aedf-07e6bd7763d6/16-full.jpg"", ""https://krisha-photos.kcdn.online/webp/e5/e5efc0f1-1e7b-4b8f-aedf-07e6bd7763d6/17-full.jpg"", ""https://krisha-photos.kcdn.online/webp/e5/e5efc0f1-1e7b-4b8f-aedf-07e6bd7763d6/18-full.jpg"", ""https://krisha-photos.kcdn.online/webp/e5/e5efc0f1-1e7b-4b8f-aedf-07e6bd7763d6/19-full.jpg"", ""https://krisha-photos.kcdn.online/webp/e5/e5efc0f1-1e7b-4b8f-aedf-07e6bd7763d6/20-full.jpg"", ""https://krisha-photos.kcdn.online/webp/e5/e5efc0f1-1e7b-4b8f-aedf-07e6bd7763d6/21-full.jpg"", ""https://krisha-photos.kcdn.online/webp/e5/e5efc0f1-1e7b-4b8f-aedf-07e6bd7763d6/22-full.jpg"", ""https://krisha-photos.kcdn.online/webp/e5/e5efc0f1-1e7b-4b8f-aedf-07e6bd7763d6/23-full.jpg"", ""https://krisha-photos.kcdn.online/webp/e5/e5efc0f1-1e7b-4b8f-aedf-07e6bd7763d6/24-full.jpg"", ""https://krisha-photos.kcdn.online/webp/e5/e5efc0f1-1e7b-4b8f-aedf-07e6bd7763d6/25-full.jpg"", ""https://krisha-photos.kcdn.online/webp/e5/e5efc0f1-1e7b-4b8f-aedf-07e6bd7763d6/26-full.jpg"", ""https://krisha-photos.kcdn.online/webp/e5/e5efc0f1-1e7b-4b8f-aedf-07e6bd7763d6/27-full.jpg"", ""https://krisha-photos.kcdn.online/webp/e5/e5efc0f1-1e7b-4b8f-aedf-07e6bd7763d6/28-full.jpg"", ""https://krisha-photos.kcdn.online/webp/e5/e5efc0f1-1e7b-4b8f-aedf-07e6bd7763d6/29-full.jpg"", ""https://krisha-photos.kcdn.online/webp/e5/e5efc0f1-1e7b-4b8f-aedf-07e6bd7763d6/30-full.jpg""]",18,ec0ec197a304c460f517b46007c66859dc25d514445ede5b2a56829e231345b9,,Хозяин,False,2026-08-05,2023-08-28,2026-08-05,live,2026-08-06T06:45:55+00:00,False,address_layout_dedup,"duplicate_address_layout (street='turkestan', house='10', floor='10', rooms='3', square within 1.0m2)"
688774036,https://krisha.kz/a/show/688774036,1-комнатная квартира · 38 м² · 14/14 этаж,200000,за месяц,5263,1,38,14,14,Esilyskiy_r-n,Astana,Almaty,13,51.116760220237,71.431022620049,8477318,otandastar,Отандастар,полностью,"не новый, но аккуратный и чистый ремонт",,,,,"Отличное местоположение в самом центре левого берега, хороший вид из окна, не студия, просторная уютная квартира, полностью меблирована, 14 этаж (технический этаж, лифт до 13-го этажа) .","[""https://krisha-photos.kcdn.online/webp/0e/0e2850d6-b44b-49f3-ab6b-f800af318151/1-full.jpg"", ""https://krisha-photos.kcdn.online/webp/0e/0e2850d6-b44b-49f3-ab6b-f800af318151/2-full.jpg"", ""https://krisha-photos.kcdn.online/webp/0e/0e2850d6-b44b-49f3-ab6b-f800af318151/3-full.jpg"", ""https://krisha-photos.kcdn.online/webp/0e/0e2850d6-b44b-49f3-ab6b-f800af318151/6-full.jpg"", ""https://krisha-photos.kcdn.online/webp/0e/0e2850d6-b44b-49f3-ab6b-f800af318151/8-full.jpg"", ""https://krisha-photos.kcdn.online/webp/0e/0e2850d6-b44b-49f3-ab6b-f800af318151/9-full.jpg"", ""https://krisha-photos.kcdn.online/webp/0e/0e2850d6-b44b-49f3-ab6b-f800af318151/11-full.jpg"", ""https://krisha-photos.kcdn.online/webp/0e/0e2850d6-b44b-49f3-ab6b-f800af318151/12-full.jpg"", ""https://krisha-photos.kcdn.online/webp/0e/0e2850d6-b44b-49f3-ab6b-f800af318151/16-full.jpg"", ""https://krisha-photos.kcdn.online/webp/0e/0e2850d6-b44b-49f3-ab6b-f800af318151/17-full.jpg""]",10,92dccb984179196502bc4fed44366cdc3e51337aba4cb4abc79b0a76329218a5,,Хозяин,False,2026-08-05,2023-10-23,2026-08-05,live,2026-08-06T06:46:07+00:00,False,address_layout_dedup,"duplicate_address_layout (street='almaty', house='13', floor='14', rooms='1', square within 1.0m2)"
1002038010,https://krisha.kz/a/show/1002038010,3-комнатная квартира · 100 м² · 7/19 этаж,650000,за месяц,6500,3,100,7,19,Esilyskiy_r-n,Astana,Syganak,17,51.130558300884,71.390286684036,8561534,,GreenLine.Зеленый квартал,полностью,,нет,,,,,"[""https://krisha-photos.kcdn.online/webp/34/34b69cb0-733e-47a5-a167-72bd20cab86c/5-full.jpg"", ""https://krisha-photos.kcdn.online/webp/34/34b69cb0-733e-47a5-a167-72bd20cab86c/6-full.jpg"", ""https://krisha-photos.kcdn.online/webp/34/34b69cb0-733e-47a5-a167-72bd20cab86c/7-full.jpg"", ""https://krisha-photos.kcdn.online/webp/34/34b69cb0-733e-47a5-a167-72bd20cab86c/8-full.jpg"", ""https://krisha-photos.kcdn.online/webp/34/34b69cb0-733e-47a5-a167-72bd20cab86c/9-full.jpg"", ""https://krisha-photos.kcdn.online/webp/34/34b69cb0-733e-47a5-a167-72bd20cab86c/10-full.jpg""]",6,fd99018c24672864f4ceda2090ae9997dfd3a0bf00ace00598628cd5561a5ba4,,"Огнеев Фарит, компания «Продажа квартир»",False,2026-08-04,2025-05-28,2026-08-04,live,2026-08-09T06:42:53+00:00,False,address_layout_dedup,"duplicate_address_layout (street='syganak', house='17', floor='7', rooms='3', square within 1.0m2)"
1010755377,https://krisha.kz/a/show/1010755377,2-комнатная квартира · 70 м² · 9 этаж,400000,за месяц,5714,2,70,9,,Esilyskiy_r-n,Astana,Dostyk,8/2,51.12675759103,71.421359888606,9939173,landmark,Landmark,полностью,"свежий ремонт, новая мебель",,,,,,"[""https://krisha-photos.kcdn.online/webp/9c/9c58de15-14bc-4537-a458-56cf2a973e66/8-full.jpg"", ""https://krisha-photos.kcdn.online/webp/9c/9c58de15-14bc-4537-a458-56cf2a973e66/7-full.jpg"", ""https://krisha-photos.kcdn.online/webp/9c/9c58de15-14bc-4537-a458-56cf2a973e66/9-full.jpg"", ""https://krisha-photos.kcdn.online/webp/9c/9c58de15-14bc-4537-a458-56cf2a973e66/10-full.jpg"", ""https://krisha-photos.kcdn.online/webp/9c/9c58de15-14bc-4537-a458-56cf2a973e66/11-full.jpg"", ""https://krisha-photos.kcdn.online/webp/9c/9c58de15-14bc-4537-a458-56cf2a973e66/12-full.jpg"", ""https://krisha-photos.kcdn.online/webp/9c/9c58de15-14bc-4537-a458-56cf2a973e66/13-full.jpg""]",7,3c864bda4668437e9255f3435239c8e6c1065fc62a231150068a096a12c8d956,,"Аманжол Аяулым, компания «Продажа квартир»",False,2026-08-04,2026-03-26,2026-08-04,live,2026-08-11T07:10:08+00:00,False,address_layout_dedup,"duplicate_address_layout (street='dostyk', house='8/2', floor='9', rooms='2', square within 1.0m2)"
1012785235,https://krisha.kz/a/show/1012785235,2-комнатная квартира · 70 м² · 9 этаж,400000,за месяц,5714,2,70,9,,Esilyskiy_r-n,Astana,Dostyk,8/2,51.12675759103,71.421359888606,9939173,landmark,Landmark,полностью,"свежий ремонт, новая мебель",,,,,,"[""https://krisha-photos.kcdn.online/webp/a8/a88058e9-83d6-4aad-843b-04dffe9e7a10/1-full.jpg"", ""https://krisha-photos.kcdn.online/webp/a8/a88058e9-83d6-4aad-843b-04dffe9e7a10/2-full.jpg"", ""https://krisha-photos.kcdn.online/webp/a8/a88058e9-83d6-4aad-843b-04dffe9e7a10/3-full.jpg"", ""https://krisha-photos.kcdn.online/webp/a8/a88058e9-83d6-4aad-843b-04dffe9e7a10/4-full.jpg"", ""https://krisha-photos.kcdn.online/webp/a8/a88058e9-83d6-4aad-843b-04dffe9e7a10/5-full.jpg"", ""https://krisha-photos.kcdn.online/webp/a8/a88058e9-83d6-4aad-843b-04dffe9e7a10/6-full.jpg"", ""https://krisha-photos.kcdn.online/webp/a8/a88058e9-83d6-4aad-843b-04dffe9e7a10/7-full.jpg"", ""https://krisha-photos.kcdn.online/webp/a8/a88058e9-83d6-4aad-843b-04dffe9e7a10/8-full.jpg"", ""https://krisha-photos.kcdn.online/webp/a8/a88058e9-83d6-4aad-843b-04dffe9e7a10/9-full.jpg"", ""https://krisha-photos.kcdn.online/webp/a8/a88058e9-83d6-4aad-843b-04dffe9e7a10/10-full.jpg"", ""https://krisha-photos.kcdn.online/webp/a8/a88058e9-83d6-4aad-843b-04dffe9e7a10/11-full.jpg"", ""https://krisha-photos.kcdn.online/webp/a8/a88058e9-83d6-4aad-843b-04dffe9e7a10/12-full.jpg"", ""https://krisha-photos.kcdn.online/webp/a8/a88058e9-83d6-4aad-843b-04dffe9e7a10/13-full.jpg""]",13,4b9e4ae55a1aef7570f3619da2e2a027c7347751a58b9890d6b8d7b45bbf2f8f,,"Таранова Камиля, компания «Қасымқанов Бекарыс»",False,2026-08-04,2026-06-03,2026-08-04,live,2026-08-11T07:10:08+00:00,False,address_layout_dedup,"duplicate_address_layout (street='dostyk', house='8/2', floor='9', rooms='2', square within 1.0m2)"
1006824233,https://krisha.kz/a/show/1006824233,2-комнатная квартира · 80 м² · 10 этаж,900000,за месяц,11250,2,80,10,,Esilyskiy_r-n,Astana,Sarayshyk,34a,51.132733428658,71.432460444421,18840927,dararesidence,Dara Residence,полностью,"свежий ремонт, новая мебель",,,,,Депозит!,"[""https://krisha-photos.kcdn.online/webp/1b/1bf2b9e1-98aa-4640-a285-ead215e22f4b/1-full.jpg"", ""https://krisha-photos.kcdn.online/webp/1b/1bf2b9e1-98aa-4640-a285-ead215e22f4b/2-full.jpg"", ""https://krisha-photos.kcdn.online/webp/1b/1bf2b9e1-98aa-4640-a285-ead215e22f4b/3-full.jpg"", ""https://krisha-photos.kcdn.online/webp/1b/1bf2b9e1-98aa-4640-a285-ead215e22f4b/4-full.jpg"", ""https://krisha-photos.kcdn.online/webp/1b/1bf2b9e1-98aa-4640-a285-ead215e22f4b/5-full.jpg""]",5,a24957dd553f23db6a4ba336152e208691d6cbb2c47863efab3a6ff56cc2ce6c,,Ярошик Мария,False,2026-08-04,2025-11-03,2026-08-04,live,2026-08-11T07:10:08+00:00,False,address_layout_dedup,"duplicate_address_layout (street='sarayshyk', house='34a', floor='10', rooms='2', square within 1.0m2)"
1006650287,https://krisha.kz/a/show/1006650287,2-комнатная квартира · 60 м² · 16/20 этаж,350000,за месяц,5833,2,60,16,20,Esilyskiy_r-n,Astana,Kabanbay_batyra,49,51.102435,71.405797,,,,полностью,"свежий ремонт, новая мебель",нет,,,,"РИЕЛТОРЫ НЕ БЕСПОКОИТЬ! 
 
350000 + квартплата + депозит 
 
Светлая уютная просторная, с шикарным видом на Ботанический парк, с развитой инфраструктурой, все спорт комплексы в шаговой доступности, 10минут на авто до делового центра, MEGA, EXPO, ЛРТ, SMALL в доме, квартира после ремонта никто не жил! 
Есть всё необходимое, техника, посуда, постельные принадлежности и т.д.

Дом ориентировочно находится возле Бухар жырау","[""https://krisha-photos.kcdn.online/webp/63/631c58a3-82d7-41b3-852b-dbd8a32b74a8/17-full.jpg"", ""https://krisha-photos.kcdn.online/webp/63/631c58a3-82d7-41b3-852b-dbd8a32b74a8/18-full.jpg"", ""https://krisha-photos.kcdn.online/webp/63/631c58a3-82d7-41b3-852b-dbd8a32b74a8/5-full.jpg"", ""https://krisha-photos.kcdn.online/webp/63/631c58a3-82d7-41b3-852b-dbd8a32b74a8/2-full.jpg"", ""https://krisha-photos.kcdn.online/webp/63/631c58a3-82d7-41b3-852b-dbd8a32b74a8/3-full.jpg"", ""https://krisha-photos.kcdn.online/webp/63/631c58a3-82d7-41b3-852b-dbd8a32b74a8/19-full.jpg"", ""https://krisha-photos.kcdn.online/webp/63/631c58a3-82d7-41b3-852b-dbd8a32b74a8/13-full.jpg"", ""https://krisha-photos.kcdn.online/webp/63/631c58a3-82d7-41b3-852b-dbd8a32b74a8/20-full.jpg"", ""https://krisha-photos.kcdn.online/webp/63/631c58a3-82d7-41b3-852b-dbd8a32b74a8/21-full.jpg"", ""https://krisha-photos.kcdn.online/webp/63/631c58a3-82d7-41b3-852b-dbd8a32b74a8/16-full.jpg"", ""https://krisha-photos.kcdn.online/webp/63/631c58a3-82d7-41b3-852b-dbd8a32b74a8/1-full.jpg"", ""https://krisha-photos.kcdn.online/webp/63/631c58a3-82d7-41b3-852b-dbd8a32b74a8/10-full.jpg"", ""https://krisha-photos.kcdn.online/webp/63/631c58a3-82d7-41b3-852b-dbd8a32b74a8/14-full.jpg"", ""https://krisha-photos.kcdn.online/webp/63/631c58a3-82d7-41b3-852b-dbd8a32b74a8/15-full.jpg"", ""https://krisha-photos.kcdn.online/webp/63/631c58a3-82d7-41b3-852b-dbd8a32b74a8/9-full.jpg""]",15,e54ea9b13388a7b97e0b2de5a75435c61e27b7f9a03893810ff9aac196e40316,,Хозяин,False,2026-08-02,2025-10-28,2026-08-02,live,2026-08-06T07:34:16+00:00,False,address_layout_dedup,"duplicate_address_layout (street='kabanbay_batyra', house='49', floor='16', rooms='2', square within 1.0m2)"
1013930685,https://krisha.kz/a/show/1013930685,1-комнатная квартира · 41 м² · 4/14 этаж,230000,за месяц,5610,1,41,4,14,Esilyskiy_r-n,Astana,Mangilik_El,17,51.116124191756,71.433223787826,8478436,korkem,Коркем,полностью,"свежий ремонт, новая мебель",,,,,"Сдам 1 комнату квартиру район Мангилик ел Алматы. 
Район Дом министерств, Генеральной прокуратуры.","[""https://krisha-photos.kcdn.online/webp/f6/f6bd6f30-8d9c-4227-907b-fd36da2fcdcb/7-full.jpg"", ""https://krisha-photos.kcdn.online/webp/f6/f6bd6f30-8d9c-4227-907b-fd36da2fcdcb/8-full.jpg"", ""https://krisha-photos.kcdn.online/webp/f6/f6bd6f30-8d9c-4227-907b-fd36da2fcdcb/9-full.jpg"", ""https://krisha-photos.kcdn.online/webp/f6/f6bd6f30-8d9c-4227-907b-fd36da2fcdcb/10-full.jpg"", ""https://krisha-photos.kcdn.online/webp/f6/f6bd6f30-8d9c-4227-907b-fd36da2fcdcb/11-full.jpg"", ""https://krisha-photos.kcdn.online/webp/f6/f6bd6f30-8d9c-4227-907b-fd36da2fcdcb/12-full.jpg""]",6,b6f36018415860bd30cb23e6710b355f667424e011a70710bd74e3223f09c104,,Хозяин,False,2026-08-05,2026-07-14,2026-08-05,live,2026-08-09T06:42:53+00:00,False,address_layout_dedup,"duplicate_address_layout (street='mangilik_el', house='17', floor='4', rooms='1', square within 1.0m2)"
1009038909,https://krisha.kz/a/show/1009038909,1-комнатная квартира · 31 м² · 4/5 этаж,200000,за месяц,6452,1,31,4,5,Esilyskiy_r-n,Astana,Alyfarabi,76,51.050425448224,71.435612,21357950,,,,,нет,,,,"+ вперед -за квплату! 30К 
На карте посмотрите сначала

Дом ориентировочно находится возле Кабанбай","[""https://krisha-photos.kcdn.online/webp/e4/e417b845-2cdb-47a2-992d-e8e6be1209a1/6-full.jpg"", ""https://krisha-photos.kcdn.online/webp/e4/e417b845-2cdb-47a2-992d-e8e6be1209a1/3-full.jpg"", ""https://krisha-photos.kcdn.online/webp/e4/e417b845-2cdb-47a2-992d-e8e6be1209a1/2-full.jpg"", ""https://krisha-photos.kcdn.online/webp/e4/e417b845-2cdb-47a2-992d-e8e6be1209a1/1-full.jpg"", ""https://krisha-photos.kcdn.online/webp/e4/e417b845-2cdb-47a2-992d-e8e6be1209a1/4-full.jpg"", ""https://krisha-photos.kcdn.online/webp/e4/e417b845-2cdb-47a2-992d-e8e6be1209a1/5-full.jpg""]",6,6a3c7f9c7dacb324267c4cb0bb9252c86cd95e84db4495505eb436f9955e3943,,Хозяин,False,2026-07-30,2026-01-25,2026-07-30,live,2026-08-11T07:10:08+00:00,False,address_layout_dedup,"duplicate_address_layout (street='alyfarabi', house='76', floor='4', rooms='1', square within 1.0m2)"
1013167280,https://krisha.kz/a/show/1013167280,3-комнатная квартира · 98 м² · 14/16 этаж,600000,за месяц,6122,3,98,14,16,Almaty_r-n,Astana,Tauelsizdik,23,51.144440269452,71.460483465287,14132327,murager,Murager,полностью,"свежий ремонт, новая мебель",,,,,"Полностью упакована, качественный ремонт для себя, сантехника Grohe. Техника Samsung

Дом ориентировочно находится возле Шарль де Голль","[""https://krisha-photos.kcdn.online/webp/ba/ba12d53d-a0c4-4ca5-ba8c-1544b9157713/1-full.jpg"", ""https://krisha-photos.kcdn.online/webp/ba/ba12d53d-a0c4-4ca5-ba8c-1544b9157713/2-full.jpg"", ""https://krisha-photos.kcdn.online/webp/ba/ba12d53d-a0c4-4ca5-ba8c-1544b9157713/3-full.jpg"", ""https://krisha-photos.kcdn.online/webp/ba/ba12d53d-a0c4-4ca5-ba8c-1544b9157713/4-full.jpg"", ""https://krisha-photos.kcdn.online/webp/ba/ba12d53d-a0c4-4ca5-ba8c-1544b9157713/5-full.jpg"", ""https://krisha-photos.kcdn.online/webp/ba/ba12d53d-a0c4-4ca5-ba8c-1544b9157713/6-full.jpg"", ""https://krisha-photos.kcdn.online/webp/ba/ba12d53d-a0c4-4ca5-ba8c-1544b9157713/7-full.jpg""]",7,5f0cd3adc7f37d062666062b679946d16c67643f682ef8db338fa5a1e8f97872,,Хозяин,False,2026-08-05,2026-06-16,2026-08-05,live,2026-08-06T06:50:21+00:00,False,address_layout_dedup,"duplicate_address_layout (street='tauelsizdik', house='23', floor='14', rooms='3', square within 1.0m2)"
1014240063,https://krisha.kz/a/show/1014240063,1-комнатная квартира · 40 м² · 5/8 этаж,200000,за месяц,5000,1,40,5,8,Sarayshyk_r-n,Astana,Baytursynova,53,51.117179674495,71.523702938927,8479274,,Астана сани (Астана сәні),полностью,"не новый, но аккуратный и чистый ремонт",,,,,"Сдам 1-комнатную квартиру в ЖК «Астана Сәни» 
 
Сдается уютная, светлая и чистая 1-комнатная квартира на длительный срок. Квартира полностью готова к проживанию, есть вся необходимая мебель и бытовая техника. 
 
Преимущества расположения: 
 
рядом вокзал Нұрлы жол; 
 
школа BINOM; 
 
ТРЦ Jibek Joly; 
 
больница и поликлиника; 
 
магазины, аптеки, автобусные остановки и вся необходимая инфраструктура в шаговой доступности. 
 
Чистый подъезд, благоустроенный двор, детские и спортивные площадки. 
 
Предпочтительно семейной паре или двум девушкам, без вредных привычек. 
 
Условия аренды обсуждаются при личном общении. 
 
По всем вопросам звоните или пишите.","[""https://krisha-photos.kcdn.online/webp/4d/4d90b601-899a-41f3-ac18-898bb06c9a1d/1-full.jpg"", ""https://krisha-photos.kcdn.online/webp/4d/4d90b601-899a-41f3-ac18-898bb06c9a1d/2-full.jpg"", ""https://krisha-photos.kcdn.online/webp/4d/4d90b601-899a-41f3-ac18-898bb06c9a1d/3-full.jpg"", ""https://krisha-photos.kcdn.online/webp/4d/4d90b601-899a-41f3-ac18-898bb06c9a1d/4-full.jpg"", ""https://krisha-photos.kcdn.online/webp/4d/4d90b601-899a-41f3-ac18-898bb06c9a1d/5-full.jpg"", ""https://krisha-photos.kcdn.online/webp/4d/4d90b601-899a-41f3-ac18-898bb06c9a1d/6-full.jpg"", ""https://krisha-photos.kcdn.online/webp/4d/4d90b601-899a-41f3-ac18-898bb06c9a1d/7-full.jpg""]",7,240112a1dc7c267bafcb31faad64a69a0ca600c437662f416a59fb125cc6e7a7,,Хозяин,False,2026-08-03,2026-07-25,2026-08-03,live,2026-08-06T07:32:36+00:00,False,address_layout_dedup,"duplicate_address_layout (street='baytursynova', house='53', floor='5', rooms='1', square within 1.0m2)"
1012792971,https://krisha.kz/a/show/1012792971,3-комнатная квартира · 106 м² · 8/21 этаж,800000,за месяц,7547,3,106,8,21,Esilyskiy_r-n,Astana,Dostyk,8/2,51.12675759103,71.421359888606,9939173,landmark,Landmark,полностью,,,,,,"квартира премиум-класса в самом центре Левого берега ✨ 
🏙 Дом бизнес-класса в одной из самых престижных локаций столицы 
📍 Рядом находятся лучшие рестораны, кофейни, фитнес-клубы, школы, детские сады, торговые центры и прогулочные зоны 
Квартира выполнена в современном стиле с дорогим и качественным ремонтом. 
🛋 Полностью укомплектована премиальной мебелью и всей необходимой бытовой техникой. 
✨ Просторная, светлая и уютная квартира с атмосферой комфорта и статуса. 
✔ Развитая инфраструктура 
✔ Удобная транспортная развязка 
✔ Закрытый двор и безопасная территория 
✔ Комфорт и престиж для вашего проживания 
👨‍👩‍👧 Идеально подойдёт для семейной пары 
📅 Сдаётся только на длительный срок 
💰 Депозит — 400 000 ₸ 
Шикарная квартира для тех, кто ценит качество, комфорт и высокий уровень жизни. 
Заезд в конце июня!","[""https://krisha-photos.kcdn.online/webp/72/72b182e9-7d57-45c3-9f85-e4d57f42ee21/1-full.jpg"", ""https://krisha-photos.kcdn.online/webp/72/72b182e9-7d57-45c3-9f85-e4d57f42ee21/2-full.jpg"", ""https://krisha-photos.kcdn.online/webp/72/72b182e9-7d57-45c3-9f85-e4d57f42ee21/3-full.jpg"", ""https://krisha-photos.kcdn.online/webp/72/72b182e9-7d57-45c3-9f85-e4d57f42ee21/4-full.jpg"", ""https://krisha-photos.kcdn.online/webp/72/72b182e9-7d57-45c3-9f85-e4d57f42ee21/5-full.jpg"", ""https://krisha-photos.kcdn.online/webp/72/72b182e9-7d57-45c3-9f85-e4d57f42ee21/6-full.jpg"", ""https://krisha-photos.kcdn.online/webp/72/72b182e9-7d57-45c3-9f85-e4d57f42ee21/7-full.jpg"", ""https://krisha-photos.kcdn.online/webp/72/72b182e9-7d57-45c3-9f85-e4d57f42ee21/8-full.jpg"", ""https://krisha-photos.kcdn.online/webp/72/72b182e9-7d57-45c3-9f85-e4d57f42ee21/9-full.jpg"", ""https://krisha-photos.kcdn.online/webp/72/72b182e9-7d57-45c3-9f85-e4d57f42ee21/10-full.jpg""]",10,bd0646bd2c499d7d76219c5e7958ed902a737904a5067185caacfadafd43b8ba,,Табыс,True,2026-08-08,2026-06-03,2026-08-08,live,2026-08-11T07:10:08+00:00,False,address_layout_dedup,"duplicate_address_layout (street='dostyk', house='8/2', floor='8', rooms='3', square within 1.0m2)"
1014377824,https://krisha.kz/a/show/1014377824,3-комнатная квартира · 106 м² · 8 этаж,800000,за месяц,7547,3,106,8,,Esilyskiy_r-n,Astana,Dostyk,8/2,51.12675759103,71.421359888606,9939173,landmark,Landmark,полностью,"свежий ремонт, новая мебель",нет,,,,"СДАЕТСЯ ПРЕМИАЛЬНАЯ 3-КОМНАТНАЯ КВАРТИРА В СЕРДЦЕ АСТАНЫ 
 
📍 ЖК Landmark, 📐 106 м² | 8 этаж 
 
Современная, стильная и уютная 
квартира с дизайнерским ремонтом, новой мебелью и техникой. Просторная гостиная, функциональная кухня, светлые комнаты и продуманная планировка создают идеальные условия для комфортной жизни. 
 
✨ Преимущества квартиры: 
• Свежий ремонт, новая мебель и техника • Полностью меблирована и готова к заселению 
• Посудомоечная машина, кондиционер 
• Интернет и телевизор 
• 2 санузла, ванна и душевая кабина 
• Балкон с приятным видом 
• Окна выходят во двор и на улицу 
 
🏢 Безопасность и комфорт: 
• Консьерж 
• Видеонаблюдение и видеодомофон 
• Домофон, кодовый замок 
• Современные лифты и охраняемая территория 
 
📍 Локация, о которой мечтают: Жилой комплекс расположен в самом центре левого берега, рядом с Байтереком, деловыми центрами, ресторанами, парками и всей необходимой инфраструктурой. 
 
👨‍👩‍👧 Подойдет для семьи, пары или одного человека. Возможно проживание с детьми. 
 
💰 Стоимость аренды: 800 000 ₸ в месяц 
 
📞 Звоните и записывайтесь на просмотр. Вживую квартира выглядит еще лучше, чем на фото! 
 
Landmark — это не просто квартира, а образ жизни в самом престижном районе столицы. ✨","[""https://krisha-photos.kcdn.online/webp/5b/5b5b4e2d-329d-49de-9df7-d336160a110c/1-full.jpg"", ""https://krisha-photos.kcdn.online/webp/5b/5b5b4e2d-329d-49de-9df7-d336160a110c/2-full.jpg"", ""https://krisha-photos.kcdn.online/webp/5b/5b5b4e2d-329d-49de-9df7-d336160a110c/3-full.jpg"", ""https://krisha-photos.kcdn.online/webp/5b/5b5b4e2d-329d-49de-9df7-d336160a110c/4-full.jpg"", ""https://krisha-photos.kcdn.online/webp/5b/5b5b4e2d-329d-49de-9df7-d336160a110c/5-full.jpg"", ""https://krisha-photos.kcdn.online/webp/5b/5b5b4e2d-329d-49de-9df7-d336160a110c/6-full.jpg"", ""https://krisha-photos.kcdn.online/webp/5b/5b5b4e2d-329d-49de-9df7-d336160a110c/7-full.jpg"", ""https://krisha-photos.kcdn.online/webp/5b/5b5b4e2d-329d-49de-9df7-d336160a110c/8-full.jpg"", ""https://krisha-photos.kcdn.online/webp/5b/5b5b4e2d-329d-49de-9df7-d336160a110c/9-full.jpg"", ""https://krisha-photos.kcdn.online/webp/5b/5b5b4e2d-329d-49de-9df7-d336160a110c/10-full.jpg"", ""https://krisha-photos.kcdn.online/webp/5b/5b5b4e2d-329d-49de-9df7-d336160a110c/11-full.jpg"", ""https://krisha-photos.kcdn.online/webp/5b/5b5b4e2d-329d-49de-9df7-d336160a110c/12-full.jpg"", ""https://krisha-photos.kcdn.online/webp/5b/5b5b4e2d-329d-49de-9df7-d336160a110c/13-full.jpg"", ""https://krisha-photos.kcdn.online/webp/5b/5b5b4e2d-329d-49de-9df7-d336160a110c/14-full.jpg"", ""https://krisha-photos.kcdn.online/webp/5b/5b5b4e2d-329d-49de-9df7-d336160a110c/15-full.jpg"", ""https://krisha-photos.kcdn.online/webp/5b/5b5b4e2d-329d-49de-9df7-d336160a110c/16-full.jpg"", ""https://krisha-photos.kcdn.online/webp/5b/5b5b4e2d-329d-49de-9df7-d336160a110c/17-full.jpg"", ""https://krisha-photos.kcdn.online/webp/5b/5b5b4e2d-329d-49de-9df7-d336160a110c/18-full.jpg"", ""https://krisha-photos.kcdn.online/webp/5b/5b5b4e2d-329d-49de-9df7-d336160a110c/19-full.jpg"", ""https://krisha-photos.kcdn.online/webp/5b/5b5b4e2d-329d-49de-9df7-d336160a110c/20-full.jpg"", ""https://krisha-photos.kcdn.online/webp/5b/5b5b4e2d-329d-49de-9df7-d336160a110c/21-full.jpg"", ""https://krisha-photos.kcdn.online/webp/5b/5b5b4e2d-329d-49de-9df7-d336160a110c/22-full.jpg""]",22,0c487509a928697293023ae7368b5237f6f84d283570a6e1b661c129976b7b73,,"Алтаев Алибек, компания «Family Estate»",False,2026-08-04,2026-07-29,2026-08-04,live,2026-08-09T06:42:53+00:00,False,address_layout_dedup,"duplicate_address_layout (street='dostyk', house='8/2', floor='8', rooms='3', square within 1.0m2)"
1011010675,https://krisha.kz/a/show/1011010675,4-комнатная квартира · 340 м² · 24 этаж,8000000,за месяц,23529,4,340,24,,Esilyskiy_r-n,Astana,Dostyk,16,51.124644891189,71.431687853422,,,,полностью,,нет,,,,"⸻ 
 
4-комнатная квартира в RITZ CARLTON ASTANA | 24 этаж | 
 
Сдается роскошная четырёхкомнатная квартира в престижном комплексе The Ritz-Carlton Astana. 
 
Общая площадь — 270 м². Пространство продумано до мелочей и создано для тех, кто выбирает уровень, а не просто жильё. 
 
✨ Светлая гостиная с панорамными окнами и захватывающим видом на столицу 
✨ Просторная кухня с техникой премиум-класса и дизайнерскими элементами 
✨ 3 спальни, каждая со своей ванной комнатой 
✨ Высококачественная сантехника и отделка 
✨ Тёплые полы 
✨ Централизованная система кондиционирования и вентиляции 
✨ Высокие потолки и максимум естественного света 
 
Жителям доступны все преимущества пятизвёздочного сервиса: 
• круглосуточная охрана 
• консьерж-сервис 
• SPA и фитнес-центр 
• бассейн 
• ресторан и бар 
 
Это не просто квартира — это статус, комфорт и безупречный уровень жизни в самом центре столицы 🌆✨ 
 
ривык к лучшему и выбирает только топовый уровень жизни 👌","[""https://krisha-photos.kcdn.online/webp/1d/1dc8e46d-d7a8-4a8c-9ba2-0de8b248dde0/1-full.jpg"", ""https://krisha-photos.kcdn.online/webp/1d/1dc8e46d-d7a8-4a8c-9ba2-0de8b248dde0/2-full.jpg"", ""https://krisha-photos.kcdn.online/webp/1d/1dc8e46d-d7a8-4a8c-9ba2-0de8b248dde0/3-full.jpg"", ""https://krisha-photos.kcdn.online/webp/1d/1dc8e46d-d7a8-4a8c-9ba2-0de8b248dde0/4-full.jpg"", ""https://krisha-photos.kcdn.online/webp/1d/1dc8e46d-d7a8-4a8c-9ba2-0de8b248dde0/5-full.jpg"", ""https://krisha-photos.kcdn.online/webp/1d/1dc8e46d-d7a8-4a8c-9ba2-0de8b248dde0/6-full.jpg""]",6,d8ed016e12b3ade083e6656db126f988c9e72fb736cbd823b9c7029def46d5fe,,"Шахмашова Акбота, компания «Elite Home»",False,2026-08-07,2026-04-03,2026-08-07,live,2026-08-11T07:10:08+00:00,False,address_layout_dedup,"duplicate_address_layout (street='dostyk', house='16', floor='24', rooms='4', square within 1.0m2)"
695860860,https://krisha.kz/a/show/695860860,4-комнатная квартира · 340 м² · 24 этаж,7500000,за месяц,22059,4,340,24,,Esilyskiy_r-n,Astana,Dostyk,16,51.12473,71.432118,,,,полностью,"свежий ремонт, новая мебель",нет,,,,"🔥RITZ CARLTON ASTANA🔥 
 
Сдается роскошная четырехкомнатная квартира в престижном комплексе Ritz Carlton в Астане. Площадь квартиры составляет 340 квадратных метров, что обеспечивает простор и комфорт для проживания. 
 
Внутренняя планировка квартиры продумана до мелочей: светлая гостиная с панорамными окнами, где открывается захватывающий вид на город. Просторная кухня оснащена современной бытовой техникой премиум-класса и дизайнерскими элементами интерьера. В квартире также есть три спальни, каждая из которых имеет собственную ванную комнату с высококачественной сантехникой и отделкой. 
 
Особое внимание уделено удобствам и деталям: полы с подогревом, централизованная система кондиционирования и вентиляции, высокие потолки и большие окна, наполняющие помещения естественным светом. 
 
Жители комплекса Ritz Carlton могут пользоваться всеми преимуществами пятизвездочного сервиса: круглосуточная охрана, консьерж-сервис, спа и фитнес-центр, бассейн, ресторан и бар. 
 
Эта квартира идеально подходит для тех, кто ценит комфорт, роскошь и высокое качество жизни в самом центре столицы. 
 
💵: 8.000.000 цене коммунальные услуги и сервисный сбор 
💵: депозит составляет 8.000.000","[""https://krisha-photos.kcdn.online/webp/19/1972672e-fd0b-47de-a5b9-6a9a51d2a938/1-full.jpg"", ""https://krisha-photos.kcdn.online/webp/19/1972672e-fd0b-47de-a5b9-6a9a51d2a938/3-full.jpg"", ""https://krisha-photos.kcdn.online/webp/19/1972672e-fd0b-47de-a5b9-6a9a51d2a938/8-full.jpg"", ""https://krisha-photos.kcdn.online/webp/19/1972672e-fd0b-47de-a5b9-6a9a51d2a938/9-full.jpg"", ""https://krisha-photos.kcdn.online/webp/19/1972672e-fd0b-47de-a5b9-6a9a51d2a938/10-full.jpg"", ""https://krisha-photos.kcdn.online/webp/19/1972672e-fd0b-47de-a5b9-6a9a51d2a938/11-full.jpg"", ""https://krisha-photos.kcdn.online/webp/19/1972672e-fd0b-47de-a5b9-6a9a51d2a938/12-full.jpg"", ""https://krisha-photos.kcdn.online/webp/19/1972672e-fd0b-47de-a5b9-6a9a51d2a938/13-full.jpg"", ""https://krisha-photos.kcdn.online/webp/19/1972672e-fd0b-47de-a5b9-6a9a51d2a938/14-full.jpg"", ""https://krisha-photos.kcdn.online/webp/19/1972672e-fd0b-47de-a5b9-6a9a51d2a938/17-full.jpg"", ""https://krisha-photos.kcdn.online/webp/19/1972672e-fd0b-47de-a5b9-6a9a51d2a938/18-full.jpg"", ""https://krisha-photos.kcdn.online/webp/19/1972672e-fd0b-47de-a5b9-6a9a51d2a938/19-full.jpg"", ""https://krisha-photos.kcdn.online/webp/19/1972672e-fd0b-47de-a5b9-6a9a51d2a938/20-full.jpg""]",13,1a5275bafce6252134af131925851b9a17b9872b5c12e7d450bbebe16c97ca22,,"Мақсұт Әліби, компания «Elite Home»",False,2026-08-06,2024-07-26,2026-08-06,live,2026-08-09T06:42:53+00:00,False,address_layout_dedup,"duplicate_address_layout (street='dostyk', house='16', floor='24', rooms='4', square within 1.0m2)"
1014431719,https://krisha.kz/a/show/1014431719,2-комнатная квартира · 46 м² · 3/9 этаж,350000,за месяц,7609,2,46,3,9,Esilyskiy_r-n,Astana,Alihan_Bokeyhan,"16/3,_16/2",51.104731971534,71.43350014641,13745659,asylympark1,Asylym Park 1,полностью,"свежий ремонт, новая мебель",,,,,"Предлагается уютная и современная квартира в жилом комплексе Asylym Park. 
 
✨ Светлая, чистая и полностью готова к заселению. 
✔️ Современный ремонт. 
✔️ Полностью меблирована. 
✔️ Вся необходимая бытовая техника. 
✔️ Удобная планировка. 
✔️ Закрытый безопасный двор. 
✔️ Развитая инфраструктура: рядом магазины, кафе, школы, детские сады, остановки общественного транспорта. 
 
✅ рассмотрят в субаренду 
Квартира отлично подойдет для комфортного проживания одного человека, пары или небольшой семьи.","[""https://krisha-photos.kcdn.online/webp/99/991e4d45-defc-40b6-9eae-2fcbb7cd5137/3-full.jpg"", ""https://krisha-photos.kcdn.online/webp/99/991e4d45-defc-40b6-9eae-2fcbb7cd5137/1-full.jpg"", ""https://krisha-photos.kcdn.online/webp/99/991e4d45-defc-40b6-9eae-2fcbb7cd5137/2-full.jpg"", ""https://krisha-photos.kcdn.online/webp/99/991e4d45-defc-40b6-9eae-2fcbb7cd5137/4-full.jpg"", ""https://krisha-photos.kcdn.online/webp/99/991e4d45-defc-40b6-9eae-2fcbb7cd5137/5-full.jpg"", ""https://krisha-photos.kcdn.online/webp/99/991e4d45-defc-40b6-9eae-2fcbb7cd5137/6-full.jpg"", ""https://krisha-photos.kcdn.online/webp/99/991e4d45-defc-40b6-9eae-2fcbb7cd5137/7-full.jpg"", ""https://krisha-photos.kcdn.online/webp/99/991e4d45-defc-40b6-9eae-2fcbb7cd5137/8-full.jpg"", ""https://krisha-photos.kcdn.online/webp/99/991e4d45-defc-40b6-9eae-2fcbb7cd5137/9-full.jpg"", ""https://krisha-photos.kcdn.online/webp/99/991e4d45-defc-40b6-9eae-2fcbb7cd5137/10-full.jpg"", ""https://krisha-photos.kcdn.online/webp/99/991e4d45-defc-40b6-9eae-2fcbb7cd5137/11-full.jpg"", ""https://krisha-photos.kcdn.online/webp/99/991e4d45-defc-40b6-9eae-2fcbb7cd5137/12-full.jpg"", ""https://krisha-photos.kcdn.online/webp/99/991e4d45-defc-40b6-9eae-2fcbb7cd5137/13-full.jpg""]",13,bbfed5018ca0488febf34bb5e8b8784d1eed875ddb65f727940020a5538355cf,,Лихацкая Анастасия,False,2026-08-04,2026-07-31,2026-08-04,live,2026-08-11T07:10:08+00:00,False,address_layout_dedup,"duplicate_address_layout (street='alihan_bokeyhan', house='16/3,_16/2', floor='3', rooms='2', square within 1.0m2)"
1013961848,https://krisha.kz/a/show/1013961848,5-комнатная квартира · 213 м² · 12/31 этаж,1400000,за месяц,6573,5,213,12,31,Sarayshyk_r-n,Astana,Ahmet_Baytursynuly,9,51.126062729434,71.466708277576,8477146,hajvil-astana,Хайвил Астана,полностью,,нет,,,,"⭐⭐⭐⭐⭐ • Brand NEW Luxury Apartment in Highvill Astana🏢 Block – F • квартира класса – люкс, на длительный срок, в престижном районе города • полностью меблирована • вся бытовая и оргтехника в отличном состоянии😊 • 4 санузла • сауна • паркинг • не угловая • умный дом премиум класса • в новом проекте (блоке-F) нашло свое воплощение всё самое лучшее от предыдущих блоков • начиная со входа позаботились о вашей безопасности • со стойкой ресепшн /reception/ • местом для отдыха и встречи посетителей • управление всей квартирой с помощью Digital Home Network System (сенсорного wall-pad) • Green Smart Sуstem • обеспечивающая экономию э/энергии и воды • регулируемые теплые полы • встроенные гардеробные шкафы • встроенная кухня • электроплита с духовкой • встроенный холодильник • вытяжка • посудомоечная машина • водяной фильтр • электро-биде • высокоскоростной Wi-Fi интернет • система защиты всей квартиры • датчик движения • цифровой замок • видео наблюдение • видеодомофон с функцией вызова лифта из квартиры • весь комплекс круглосуточно охраняется • отличное расположение как жилого комплекса, так и самой квартиры • шикарный панорамный вид из окна • рядом с комплексом - Президентский парк и Дворец Мира и согласия (Пирамида) • развитая инфраструктура системы One Step • вся полноценная жизнь в шаговой доступности внутри одного комплекса – фитнесс-центр с сауной • бассейном и тренажерным залом • Shopping Street • улица с бутиками и магазинами • кафе • детские площадки с антиударным защитным покрытием • скверы • детский сад и другие предприятия социального быта и сервиса • 3-уровненный отапливаемый паркинг • вход только для жителей комплекса по магнитной карточке • прекрасно благоустроенная территория • детские игровые площадки • прогулочные аллеи • рядом столичный парк с неповторимым пейзажем🌳🌳🌳🌲🌲🌿🌿🌿, который создает неповторимую атмосферу уюта • очень теплая • уютная • СОЛНЕЧНАЯ КВАРТИРА ЖДЕТ ВАС! • С Уважением, специалист по недвижимости NUR-KOZHA👍

Дом ориентировочно находится возле Блок-F","[""https://krisha-photos.kcdn.online/webp/ba/ba3edd9f-ab58-41ed-9601-891cbd8f6ab5/7-full.jpg"", ""https://krisha-photos.kcdn.online/webp/ba/ba3edd9f-ab58-41ed-9601-891cbd8f6ab5/6-full.jpg"", ""https://krisha-photos.kcdn.online/webp/ba/ba3edd9f-ab58-41ed-9601-891cbd8f6ab5/8-full.jpg"", ""https://krisha-photos.kcdn.online/webp/ba/ba3edd9f-ab58-41ed-9601-891cbd8f6ab5/12-full.jpg"", ""https://krisha-photos.kcdn.online/webp/ba/ba3edd9f-ab58-41ed-9601-891cbd8f6ab5/13-full.jpg"", ""https://krisha-photos.kcdn.online/webp/ba/ba3edd9f-ab58-41ed-9601-891cbd8f6ab5/14-full.jpg"", ""https://krisha-photos.kcdn.online/webp/ba/ba3edd9f-ab58-41ed-9601-891cbd8f6ab5/20-full.jpg"", ""https://krisha-photos.kcdn.online/webp/ba/ba3edd9f-ab58-41ed-9601-891cbd8f6ab5/15-full.jpg"", ""https://krisha-photos.kcdn.online/webp/ba/ba3edd9f-ab58-41ed-9601-891cbd8f6ab5/16-full.jpg"", ""https://krisha-photos.kcdn.online/webp/ba/ba3edd9f-ab58-41ed-9601-891cbd8f6ab5/17-full.jpg"", ""https://krisha-photos.kcdn.online/webp/ba/ba3edd9f-ab58-41ed-9601-891cbd8f6ab5/18-full.jpg"", ""https://krisha-photos.kcdn.online/webp/ba/ba3edd9f-ab58-41ed-9601-891cbd8f6ab5/19-full.jpg"", ""https://krisha-photos.kcdn.online/webp/ba/ba3edd9f-ab58-41ed-9601-891cbd8f6ab5/10-full.jpg"", ""https://krisha-photos.kcdn.online/webp/ba/ba3edd9f-ab58-41ed-9601-891cbd8f6ab5/9-full.jpg"", ""https://krisha-photos.kcdn.online/webp/ba/ba3edd9f-ab58-41ed-9601-891cbd8f6ab5/23-full.jpg"", ""https://krisha-photos.kcdn.online/webp/ba/ba3edd9f-ab58-41ed-9601-891cbd8f6ab5/5-full.jpg"", ""https://krisha-photos.kcdn.online/webp/ba/ba3edd9f-ab58-41ed-9601-891cbd8f6ab5/22-full.jpg"", ""https://krisha-photos.kcdn.online/webp/ba/ba3edd9f-ab58-41ed-9601-891cbd8f6ab5/11-full.jpg"", ""https://krisha-photos.kcdn.online/webp/ba/ba3edd9f-ab58-41ed-9601-891cbd8f6ab5/4-full.jpg"", ""https://krisha-photos.kcdn.online/webp/ba/ba3edd9f-ab58-41ed-9601-891cbd8f6ab5/3-full.jpg"", ""https://krisha-photos.kcdn.online/webp/ba/ba3edd9f-ab58-41ed-9601-891cbd8f6ab5/1-full.jpg"", ""https://krisha-photos.kcdn.online/webp/ba/ba3edd9f-ab58-41ed-9601-891cbd8f6ab5/2-full.jpg""]",22,3331941ca07cd72307152d221e958322eb18e2649a3773444837cfd10b84fb3e,,ASTANA ELITE,True,2026-08-03,2026-07-15,2026-08-03,live,2026-08-09T06:42:53+00:00,False,address_layout_dedup,"duplicate_address_layout (street='ahmet_baytursynuly', house='9', floor='12', rooms='5', square within 1.0m2)"
1011716325,https://krisha.kz/a/show/1011716325,3-комнатная квартира · 80 м² · 8/9 этаж,350000,за месяц,4375,3,80,8,9,Sarayshyk_r-n,Astana,Shamshi_Kaldayakov,60A,51.106052945073,71.531496161847,21292753,sardarcompas,Sardar Compass,полностью,"свежий ремонт, новая мебель",,,,,"Сдам 3-комнатную квартиру в Астане (район Сарайшық), 80 кв. м. Квартира после свежего ремонта — чистая, светлая и уютная, ранее никто не проживал. 
 
Полностью готова к заселению: 
— новая мебель 
— бытовая техника (стиральная машина, холодильник, утюг и др. ) 
— просторные комнаты 
— удобная планировка 
 
Отличное расположение: рядом магазины, остановки, всё необходимое для комфортной жизни. 
 
Сдаётся аккуратным и ответственным жильцам на длительный срок. 
 
📞 По всем вопросам звоните/пишите по телефону

Дом ориентировочно находится возле Шамши Калдаякова 60.А4","[""https://krisha-photos.kcdn.online/webp/42/42c31feb-c4eb-4236-b5b5-4c0d683d430c/1-full.jpg"", ""https://krisha-photos.kcdn.online/webp/42/42c31feb-c4eb-4236-b5b5-4c0d683d430c/2-full.jpg"", ""https://krisha-photos.kcdn.online/webp/42/42c31feb-c4eb-4236-b5b5-4c0d683d430c/3-full.jpg"", ""https://krisha-photos.kcdn.online/webp/42/42c31feb-c4eb-4236-b5b5-4c0d683d430c/4-full.jpg"", ""https://krisha-photos.kcdn.online/webp/42/42c31feb-c4eb-4236-b5b5-4c0d683d430c/5-full.jpg"", ""https://krisha-photos.kcdn.online/webp/42/42c31feb-c4eb-4236-b5b5-4c0d683d430c/6-full.jpg"", ""https://krisha-photos.kcdn.online/webp/42/42c31feb-c4eb-4236-b5b5-4c0d683d430c/7-full.jpg"", ""https://krisha-photos.kcdn.online/webp/42/42c31feb-c4eb-4236-b5b5-4c0d683d430c/8-full.jpg"", ""https://krisha-photos.kcdn.online/webp/42/42c31feb-c4eb-4236-b5b5-4c0d683d430c/9-full.jpg"", ""https://krisha-photos.kcdn.online/webp/42/42c31feb-c4eb-4236-b5b5-4c0d683d430c/10-full.jpg"", ""https://krisha-photos.kcdn.online/webp/42/42c31feb-c4eb-4236-b5b5-4c0d683d430c/11-full.jpg"", ""https://krisha-photos.kcdn.online/webp/42/42c31feb-c4eb-4236-b5b5-4c0d683d430c/12-full.jpg"", ""https://krisha-photos.kcdn.online/webp/42/42c31feb-c4eb-4236-b5b5-4c0d683d430c/13-full.jpg"", ""https://krisha-photos.kcdn.online/webp/42/42c31feb-c4eb-4236-b5b5-4c0d683d430c/14-full.jpg"", ""https://krisha-photos.kcdn.online/webp/42/42c31feb-c4eb-4236-b5b5-4c0d683d430c/15-full.jpg"", ""https://krisha-photos.kcdn.online/webp/42/42c31feb-c4eb-4236-b5b5-4c0d683d430c/16-full.jpg""]",16,49fd71f0bdf9d44a7d0a7dea4d7b0cf1faf36889781ca046688d9c489af3beda,,Хозяин,False,2026-08-01,2026-04-27,2026-08-01,live,2026-08-11T07:10:08+00:00,False,address_layout_dedup,"duplicate_address_layout (street='shamshi_kaldayakov', house='60a', floor='8', rooms='3', square within 1.0m2)"
57567217,https://krisha.kz/a/show/57567217,3-комнатная квартира · 70 м² · 6/10 этаж,330000,за месяц,4714,3,70,6,10,Esilyskiy_r-n,Astana,Syganak,18,51.12921575682,71.380749089639,14745747,shygys,Шыгыс,,,,,,,"сдам 3-х комнатную квартиру. Прям на углу улиц Сыганак/Анет баба. Первая линия. Договор на субсидирование возможен. + ком. услуги 25 000тн Депозит. 
Напротив ЖК Республика. Левый берег. 300+ком. услуги. 
депозит. Перед домом остановка автобус 27, 29, 29A, 42, 49, 61. 
За ТРЦ Хан Шатыр. Мебель, техника. 3 комнаты, кухня отдельно, сан узел раздельный, 2 лифта, э. Рядом остановка, школа Бином, Школа Гимназия 71, 78, 79, во дворе 2 гос. садика. КазУТБ (казахский университете технологии и бизнеса) Магазины, аптеки. ТРЦ Хан Шатыр. Аккуратным, чистоплотным людям сдается на длительный срок, без животных. Договор.

Дом ориентировочно находится возле СУБСИДИРОВАНИЕ/ДОГОВОР// За Хан Шатыром/ угол Анет Баба","[""https://krisha-photos.kcdn.online/webp/2a/2a232546-d22a-4a82-9ad8-454f5c632438/19-full.jpg"", ""https://krisha-photos.kcdn.online/webp/2a/2a232546-d22a-4a82-9ad8-454f5c632438/34-full.jpg"", ""https://krisha-photos.kcdn.online/webp/2a/2a232546-d22a-4a82-9ad8-454f5c632438/16-full.jpg"", ""https://krisha-photos.kcdn.online/webp/2a/2a232546-d22a-4a82-9ad8-454f5c632438/18-full.jpg"", ""https://krisha-photos.kcdn.online/webp/2a/2a232546-d22a-4a82-9ad8-454f5c632438/26-full.jpg"", ""https://krisha-photos.kcdn.online/webp/2a/2a232546-d22a-4a82-9ad8-454f5c632438/13-full.jpg"", ""https://krisha-photos.kcdn.online/webp/2a/2a232546-d22a-4a82-9ad8-454f5c632438/32-full.jpg"", ""https://krisha-photos.kcdn.online/webp/2a/2a232546-d22a-4a82-9ad8-454f5c632438/37-full.jpg"", ""https://krisha-photos.kcdn.online/webp/2a/2a232546-d22a-4a82-9ad8-454f5c632438/11-full.jpg"", ""https://krisha-photos.kcdn.online/webp/2a/2a232546-d22a-4a82-9ad8-454f5c632438/38-full.jpg"", ""https://krisha-photos.kcdn.online/webp/2a/2a232546-d22a-4a82-9ad8-454f5c632438/7-full.jpg"", ""https://krisha-photos.kcdn.online/webp/2a/2a232546-d22a-4a82-9ad8-454f5c632438/3-full.jpg"", ""https://krisha-photos.kcdn.online/webp/2a/2a232546-d22a-4a82-9ad8-454f5c632438/4-full.jpg"", ""https://krisha-photos.kcdn.online/webp/2a/2a232546-d22a-4a82-9ad8-454f5c632438/23-full.jpg"", ""https://krisha-photos.kcdn.online/webp/2a/2a232546-d22a-4a82-9ad8-454f5c632438/10-full.jpg"", ""https://krisha-photos.kcdn.online/webp/2a/2a232546-d22a-4a82-9ad8-454f5c632438/8-full.jpg"", ""https://krisha-photos.kcdn.online/webp/2a/2a232546-d22a-4a82-9ad8-454f5c632438/36-full.jpg"", ""https://krisha-photos.kcdn.online/webp/2a/2a232546-d22a-4a82-9ad8-454f5c632438/9-full.jpg"", ""https://krisha-photos.kcdn.online/webp/2a/2a232546-d22a-4a82-9ad8-454f5c632438/27-full.jpg"", ""https://krisha-photos.kcdn.online/webp/2a/2a232546-d22a-4a82-9ad8-454f5c632438/28-full.jpg"", ""https://krisha-photos.kcdn.online/webp/2a/2a232546-d22a-4a82-9ad8-454f5c632438/29-full.jpg"", ""https://krisha-photos.kcdn.online/webp/2a/2a232546-d22a-4a82-9ad8-454f5c632438/15-full.jpg"", ""https://krisha-photos.kcdn.online/webp/2a/2a232546-d22a-4a82-9ad8-454f5c632438/30-full.jpg"", ""https://krisha-photos.kcdn.online/webp/2a/2a232546-d22a-4a82-9ad8-454f5c632438/35-full.jpg"", ""https://krisha-photos.kcdn.online/webp/2a/2a232546-d22a-4a82-9ad8-454f5c632438/39-full.jpg"", ""https://krisha-photos.kcdn.online/webp/2a/2a232546-d22a-4a82-9ad8-454f5c632438/40-full.jpg"", ""https://krisha-photos.kcdn.online/webp/2a/2a232546-d22a-4a82-9ad8-454f5c632438/41-full.jpg"", ""https://krisha-photos.kcdn.online/webp/2a/2a232546-d22a-4a82-9ad8-454f5c632438/42-full.jpg"", ""https://krisha-photos.kcdn.online/webp/2a/2a232546-d22a-4a82-9ad8-454f5c632438/43-full.jpg"", ""https://krisha-photos.kcdn.online/webp/2a/2a232546-d22a-4a82-9ad8-454f5c632438/44-full.jpg"", ""https://krisha-photos.kcdn.online/webp/2a/2a232546-d22a-4a82-9ad8-454f5c632438/45-full.jpg"", ""https://krisha-photos.kcdn.online/webp/2a/2a232546-d22a-4a82-9ad8-454f5c632438/46-full.jpg"", ""https://krisha-photos.kcdn.online/webp/2a/2a232546-d22a-4a82-9ad8-454f5c632438/47-full.jpg"", ""https://krisha-photos.kcdn.online/webp/2a/2a232546-d22a-4a82-9ad8-454f5c632438/48-full.jpg"", ""https://krisha-photos.kcdn.online/webp/2a/2a232546-d22a-4a82-9ad8-454f5c632438/49-full.jpg"", ""https://krisha-photos.kcdn.online/webp/2a/2a232546-d22a-4a82-9ad8-454f5c632438/50-full.jpg"", ""https://krisha-photos.kcdn.online/webp/2a/2a232546-d22a-4a82-9ad8-454f5c632438/51-full.jpg"", ""https://krisha-photos.kcdn.online/webp/2a/2a232546-d22a-4a82-9ad8-454f5c632438/52-full.jpg"", ""https://krisha-photos.kcdn.online/webp/2a/2a232546-d22a-4a82-9ad8-454f5c632438/53-full.jpg"", ""https://krisha-photos.kcdn.online/webp/2a/2a232546-d22a-4a82-9ad8-454f5c632438/54-full.jpg""]",40,e975eba21c4bd35800b5fdf05295ea88076a8462b2ae6e391bab7bfcc459fcf9,,Хозяин,False,2026-08-02,2020-05-05,2026-08-02,live,2026-08-06T07:43:50+00:00,False,address_layout_dedup,"duplicate_address_layout (street='syganak', house='18', floor='6', rooms='3', square within 1.0m2)"
1009779558,https://krisha.kz/a/show/1009779558,1-комнатная квартира · 37 м² · 3/9 этаж,250000,за месяц,6757,1,37,3,9,Nura_r-n,Astana,Shosse_Korgalzhyn,15/1,51.145468572075,71.375076211891,10074611,college,College,полностью,,нет,,,,"Сдам 1-комнатную квартиру в отличном состоянии в ЖК College. ЖК полностью огражденный, уютный и светлый двор. Находится возле Университета КАЗГЮУ. В квартире имеется все для жизни: зеркала, холодильник, шкаф, обеденный стол, микроволновка и тд. 
 
Предусмотрен депозит","[""https://krisha-photos.kcdn.online/webp/6c/6c19620c-99d9-4cd1-aa50-cd38a25afd73/1-full.jpg"", ""https://krisha-photos.kcdn.online/webp/6c/6c19620c-99d9-4cd1-aa50-cd38a25afd73/2-full.jpg"", ""https://krisha-photos.kcdn.online/webp/6c/6c19620c-99d9-4cd1-aa50-cd38a25afd73/3-full.jpg"", ""https://krisha-photos.kcdn.online/webp/6c/6c19620c-99d9-4cd1-aa50-cd38a25afd73/4-full.jpg"", ""https://krisha-photos.kcdn.online/webp/6c/6c19620c-99d9-4cd1-aa50-cd38a25afd73/5-full.jpg""]",5,4e93cb962c9c0aed9ca09ebf0b252570fa74ef423f9db1e7e5dc79f8e01bdd67,,Хозяин,False,2026-07-30,2026-02-19,2026-07-30,live,2026-08-11T07:10:08+00:00,False,address_layout_dedup,"duplicate_address_layout (street='shosse_korgalzhyn', house='15/1', floor='3', rooms='1', square within 1.0m2)"
1010354413,https://krisha.kz/a/show/1010354413,2-комнатная квартира · 70 м² · 10/12 этаж,270000,за месяц,3857,2,70,10,12,Esilyskiy_r-n,Astana,Dostyk,13,51.12883309826,71.43578290607,8477344,nursaja,Нурсая,,,нет,,,,"Предлагается в аренду просторная и светлая квартира, общей площадью 70 м2. Квартира находится в самом центре столицы, с видом на Ак Орду, в шаговой доступности бульвар Нуржол с поющими фонтанами, Байтерек, Акорда, дом министерств и т.д. Только длительный срок, риэлторов и субарендаторов для посуточной сдачи просьба не беспокоить! депозит 50т","[""https://krisha-photos.kcdn.online/webp/2a/2af9d9e5-a408-4bd3-aae8-963b828f1538/1-full.jpg"", ""https://krisha-photos.kcdn.online/webp/2a/2af9d9e5-a408-4bd3-aae8-963b828f1538/2-full.jpg"", ""https://krisha-photos.kcdn.online/webp/2a/2af9d9e5-a408-4bd3-aae8-963b828f1538/3-full.jpg"", ""https://krisha-photos.kcdn.online/webp/2a/2af9d9e5-a408-4bd3-aae8-963b828f1538/4-full.jpg""]",4,cb9e4783e6704ffbd1fba3f2e912d57f3ae7be3709a79358ebae5f5d6821cca7,,Хозяин,False,2026-08-04,2026-03-11,2026-08-04,live,2026-08-09T06:42:53+00:00,False,address_layout_dedup,"duplicate_address_layout (street='dostyk', house='13', floor='10', rooms='2', square within 1.0m2)"
1014338422,https://krisha.kz/a/show/1014338422,2-комнатная квартира · 65 м² · 1/9 этаж,520000,за месяц,8000,2,65,1,9,Esilyskiy_r-n,Astana,ul__Mangilik_El,35a,51.105910122986,71.426597450916,10296317,sensatapark,Sensata Park,полностью,,нет,,,,"Впервые сдается квартира с удобной планировкой. 
 
Отличный район, с выходом на Ботанический сад. 
 
Квартира полностью меблирована, есть все для комфортного проживания. 
 
Квартира находится на 1 этаже, окна смотрят на улицу. Восточная сторона, солнце до обеда. 
 
Имеется депозит в размере 1 месячной оплаты. 
 
Заезд 3 августа.","[""https://krisha-photos.kcdn.online/webp/77/773edd9b-3f6c-4b75-a6d5-7d5f4435ef8a/3-full.jpg"", ""https://krisha-photos.kcdn.online/webp/77/773edd9b-3f6c-4b75-a6d5-7d5f4435ef8a/4-full.jpg"", ""https://krisha-photos.kcdn.online/webp/77/773edd9b-3f6c-4b75-a6d5-7d5f4435ef8a/5-full.jpg"", ""https://krisha-photos.kcdn.online/webp/77/773edd9b-3f6c-4b75-a6d5-7d5f4435ef8a/6-full.jpg"", ""https://krisha-photos.kcdn.online/webp/77/773edd9b-3f6c-4b75-a6d5-7d5f4435ef8a/7-full.jpg"", ""https://krisha-photos.kcdn.online/webp/77/773edd9b-3f6c-4b75-a6d5-7d5f4435ef8a/8-full.jpg"", ""https://krisha-photos.kcdn.online/webp/77/773edd9b-3f6c-4b75-a6d5-7d5f4435ef8a/9-full.jpg"", ""https://krisha-photos.kcdn.online/webp/77/773edd9b-3f6c-4b75-a6d5-7d5f4435ef8a/10-full.jpg""]",8,13c81c46dff8d49574fd93238da8ab8c98879b14f6f6014c6c079d9b5597f843,,Утеулиновой Айман,False,2026-08-08,2026-07-28,2026-08-08,live,2026-08-11T07:10:08+00:00,False,address_layout_dedup,"duplicate_address_layout (street='ul__mangilik_el', house='35a', floor='1', rooms='2', square within 1.0m2)"
1011821254,https://krisha.kz/a/show/1011821254,1-комнатная квартира · 40 м² · 3/9 этаж,290000,за месяц,7250,1,40,3,9,Sarayshyk_r-n,Astana,Nazhmidenova,10/1,51.119846,71.464799,15770797,baskaru2,"Баскару 2, 3, 4, 5",полностью,"свежий ремонт, новая мебель",,,,,"Сдается квартира в очень хорошем расположении в Жк Гранд Астана. 
Сдается Порядочным, Не курящим Не пьещим Семейной паре, людям. 
 
Ремонт красивый чистый. Все техника хорошо работает, Мебель новая. 
 
Рядом Все есть. 
 
Лрт, Даму молл, Депутатский городок. 
И самое нужное рядом и доступно Школы, Сады, Детская площадка, Поликлиника, Разные магазины. 
 
Развитый район. 
Закрытый двор. 
Хорошая Детская площадка. 
Лифт работает без перерыва. 
Вода и свет без перебоя.","[""https://krisha-photos.kcdn.online/webp/9e/9ee378bd-1012-41fd-b56d-1ef20807563d/14-full.jpg"", ""https://krisha-photos.kcdn.online/webp/9e/9ee378bd-1012-41fd-b56d-1ef20807563d/15-full.jpg"", ""https://krisha-photos.kcdn.online/webp/9e/9ee378bd-1012-41fd-b56d-1ef20807563d/16-full.jpg"", ""https://krisha-photos.kcdn.online/webp/9e/9ee378bd-1012-41fd-b56d-1ef20807563d/17-full.jpg"", ""https://krisha-photos.kcdn.online/webp/9e/9ee378bd-1012-41fd-b56d-1ef20807563d/10-full.jpg"", ""https://krisha-photos.kcdn.online/webp/9e/9ee378bd-1012-41fd-b56d-1ef20807563d/11-full.jpg"", ""https://krisha-photos.kcdn.online/webp/9e/9ee378bd-1012-41fd-b56d-1ef20807563d/12-full.jpg"", ""https://krisha-photos.kcdn.online/webp/9e/9ee378bd-1012-41fd-b56d-1ef20807563d/13-full.jpg"", ""https://krisha-photos.kcdn.online/webp/9e/9ee378bd-1012-41fd-b56d-1ef20807563d/18-full.jpg""]",9,3b08a2b3b90c53ad9d3b10ab182ae3d9cdd96c4b37b88d85409ada49378a4424,,Хозяин,False,2026-08-04,2026-04-30,2026-08-04,live,2026-08-09T06:42:53+00:00,False,address_layout_dedup,"duplicate_address_layout (street='nazhmidenova', house='10/1', floor='3', rooms='1', square within 1.0m2)"
1014141524,https://krisha.kz/a/show/1014141524,3-комнатная квартира · 90 м² · 9/9 этаж,450000,за месяц,5000,3,90,9,9,Nura_r-n,Astana,Iliyas_Omarov,27/1,51.141918688018,71.369234073358,19907517,,,полностью,"свежий ремонт, новая мебель",нет,,,,"Современная, светлая и просторная квартира с удобной планировкой и широкими комнатами. Полностью готова к проживанию! 
 
В квартире есть: 
✔️ Кухонный гарнитур со встроенной техникой 
✔️ Посудомоечная машина Electrolux 
✔️ Встроенная микроволновая печь 
✔️ Холодильник 
✔️ Варочная поверхность и духовой шкаф 
✔️ Вытяжка 
✔️ Телевизор Smart TV 
✔️ Кондиционер 
✔️ Стиральная машина 
 
Преимущества ЖК «Атмосфера»: 
• Закрытый безопасный двор без машин 
• Вход в подъезды по электронным замкам 
• Круглосуточное видеонаблюдение и охрана 
• Современные детские и спортивные площадки 
• Уютные зоны отдыха и озеленённая территория 
 
Отличное расположение: 
Жилой комплекс расположен в перспективном районе левого берега Астаны с развитой инфраструктурой. 
 
В шаговой доступности: 
- Казахский университет технологии и бизнеса (КазУТБ) ; 
- школы #81, 71 (также платные школы) и детские сады; 
- супермаркеты, аптеки, кафе, фитнес-центры; 
- остановки общественного транспорта. 
 
✨ Идеальный вариант для семьи, которая ценит комфорт, безопасность и удобное расп","[""https://krisha-photos.kcdn.online/webp/e7/e71a6b8f-f79b-4f9a-a59f-c97896595ba5/1-full.jpg"", ""https://krisha-photos.kcdn.online/webp/e7/e71a6b8f-f79b-4f9a-a59f-c97896595ba5/2-full.jpg"", ""https://krisha-photos.kcdn.online/webp/e7/e71a6b8f-f79b-4f9a-a59f-c97896595ba5/3-full.jpg"", ""https://krisha-photos.kcdn.online/webp/e7/e71a6b8f-f79b-4f9a-a59f-c97896595ba5/4-full.jpg"", ""https://krisha-photos.kcdn.online/webp/e7/e71a6b8f-f79b-4f9a-a59f-c97896595ba5/5-full.jpg"", ""https://krisha-photos.kcdn.online/webp/e7/e71a6b8f-f79b-4f9a-a59f-c97896595ba5/6-full.jpg"", ""https://krisha-photos.kcdn.online/webp/e7/e71a6b8f-f79b-4f9a-a59f-c97896595ba5/7-full.jpg"", ""https://krisha-photos.kcdn.online/webp/e7/e71a6b8f-f79b-4f9a-a59f-c97896595ba5/8-full.jpg"", ""https://krisha-photos.kcdn.online/webp/e7/e71a6b8f-f79b-4f9a-a59f-c97896595ba5/9-full.jpg"", ""https://krisha-photos.kcdn.online/webp/e7/e71a6b8f-f79b-4f9a-a59f-c97896595ba5/10-full.jpg"", ""https://krisha-photos.kcdn.online/webp/e7/e71a6b8f-f79b-4f9a-a59f-c97896595ba5/11-full.jpg"", ""https://krisha-photos.kcdn.online/webp/e7/e71a6b8f-f79b-4f9a-a59f-c97896595ba5/12-full.jpg"", ""https://krisha-photos.kcdn.online/webp/e7/e71a6b8f-f79b-4f9a-a59f-c97896595ba5/13-full.jpg"", ""https://krisha-photos.kcdn.online/webp/e7/e71a6b8f-f79b-4f9a-a59f-c97896595ba5/14-full.jpg""]",14,99a507cfa2a08fdc36401cfe6c4742ec29bc38513ab9cbbf2c92c5ff463c1b83,,Хозяин,False,2026-08-04,2026-07-21,2026-08-04,live,2026-08-06T06:59:00+00:00,False,address_layout_dedup,"duplicate_address_layout (street='iliyas_omarov', house='27/1', floor='9', rooms='3', square within 1.0m2)"
1014601269,https://krisha.kz/a/show/1014601269,4-комнатная квартира · 143 м² · 3/7 этаж,1500000,за месяц,10490,4,143,3,7,Esilyskiy_r-n,Astana,Turkestan,18,51.104367666153,71.423974426246,8477016,,Park Avenue,полностью,"не новый, но аккуратный и чистый ремонт",,,,,"🏡 Сдается в аренду 4-комнатная квартира в ЖК Park Avenue 
📍 Район Ботанического сада 
 
Предлагается просторная 4-комнатная квартира площадью 143 м², расположенная на 3 этаже в одном из самых престижных жилых комплексов города. 
 
✨ Преимущества квартиры: 
• Полностью упакована – есть вся необходимая мебель и бытовая техника, готова к комфортному проживанию. 
• Ранее не сдавалась. 
• Просторная и функциональная планировка. 
• Топовая локация – рядом Ботанический сад, школы, детские сады, магазины, рестораны и удобная транспортная развязка. 
• Современный жилой комплекс с безопасной территорией и комфортной инфраструктурой. 
 
💰 Условия аренды: 
• Депозит обязателен. 
• Комиссия агентства – 20%. 
 
📞 Звоните или пишите, чтобы узнать подробности и договориться о просмотре.","[""https://krisha-photos.kcdn.online/webp/31/31add246-14d7-4483-94ce-abeeef0081f0/1-full.jpg"", ""https://krisha-photos.kcdn.online/webp/31/31add246-14d7-4483-94ce-abeeef0081f0/2-full.jpg"", ""https://krisha-photos.kcdn.online/webp/31/31add246-14d7-4483-94ce-abeeef0081f0/3-full.jpg"", ""https://krisha-photos.kcdn.online/webp/31/31add246-14d7-4483-94ce-abeeef0081f0/4-full.jpg"", ""https://krisha-photos.kcdn.online/webp/31/31add246-14d7-4483-94ce-abeeef0081f0/5-full.jpg"", ""https://krisha-photos.kcdn.online/webp/31/31add246-14d7-4483-94ce-abeeef0081f0/6-full.jpg"", ""https://krisha-photos.kcdn.online/webp/31/31add246-14d7-4483-94ce-abeeef0081f0/7-full.jpg"", ""https://krisha-photos.kcdn.online/webp/31/31add246-14d7-4483-94ce-abeeef0081f0/8-full.jpg"", ""https://krisha-photos.kcdn.online/webp/31/31add246-14d7-4483-94ce-abeeef0081f0/9-full.jpg"", ""https://krisha-photos.kcdn.online/webp/31/31add246-14d7-4483-94ce-abeeef0081f0/10-full.jpg"", ""https://krisha-photos.kcdn.online/webp/31/31add246-14d7-4483-94ce-abeeef0081f0/11-full.jpg"", ""https://krisha-photos.kcdn.online/webp/31/31add246-14d7-4483-94ce-abeeef0081f0/12-full.jpg"", ""https://krisha-photos.kcdn.online/webp/31/31add246-14d7-4483-94ce-abeeef0081f0/13-full.jpg"", ""https://krisha-photos.kcdn.online/webp/31/31add246-14d7-4483-94ce-abeeef0081f0/14-full.jpg"", ""https://krisha-photos.kcdn.online/webp/31/31add246-14d7-4483-94ce-abeeef0081f0/15-full.jpg"", ""https://krisha-photos.kcdn.online/webp/31/31add246-14d7-4483-94ce-abeeef0081f0/16-full.jpg""]",16,2e20e05bcbeab3d8bf78ed38c532dfaf2c9e6afcfe99bb14aa712628b5cca915,,"Сарсенбаева Самал, компания «Aigera»",False,2026-08-06,2026-08-06,2026-08-06,live,2026-08-11T07:10:08+00:00,False,address_layout_dedup,"duplicate_address_layout (street='turkestan', house='18', floor='3', rooms='4', square within 1.0m2)"
1014271610,https://krisha.kz/a/show/1014271610,4-комнатная квартира · 143 м² · 3/7 этаж,1500000,за месяц,10490,4,143,3,7,Esilyskiy_r-n,Astana,Turkestan,18,51.104367666153,71.423974426246,8477016,,Park Avenue,полностью,"не новый, но аккуратный и чистый ремонт",,,,,,"[""https://krisha-photos.kcdn.online/webp/72/72b72fd1-17cb-49d2-8ed0-48ec57902811/1-full.jpg"", ""https://krisha-photos.kcdn.online/webp/72/72b72fd1-17cb-49d2-8ed0-48ec57902811/2-full.jpg"", ""https://krisha-photos.kcdn.online/webp/72/72b72fd1-17cb-49d2-8ed0-48ec57902811/3-full.jpg"", ""https://krisha-photos.kcdn.online/webp/72/72b72fd1-17cb-49d2-8ed0-48ec57902811/4-full.jpg"", ""https://krisha-photos.kcdn.online/webp/72/72b72fd1-17cb-49d2-8ed0-48ec57902811/5-full.jpg"", ""https://krisha-photos.kcdn.online/webp/72/72b72fd1-17cb-49d2-8ed0-48ec57902811/6-full.jpg"", ""https://krisha-photos.kcdn.online/webp/72/72b72fd1-17cb-49d2-8ed0-48ec57902811/7-full.jpg"", ""https://krisha-photos.kcdn.online/webp/72/72b72fd1-17cb-49d2-8ed0-48ec57902811/8-full.jpg"", ""https://krisha-photos.kcdn.online/webp/72/72b72fd1-17cb-49d2-8ed0-48ec57902811/9-full.jpg"", ""https://krisha-photos.kcdn.online/webp/72/72b72fd1-17cb-49d2-8ed0-48ec57902811/10-full.jpg"", ""https://krisha-photos.kcdn.online/webp/72/72b72fd1-17cb-49d2-8ed0-48ec57902811/11-full.jpg"", ""https://krisha-photos.kcdn.online/webp/72/72b72fd1-17cb-49d2-8ed0-48ec57902811/12-full.jpg"", ""https://krisha-photos.kcdn.online/webp/72/72b72fd1-17cb-49d2-8ed0-48ec57902811/13-full.jpg"", ""https://krisha-photos.kcdn.online/webp/72/72b72fd1-17cb-49d2-8ed0-48ec57902811/14-full.jpg""]",14,08d24ea1ca16682a6e52aa659140b1944d64f02cfcd3502507b4bdbadbef35c2,,Aigera,False,2026-07-30,2026-07-26,2026-07-30,live,2026-08-06T08:10:02+00:00,False,address_layout_dedup,"duplicate_address_layout (street='turkestan', house='18', floor='3', rooms='4', square within 1.0m2)"
1014541695,https://krisha.kz/a/show/1014541695,1-комнатная квартира · 42 м² · 4/7 этаж,200000,за месяц,4762,1,42,4,7,Esilyskiy_r-n,Astana,Uly_Dala,63,51.094082722872,71.441245314464,8543578,,Камал,полностью,"не новый, но аккуратный и чистый ремонт",,,,,"Чистая и аккуратная квартира, сдам на длительный срок, все необходимое имеется. Коммуналка оплачивается отдельно по квитанции: электроэнергия, тепловая энергия, вода, лифт 
Возвратный депозит 50000 
Просмотр после 17.00","[""https://krisha-photos.kcdn.online/webp/dd/dd48ccaf-7732-4250-9bd4-0cc70fd5bfe5/1-full.jpg"", ""https://krisha-photos.kcdn.online/webp/dd/dd48ccaf-7732-4250-9bd4-0cc70fd5bfe5/2-full.jpg"", ""https://krisha-photos.kcdn.online/webp/dd/dd48ccaf-7732-4250-9bd4-0cc70fd5bfe5/3-full.jpg"", ""https://krisha-photos.kcdn.online/webp/dd/dd48ccaf-7732-4250-9bd4-0cc70fd5bfe5/4-full.jpg"", ""https://krisha-photos.kcdn.online/webp/dd/dd48ccaf-7732-4250-9bd4-0cc70fd5bfe5/5-full.jpg"", ""https://krisha-photos.kcdn.online/webp/dd/dd48ccaf-7732-4250-9bd4-0cc70fd5bfe5/6-full.jpg""]",6,8027cf6ae533aa8a70da6c616cd3b9e5c88421b55f37a6812e49f56a0f1d50e6,,Хозяин,False,2026-08-04,2026-08-04,2026-08-04,live,2026-08-06T07:00:35+00:00,False,address_layout_dedup,"duplicate_address_layout (street='uly_dala', house='63', floor='4', rooms='1', square within 1.0m2)"
1014541727,https://krisha.kz/a/show/1014541727,3-комнатная квартира · 70 м² · 9/9 этаж,500000,за месяц,7143,3,70,9,9,Esilyskiy_r-n,Astana,Tole_bi,27,51.101606827282,71.386646032224,15467125,,Улы Дала Авеню,полностью,"свежий ремонт, новая мебель",,,,,,"[""https://krisha-photos.kcdn.online/webp/b0/b0efd57e-a6e0-4d52-a96d-df4c5fac5dec/1-full.jpg"", ""https://krisha-photos.kcdn.online/webp/b0/b0efd57e-a6e0-4d52-a96d-df4c5fac5dec/2-full.jpg"", ""https://krisha-photos.kcdn.online/webp/b0/b0efd57e-a6e0-4d52-a96d-df4c5fac5dec/3-full.jpg"", ""https://krisha-photos.kcdn.online/webp/b0/b0efd57e-a6e0-4d52-a96d-df4c5fac5dec/4-full.jpg"", ""https://krisha-photos.kcdn.online/webp/b0/b0efd57e-a6e0-4d52-a96d-df4c5fac5dec/5-full.jpg"", ""https://krisha-photos.kcdn.online/webp/b0/b0efd57e-a6e0-4d52-a96d-df4c5fac5dec/6-full.jpg"", ""https://krisha-photos.kcdn.online/webp/b0/b0efd57e-a6e0-4d52-a96d-df4c5fac5dec/7-full.jpg"", ""https://krisha-photos.kcdn.online/webp/b0/b0efd57e-a6e0-4d52-a96d-df4c5fac5dec/8-full.jpg"", ""https://krisha-photos.kcdn.online/webp/b0/b0efd57e-a6e0-4d52-a96d-df4c5fac5dec/9-full.jpg"", ""https://krisha-photos.kcdn.online/webp/b0/b0efd57e-a6e0-4d52-a96d-df4c5fac5dec/10-full.jpg"", ""https://krisha-photos.kcdn.online/webp/b0/b0efd57e-a6e0-4d52-a96d-df4c5fac5dec/11-full.jpg"", ""https://krisha-photos.kcdn.online/webp/b0/b0efd57e-a6e0-4d52-a96d-df4c5fac5dec/12-full.jpg"", ""https://krisha-photos.kcdn.online/webp/b0/b0efd57e-a6e0-4d52-a96d-df4c5fac5dec/13-full.jpg"", ""https://krisha-photos.kcdn.online/webp/b0/b0efd57e-a6e0-4d52-a96d-df4c5fac5dec/14-full.jpg""]",14,426687b8bdcef53b2cdeb6db97ae6fda93e6def2c4c733a20b11885b15dd852a,,"Таранова Камиля, компания «Қасымқанов Бекарыс»",False,2026-08-07,2026-08-04,2026-08-07,live,2026-08-11T07:10:08+00:00,False,address_layout_dedup,"duplicate_address_layout (street='tole_bi', house='27', floor='9', rooms='3', square within 1.0m2)"
1006022140,https://krisha.kz/a/show/1006022140,1-комнатная квартира · 25 м² · 5/6 этаж,120000,за месяц,4800,1,25,5,6,Almaty_r-n,Astana,Balkantau,92,51.13174,71.478615,,,,частично,"не новый, но аккуратный и чистый ремонт",,,,,"Аренда 130 000 (120 000 + 10 000 ком услуги) 
+ Депозит 50 000тг 
 
Можно с детьми от 12 лет. 
Студия (кухни отдельно нет). 
Сдается пустая БЕЗ мебели и БЕЗ техники. 
Все как на фото.

Дом ориентировочно находится возле Угол Обаган (Момышулы - Сатпаева, Азрет султан мешит)","[""https://krisha-photos.kcdn.online/webp/72/72831bc3-234d-441e-b060-c7c84d8503b9/43-full.jpg"", ""https://krisha-photos.kcdn.online/webp/72/72831bc3-234d-441e-b060-c7c84d8503b9/44-full.jpg"", ""https://krisha-photos.kcdn.online/webp/72/72831bc3-234d-441e-b060-c7c84d8503b9/46-full.jpg"", ""https://krisha-photos.kcdn.online/webp/72/72831bc3-234d-441e-b060-c7c84d8503b9/45-full.jpg"", ""https://krisha-photos.kcdn.online/webp/72/72831bc3-234d-441e-b060-c7c84d8503b9/48-full.jpg"", ""https://krisha-photos.kcdn.online/webp/72/72831bc3-234d-441e-b060-c7c84d8503b9/47-full.jpg"", ""https://krisha-photos.kcdn.online/webp/72/72831bc3-234d-441e-b060-c7c84d8503b9/49-full.jpg""]",7,a6b35198d36c2a54b212d9d6f2090c22667c2c29ad9f495cf58f058340706a2e,,Хозяин,False,2026-08-04,2025-10-07,2026-08-04,live,2026-08-06T07:01:25+00:00,False,address_layout_dedup,"duplicate_address_layout (street='balkantau', house='92', floor='5', rooms='1', square within 1.0m2)"
1014538262,https://krisha.kz/a/show/1014538262,1-комнатная квартира · 38 м² · 12/22 этаж,230000,за месяц,6053,1,38,12,22,Esilyskiy_r-n,Astana,Mangilik_El,54,51.090661285086,71.426081896536,8543610,,Orynbor Towers,полностью,"не новый, но аккуратный и чистый ремонт",нет,,,,"Сдам 1-комнатную квартиру | Orynbor Towers | Левый берег 
 
📍 Orynbor Towers — одна из самых востребованных локаций левого берега. 
 
▪️ 38 кв м 
▪️ 12 этаж из 22 
▪️ Полностью меблирована и оснащена всей необходимой техникой. 
 
В квартире есть все для комфортной жизни: кондиционер, встроенная кухня с духовым шкафом и микроволновой печью, холодильник, стиральная машина, телевизор, вместительный шкаф, лоджия. 
 
Светлая, уютная квартира с аккуратным ремонтом. Заезжайте и живите — ничего докупать не нужно. 
 
📍 В пешей доступности Ботанический сад, EXPO, Mega Silk Way, Назарбаев Университет, школы, кафе, супермаркеты и удобные транспортные развязки. 
 
Пожелания собственника: 
✔️ желательно одному человеку; 
✔️ без детей; 
✔️ без животных; 
✔️ некурящим; 
✔️ на длительный срок. 
 
📞 По всем вопросам — пишите или звоните. Покажем квартиру в удобное время.","[""https://krisha-photos.kcdn.online/webp/55/55093a8d-d3c9-4b4b-bbdf-be7e8a91f30d/1-full.jpg"", ""https://krisha-photos.kcdn.online/webp/55/55093a8d-d3c9-4b4b-bbdf-be7e8a91f30d/2-full.jpg"", ""https://krisha-photos.kcdn.online/webp/55/55093a8d-d3c9-4b4b-bbdf-be7e8a91f30d/3-full.jpg"", ""https://krisha-photos.kcdn.online/webp/55/55093a8d-d3c9-4b4b-bbdf-be7e8a91f30d/4-full.jpg"", ""https://krisha-photos.kcdn.online/webp/55/55093a8d-d3c9-4b4b-bbdf-be7e8a91f30d/5-full.jpg"", ""https://krisha-photos.kcdn.online/webp/55/55093a8d-d3c9-4b4b-bbdf-be7e8a91f30d/6-full.jpg"", ""https://krisha-photos.kcdn.online/webp/55/55093a8d-d3c9-4b4b-bbdf-be7e8a91f30d/7-full.jpg"", ""https://krisha-photos.kcdn.online/webp/55/55093a8d-d3c9-4b4b-bbdf-be7e8a91f30d/8-full.jpg""]",8,d13f93896de8ae66cb103d0c7e2a40abf24ec91560065e028291e53c3f47f1b2,,"Ширяева Альмира, компания « Панорама Group»",False,2026-08-04,2026-08-04,2026-08-04,live,2026-08-09T06:42:53+00:00,False,address_layout_dedup,"duplicate_address_layout (street='mangilik_el', house='54', floor='12', rooms='1', square within 1.0m2)"
1014069883,https://krisha.kz/a/show/1014069883,1-комнатная квартира · 46 м² · 9/10 этаж,210000,за месяц,4565,1,46,9,10,Almaty_r-n,Astana,Kyuyshi_Diny,30,51.149106980933,71.48389326212,8477790,azat,Азат,полностью,"не новый, но аккуратный и чистый ремонт",,,,,"Сдам квартиру Ответственному, Чистоплотному Человеку. 
На Длительный срок. 
 
Квартира ранее Не сдавалась 
 (жили сами). 
Чисто, уютно. 
Все необходимое имеется. 
Прекрасный район. 
Всё в шаговой доступности. 
 
Договор. 
Депозит (возвращается при выселении) 
 
Вариант: 
снимает Один, потом живут Толпой 
 (даже Не звоните). 
 
если на звонок не отвечаю, Пишите.","[""https://krisha-photos.kcdn.online/webp/89/89a45d16-707a-484a-97cb-7e05cad2875f/1-full.jpg"", ""https://krisha-photos.kcdn.online/webp/89/89a45d16-707a-484a-97cb-7e05cad2875f/2-full.jpg"", ""https://krisha-photos.kcdn.online/webp/89/89a45d16-707a-484a-97cb-7e05cad2875f/3-full.jpg"", ""https://krisha-photos.kcdn.online/webp/89/89a45d16-707a-484a-97cb-7e05cad2875f/4-full.jpg"", ""https://krisha-photos.kcdn.online/webp/89/89a45d16-707a-484a-97cb-7e05cad2875f/5-full.jpg""]",5,d5b1ba041f612fc9361ee41ce557990499ef9f64b5aeadc0e023151952233f17,,Хозяин,False,2026-07-31,2026-07-19,2026-07-31,live,2026-08-11T07:10:08+00:00,False,address_layout_dedup,"duplicate_address_layout (street='kyuyshi_diny', house='30', floor='9', rooms='1', square within 1.0m2)"
1012484091,https://krisha.kz/a/show/1012484091,2-комнатная квартира · 60 м² · 2/5 этаж,280000,за месяц,4667,2,60,2,5,Sarayshyk_r-n,Astana,Azerbaeva,12,51.125533,71.497767,,,,полностью,"не новый, но аккуратный и чистый ремонт",нет,,,,"Сдам в аренду 2-х комн кв, в шаговой доступности школы, сады, поликлиника. Квартира чистая, ухоженная, аренда с 29 июля, депозит 100000 тг

Дом ориентировочно находится возле Азербаева","[""https://krisha-photos.kcdn.online/webp/4e/4eae4139-33c3-4d54-9201-8caf302174d8/9-full.jpg"", ""https://krisha-photos.kcdn.online/webp/4e/4eae4139-33c3-4d54-9201-8caf302174d8/10-full.jpg"", ""https://krisha-photos.kcdn.online/webp/4e/4eae4139-33c3-4d54-9201-8caf302174d8/11-full.jpg"", ""https://krisha-photos.kcdn.online/webp/4e/4eae4139-33c3-4d54-9201-8caf302174d8/12-full.jpg"", ""https://krisha-photos.kcdn.online/webp/4e/4eae4139-33c3-4d54-9201-8caf302174d8/13-full.jpg"", ""https://krisha-photos.kcdn.online/webp/4e/4eae4139-33c3-4d54-9201-8caf302174d8/14-full.jpg"", ""https://krisha-photos.kcdn.online/webp/4e/4eae4139-33c3-4d54-9201-8caf302174d8/15-full.jpg"", ""https://krisha-photos.kcdn.online/webp/4e/4eae4139-33c3-4d54-9201-8caf302174d8/16-full.jpg"", ""https://krisha-photos.kcdn.online/webp/4e/4eae4139-33c3-4d54-9201-8caf302174d8/17-full.jpg"", ""https://krisha-photos.kcdn.online/webp/4e/4eae4139-33c3-4d54-9201-8caf302174d8/18-full.jpg"", ""https://krisha-photos.kcdn.online/webp/4e/4eae4139-33c3-4d54-9201-8caf302174d8/19-full.jpg"", ""https://krisha-photos.kcdn.online/webp/4e/4eae4139-33c3-4d54-9201-8caf302174d8/20-full.jpg"", ""https://krisha-photos.kcdn.online/webp/4e/4eae4139-33c3-4d54-9201-8caf302174d8/21-full.jpg"", ""https://krisha-photos.kcdn.online/webp/4e/4eae4139-33c3-4d54-9201-8caf302174d8/22-full.jpg"", ""https://krisha-photos.kcdn.online/webp/4e/4eae4139-33c3-4d54-9201-8caf302174d8/23-full.jpg""]",15,56fa8dbd144c61bd4ddd31e69a34f8e3cb884bde9c25193b22d24b8fa3ef1f76,,Хозяин,False,2026-08-04,2026-05-23,2026-08-04,live,2026-08-11T07:10:08+00:00,False,address_layout_dedup,"duplicate_address_layout (street='azerbaeva', house='12', floor='2', rooms='2', square within 1.0m2)"
680417852,https://krisha.kz/a/show/680417852,3-комнатная квартира · 145 м² · 8/11 этаж,450000,за месяц,3103,3,145,8,11,Almaty_r-n,Astana,Kenesary,47,51.166383991124,71.430724421516,8477148,fortuna,Фортуна,полностью,,нет,,,,"Сдаётся очень тёплая квартира, на длительный срок, со всеми удобствами

Дом ориентировочно находится возле Республика","[""https://krisha-photos.kcdn.online/webp/d1/d1c3ed6f-c136-420d-8731-3676302d5fe5/1-full.jpg"", ""https://krisha-photos.kcdn.online/webp/d1/d1c3ed6f-c136-420d-8731-3676302d5fe5/2-full.jpg"", ""https://krisha-photos.kcdn.online/webp/d1/d1c3ed6f-c136-420d-8731-3676302d5fe5/3-full.jpg"", ""https://krisha-photos.kcdn.online/webp/d1/d1c3ed6f-c136-420d-8731-3676302d5fe5/4-full.jpg"", ""https://krisha-photos.kcdn.online/webp/d1/d1c3ed6f-c136-420d-8731-3676302d5fe5/5-full.jpg"", ""https://krisha-photos.kcdn.online/webp/d1/d1c3ed6f-c136-420d-8731-3676302d5fe5/6-full.jpg"", ""https://krisha-photos.kcdn.online/webp/d1/d1c3ed6f-c136-420d-8731-3676302d5fe5/7-full.jpg"", ""https://krisha-photos.kcdn.online/webp/d1/d1c3ed6f-c136-420d-8731-3676302d5fe5/8-full.jpg"", ""https://krisha-photos.kcdn.online/webp/d1/d1c3ed6f-c136-420d-8731-3676302d5fe5/9-full.jpg"", ""https://krisha-photos.kcdn.online/webp/d1/d1c3ed6f-c136-420d-8731-3676302d5fe5/10-full.jpg"", ""https://krisha-photos.kcdn.online/webp/d1/d1c3ed6f-c136-420d-8731-3676302d5fe5/11-full.jpg"", ""https://krisha-photos.kcdn.online/webp/d1/d1c3ed6f-c136-420d-8731-3676302d5fe5/12-full.jpg"", ""https://krisha-photos.kcdn.online/webp/d1/d1c3ed6f-c136-420d-8731-3676302d5fe5/13-full.jpg""]",13,af4dddb34e6a93e377c72b6415a5f2b69ffc199772ce95a0be9d1a2d63e8aab2,,Хозяин,False,2026-08-03,2022-11-17,2026-08-03,live,2026-08-11T07:10:08+00:00,False,address_layout_dedup,"duplicate_address_layout (street='kenesary', house='47', floor='8', rooms='3', square within 1.0m2)"
1004560762,https://krisha.kz/a/show/1004560762,1-комнатная квартира · 53 м² · 22/22 этаж,400000,за месяц,7547,1,53,22,22,Esilyskiy_r-n,Astana,Mangilik_El,59,51.084432322092,71.421619437085,12250399,nexpounion,Nexpo Union,полностью,"свежий ремонт, новая мебель",,,,,"Готова к заселению, от хозяина, без комиссии агента квартира-студия с панорамным видом в ЖК Nexpo Union с мебелью и техникой. 
высокий этаж открывает вид на мечеть и Мәңгілік Ел. Есть тихая терраса с зоной барбекю, качели фонтан, озеленение, беседки, дом бизнес-класс, 5 мин до Mega silk way, EXPO, Yurt, supermarkets. 
О квартире 
кухня-студия, изолированная спальня, красивый обзор с окон, лоджия, ванна. 
Имеется Кондиционер, Мебель и техника. 
Кровать, диван, шкаф, рабочий стол, обеденный стол, кухонный гарнитур, посуда. Холодильник, стиральная машина, микроволновка, телевизор, сушилка, посуда. Интернет подключён. 
 
Безопасность: 
Охрана, домофон, кодовый замок, видеонаблюдение. 
ЖК бизнес-класса. 
Локация: 
Есильский район, пр. Мәңгілік Ел. Рядом — Mega Silk Way, EXPO, рестораны, кофейни, фитнес-клубы. 
Условия аренды: 
— 400 000 тг/мес 
— Депозит: 1 месяц 
— Коммунальные: отдельно 
— Договор: 6–12 месяцев 
— Для 1–2 человек, без курения, без животных 
Прямой хозяин. Показ в удобное время — звоните или пишите.","[""https://krisha-photos.kcdn.online/webp/1e/1e01a68e-3d97-400f-9277-9c04005f08b5/62-full.jpg"", ""https://krisha-photos.kcdn.online/webp/1e/1e01a68e-3d97-400f-9277-9c04005f08b5/63-full.jpg"", ""https://krisha-photos.kcdn.online/webp/1e/1e01a68e-3d97-400f-9277-9c04005f08b5/64-full.jpg"", ""https://krisha-photos.kcdn.online/webp/1e/1e01a68e-3d97-400f-9277-9c04005f08b5/65-full.jpg"", ""https://krisha-photos.kcdn.online/webp/1e/1e01a68e-3d97-400f-9277-9c04005f08b5/66-full.jpg"", ""https://krisha-photos.kcdn.online/webp/1e/1e01a68e-3d97-400f-9277-9c04005f08b5/67-full.jpg"", ""https://krisha-photos.kcdn.online/webp/1e/1e01a68e-3d97-400f-9277-9c04005f08b5/68-full.jpg"", ""https://krisha-photos.kcdn.online/webp/1e/1e01a68e-3d97-400f-9277-9c04005f08b5/69-full.jpg"", ""https://krisha-photos.kcdn.online/webp/1e/1e01a68e-3d97-400f-9277-9c04005f08b5/70-full.jpg"", ""https://krisha-photos.kcdn.online/webp/1e/1e01a68e-3d97-400f-9277-9c04005f08b5/71-full.jpg"", ""https://krisha-photos.kcdn.online/webp/1e/1e01a68e-3d97-400f-9277-9c04005f08b5/72-full.jpg"", ""https://krisha-photos.kcdn.online/webp/1e/1e01a68e-3d97-400f-9277-9c04005f08b5/73-full.jpg"", ""https://krisha-photos.kcdn.online/webp/1e/1e01a68e-3d97-400f-9277-9c04005f08b5/74-full.jpg"", ""https://krisha-photos.kcdn.online/webp/1e/1e01a68e-3d97-400f-9277-9c04005f08b5/75-full.jpg"", ""https://krisha-photos.kcdn.online/webp/1e/1e01a68e-3d97-400f-9277-9c04005f08b5/76-full.jpg"", ""https://krisha-photos.kcdn.online/webp/1e/1e01a68e-3d97-400f-9277-9c04005f08b5/77-full.jpg"", ""https://krisha-photos.kcdn.online/webp/1e/1e01a68e-3d97-400f-9277-9c04005f08b5/78-full.jpg"", ""https://krisha-photos.kcdn.online/webp/1e/1e01a68e-3d97-400f-9277-9c04005f08b5/79-full.jpg"", ""https://krisha-photos.kcdn.online/webp/1e/1e01a68e-3d97-400f-9277-9c04005f08b5/80-full.jpg"", ""https://krisha-photos.kcdn.online/webp/1e/1e01a68e-3d97-400f-9277-9c04005f08b5/81-full.jpg""]",20,bf2cda265ead8a9b57109a1b63e99173914d8cd658b8a386114b755e563407ce,,Хозяин,False,2026-08-04,2025-08-19,2026-08-04,live,2026-08-09T06:42:53+00:00,False,address_layout_dedup,"duplicate_address_layout (street='mangilik_el', house='59', floor='22', rooms='1', square within 1.0m2)"
1013939272,https://krisha.kz/a/show/1013939272,2-комнатная квартира · 72 м² · 14/28 этаж,300000,за месяц,4167,2,72,14,28,Sarayshyk_r-n,Astana,prospekt_Koshkarbaeva,10/1,51.127334360771,71.469209022716,8477146,hajvil-astana,Хайвил Астана,полностью,,нет,,,,"⭐⭐⭐⭐⭐ • Brand NEW Luxury Apartment in Highvill Astana Block – G • квартира класса – люкс, на длительный срок, в престижном районе города • ЖК ""HighVill Astana"" 🏢 • полностью меблирована • вся бытовая и оргтехника в отличном состоянии😊 • 2 санузла • не угловая • умный дом премиум класса • управление всей квартирой с помощью Digital Home Network System (сенсорного WAll-pad) • Green Smart Sуstem • обеспечивающая экономию э/энергии и воды • регулируемые теплые полы • встроенные гардеробные шкафы • встроенная кухня • электроплита с духовкой • встроенный холодильник • вытяжка • водяной фильтр • электро-биде • высокоскоростной Wi-Fi интернет • система защиты всей квартиры • датчик движения • цифровой замок • видео наблюдение • видеодомофон с функцией вызова лифта из квартиры • весь комплекс круглосуточно охраняется • расположение как жилого комплекса, так и самой квартиры • шикарный панорамный вид из окна • рядом с комплексом - Президентский парк и Дворец Мира и согласия (Пирамида) • развитая инфраструктура системы One Step • вся полноценная жизнь в шаговой доступности внутри одного комплекса – фитнесс-центр с сауной • бассейном и тренажерным залом • Shopping Street • улица с бутиками и магазинами • кафе • детские площадки с антиударным защитным покрытием • скверы • детский сад и другие предприятия социального быта и сервиса • 3-уровненный отапливаемый паркинг • вход только для жителей комплекса по магнитной карточке • прекрасно благоустроенная территория • детские игровые площадки • прогулочные аллеи • рядом столичный парк с неповторимым пейзажем🌳🌳🌳🌲🌲🌿🌿🌿, который создает неповторимую атмосферу уюта • очень теплая • уютная • СОЛНЕЧНАЯ КВАРТИРА ЖДЕТ ВАС! • С Уважением, специалист по недвижимости NUR-KOZHA👍

Дом ориентировочно находится возле Блок-G","[""https://krisha-photos.kcdn.online/webp/21/2174c614-4fbe-4e40-b728-f77bd811ec21/8-full.jpg"", ""https://krisha-photos.kcdn.online/webp/21/2174c614-4fbe-4e40-b728-f77bd811ec21/9-full.jpg"", ""https://krisha-photos.kcdn.online/webp/21/2174c614-4fbe-4e40-b728-f77bd811ec21/15-full.jpg"", ""https://krisha-photos.kcdn.online/webp/21/2174c614-4fbe-4e40-b728-f77bd811ec21/5-full.jpg"", ""https://krisha-photos.kcdn.online/webp/21/2174c614-4fbe-4e40-b728-f77bd811ec21/4-full.jpg"", ""https://krisha-photos.kcdn.online/webp/21/2174c614-4fbe-4e40-b728-f77bd811ec21/26-full.jpg"", ""https://krisha-photos.kcdn.online/webp/21/2174c614-4fbe-4e40-b728-f77bd811ec21/14-full.jpg"", ""https://krisha-photos.kcdn.online/webp/21/2174c614-4fbe-4e40-b728-f77bd811ec21/12-full.jpg"", ""https://krisha-photos.kcdn.online/webp/21/2174c614-4fbe-4e40-b728-f77bd811ec21/11-full.jpg"", ""https://krisha-photos.kcdn.online/webp/21/2174c614-4fbe-4e40-b728-f77bd811ec21/18-full.jpg"", ""https://krisha-photos.kcdn.online/webp/21/2174c614-4fbe-4e40-b728-f77bd811ec21/21-full.jpg"", ""https://krisha-photos.kcdn.online/webp/21/2174c614-4fbe-4e40-b728-f77bd811ec21/25-full.jpg"", ""https://krisha-photos.kcdn.online/webp/21/2174c614-4fbe-4e40-b728-f77bd811ec21/6-full.jpg"", ""https://krisha-photos.kcdn.online/webp/21/2174c614-4fbe-4e40-b728-f77bd811ec21/10-full.jpg"", ""https://krisha-photos.kcdn.online/webp/21/2174c614-4fbe-4e40-b728-f77bd811ec21/17-full.jpg"", ""https://krisha-photos.kcdn.online/webp/21/2174c614-4fbe-4e40-b728-f77bd811ec21/19-full.jpg"", ""https://krisha-photos.kcdn.online/webp/21/2174c614-4fbe-4e40-b728-f77bd811ec21/27-full.jpg"", ""https://krisha-photos.kcdn.online/webp/21/2174c614-4fbe-4e40-b728-f77bd811ec21/1-full.jpg"", ""https://krisha-photos.kcdn.online/webp/21/2174c614-4fbe-4e40-b728-f77bd811ec21/2-full.jpg"", ""https://krisha-photos.kcdn.online/webp/21/2174c614-4fbe-4e40-b728-f77bd811ec21/3-full.jpg""]",20,95667914d6041797464343679efac2fc667c77f18cec335396588a1179d2c187,,ASTANA ELITE,True,2026-07-30,2026-07-14,2026-07-30,live,2026-08-11T07:10:08+00:00,False,address_layout_dedup,"duplicate_address_layout (street='prospekt_koshkarbaeva', house='10/1', floor='14', rooms='2', square within 1.0m2)"
1014021796,https://krisha.kz/a/show/1014021796,2-комнатная квартира · 70 м² · 11/14 этаж,300000,за месяц,4286,2,70,11,14,Saryarka_r-n,Astana,Tlendieva,38,51.190745167923,71.340041656918,8478720,,По Тлендиева,полностью,"свежий ремонт, новая мебель",,,,,"Срочно сдам в аренду новую квартиру с новой мебелью доброжелательным чистоплотным и ответственным арендатором, звонить по тел 
Сдается с сентября!","[""https://krisha-photos.kcdn.online/webp/c0/c064fe90-305a-4b7b-98df-e654fa42399a/2-full.jpg"", ""https://krisha-photos.kcdn.online/webp/c0/c064fe90-305a-4b7b-98df-e654fa42399a/3-full.jpg"", ""https://krisha-photos.kcdn.online/webp/c0/c064fe90-305a-4b7b-98df-e654fa42399a/4-full.jpg"", ""https://krisha-photos.kcdn.online/webp/c0/c064fe90-305a-4b7b-98df-e654fa42399a/5-full.jpg"", ""https://krisha-photos.kcdn.online/webp/c0/c064fe90-305a-4b7b-98df-e654fa42399a/6-full.jpg"", ""https://krisha-photos.kcdn.online/webp/c0/c064fe90-305a-4b7b-98df-e654fa42399a/7-full.jpg"", ""https://krisha-photos.kcdn.online/webp/c0/c064fe90-305a-4b7b-98df-e654fa42399a/8-full.jpg"", ""https://krisha-photos.kcdn.online/webp/c0/c064fe90-305a-4b7b-98df-e654fa42399a/9-full.jpg""]",8,0738877b6f42db8b8ad683955545578484280988ce592b33593911e3d104bbc1,,Хозяин,False,2026-07-31,2026-07-17,2026-07-31,live,2026-08-11T07:10:08+00:00,False,address_layout_dedup,"duplicate_address_layout (street='tlendieva', house='38', floor='11', rooms='2', square within 1.0m2)"
694790385,https://krisha.kz/a/show/694790385,3-комнатная квартира · 80 м² · 1/9 этаж,315000,за месяц,3938,3,80,1,9,Almaty_r-n,Astana,Kenen_Azerbaeva,16,51.124419,71.495737,,,,полностью,"не новый, но аккуратный и чистый ремонт",нет,,,,"Сдаю З х комнатную полностью мебелированную, порядочным без вредных привычек. депозит обязательно

Дом ориентировочно находится возле Магжан Жумабаева","[""https://krisha-photos.kcdn.online/webp/09/09970213-b449-4aca-8843-793e5d397370/1-full.jpg"", ""https://krisha-photos.kcdn.online/webp/09/09970213-b449-4aca-8843-793e5d397370/2-full.jpg"", ""https://krisha-photos.kcdn.online/webp/09/09970213-b449-4aca-8843-793e5d397370/3-full.jpg"", ""https://krisha-photos.kcdn.online/webp/09/09970213-b449-4aca-8843-793e5d397370/4-full.jpg"", ""https://krisha-photos.kcdn.online/webp/09/09970213-b449-4aca-8843-793e5d397370/9-full.jpg"", ""https://krisha-photos.kcdn.online/webp/09/09970213-b449-4aca-8843-793e5d397370/10-full.jpg"", ""https://krisha-photos.kcdn.online/webp/09/09970213-b449-4aca-8843-793e5d397370/11-full.jpg"", ""https://krisha-photos.kcdn.online/webp/09/09970213-b449-4aca-8843-793e5d397370/12-full.jpg"", ""https://krisha-photos.kcdn.online/webp/09/09970213-b449-4aca-8843-793e5d397370/13-full.jpg"", ""https://krisha-photos.kcdn.online/webp/09/09970213-b449-4aca-8843-793e5d397370/14-full.jpg"", ""https://krisha-photos.kcdn.online/webp/09/09970213-b449-4aca-8843-793e5d397370/15-full.jpg"", ""https://krisha-photos.kcdn.online/webp/09/09970213-b449-4aca-8843-793e5d397370/16-full.jpg"", ""https://krisha-photos.kcdn.online/webp/09/09970213-b449-4aca-8843-793e5d397370/17-full.jpg"", ""https://krisha-photos.kcdn.online/webp/09/09970213-b449-4aca-8843-793e5d397370/18-full.jpg"", ""https://krisha-photos.kcdn.online/webp/09/09970213-b449-4aca-8843-793e5d397370/19-full.jpg"", ""https://krisha-photos.kcdn.online/webp/09/09970213-b449-4aca-8843-793e5d397370/20-full.jpg"", ""https://krisha-photos.kcdn.online/webp/09/09970213-b449-4aca-8843-793e5d397370/21-full.jpg"", ""https://krisha-photos.kcdn.online/webp/09/09970213-b449-4aca-8843-793e5d397370/22-full.jpg""]",18,1167a12781c46401d82ed2f529b407fc0ebca31238e28cea9a5875ac72741d5c,,Хозяин,False,2026-07-31,2024-06-17,2026-07-31,live,2026-08-11T07:10:08+00:00,False,address_layout_dedup,"duplicate_address_layout (street='kenen_azerbaeva', house='16', floor='1', rooms='3', square within 1.0m2)"
1012791475,https://krisha.kz/a/show/1012791475,3-комнатная квартира · 110 м² · 2/10 этаж,470000,за месяц,4273,3,110,2,10,Nura_r-n,Astana,Anet_baba,3,51.131696424423,71.381808676943,10054305,amsterdam,Amsterdam,полностью,,нет,,,,"СДАМ В АРЕНДУ 3 комн квартиру, после ремонта, чистую, чистоплотным, на длительный срок, пишите. 
Показ 24/7. 
на любой срок от 1 месяца до года.","[""https://krisha-photos.kcdn.online/webp/c2/c203f47b-ac64-4ab1-9cfc-0480c6f373fe/1-full.jpg"", ""https://krisha-photos.kcdn.online/webp/c2/c203f47b-ac64-4ab1-9cfc-0480c6f373fe/2-full.jpg"", ""https://krisha-photos.kcdn.online/webp/c2/c203f47b-ac64-4ab1-9cfc-0480c6f373fe/3-full.jpg"", ""https://krisha-photos.kcdn.online/webp/c2/c203f47b-ac64-4ab1-9cfc-0480c6f373fe/4-full.jpg""]",4,0979f0de1a84a194d4631b31237586ecc4c7a4f4133f06ad7af97cd7304ea63d,,Хозяин,False,2026-08-06,2026-06-03,2026-08-06,live,2026-08-11T07:10:08+00:00,False,address_layout_dedup,"duplicate_address_layout (street='anet_baba', house='3', floor='2', rooms='3', square within 1.0m2)"
1012581957,https://krisha.kz/a/show/1012581957,3-комнатная квартира · 110 м² · 2/10 этаж,450000,за месяц,4091,3,110,2,10,Nura_r-n,Astana,Anet_baba,3,51.131696424423,71.381808676943,10054305,amsterdam,Amsterdam,частично,,нет,,,,"СДАМ В АРЕНДУ 3х комн квартиру 
платежеспосоьным, чистоплотным людям. 
Квартира чистая, просторная, Показ 24/7 
пишите 
Рядом много школ, гос. садов","[""https://krisha-photos.kcdn.online/webp/b0/b00fd8a4-e3dc-42f2-8e89-7b2dd40f143b/1-full.jpg"", ""https://krisha-photos.kcdn.online/webp/b0/b00fd8a4-e3dc-42f2-8e89-7b2dd40f143b/2-full.jpg"", ""https://krisha-photos.kcdn.online/webp/b0/b00fd8a4-e3dc-42f2-8e89-7b2dd40f143b/3-full.jpg"", ""https://krisha-photos.kcdn.online/webp/b0/b00fd8a4-e3dc-42f2-8e89-7b2dd40f143b/4-full.jpg""]",4,a6f126fe1b680d5609c0e550a8a039033e988dcef26578febdc22786fb9f9b9a,,Хозяин,False,2026-08-06,2026-05-27,2026-08-06,live,2026-08-11T07:10:08+00:00,False,address_layout_dedup,"duplicate_address_layout (street='anet_baba', house='3', floor='2', rooms='3', square within 1.0m2)"
1012975338,https://krisha.kz/a/show/1012975338,3-комнатная квартира · 110 м² · 2/10 этаж,460000,за месяц,4182,3,110,2,10,Nura_r-n,Astana,Anet_baba,3,51.131696424423,71.381808676943,10054305,amsterdam,Amsterdam,полностью,,,,,,"СДАМ В аренду 3 комн квартиру, после ремонта, чистая, ухоженная платежеспосоьным, Прописка по адресу, рядом много школ, гос. садов, Квартира уютная, просторная, кухня+ Жаровня. 
пишите видео/ фото скину 
Показ 24/7 
При ОПЛАТЕ за несколько месяцев будет скидка! 
без риэлторов","[""https://krisha-photos.kcdn.online/webp/15/151715e2-0187-45e4-99d3-c2733c04cdff/6-full.jpg"", ""https://krisha-photos.kcdn.online/webp/15/151715e2-0187-45e4-99d3-c2733c04cdff/1-full.jpg"", ""https://krisha-photos.kcdn.online/webp/15/151715e2-0187-45e4-99d3-c2733c04cdff/2-full.jpg"", ""https://krisha-photos.kcdn.online/webp/15/151715e2-0187-45e4-99d3-c2733c04cdff/3-full.jpg"", ""https://krisha-photos.kcdn.online/webp/15/151715e2-0187-45e4-99d3-c2733c04cdff/4-full.jpg"", ""https://krisha-photos.kcdn.online/webp/15/151715e2-0187-45e4-99d3-c2733c04cdff/5-full.jpg"", ""https://krisha-photos.kcdn.online/webp/15/151715e2-0187-45e4-99d3-c2733c04cdff/7-full.jpg"", ""https://krisha-photos.kcdn.online/webp/15/151715e2-0187-45e4-99d3-c2733c04cdff/8-full.jpg""]",8,a7535905c9af9d5ed0f6877590432e56c4bbda285cc3c5506d72903e81fec3d9,,Хозяин,False,2026-08-06,2026-06-10,2026-08-06,live,2026-08-11T07:10:08+00:00,False,address_layout_dedup,"duplicate_address_layout (street='anet_baba', house='3', floor='2', rooms='3', square within 1.0m2)"
1012870942,https://krisha.kz/a/show/1012870942,3-комнатная квартира · 110 м² · 2/10 этаж,460000,за месяц,4182,3,110,2,10,Nura_r-n,Astana,Anet_baba,3,51.131696424423,71.381808676943,10054305,amsterdam,Amsterdam,полностью,,нет,,,,"СРОЧНО СДАМ новую, чистую 3 комнатную, платежеспосоьным, чистоплотным, порядочным людям). 
Показ 24/7 
пишите 
при ОПЛАТЕ за несколько месяцев вперед СКИДКА.","[""https://krisha-photos.kcdn.online/webp/02/026808d4-7f39-4c74-a49e-5366bda6ba34/1-full.jpg"", ""https://krisha-photos.kcdn.online/webp/02/026808d4-7f39-4c74-a49e-5366bda6ba34/2-full.jpg"", ""https://krisha-photos.kcdn.online/webp/02/026808d4-7f39-4c74-a49e-5366bda6ba34/3-full.jpg"", ""https://krisha-photos.kcdn.online/webp/02/026808d4-7f39-4c74-a49e-5366bda6ba34/4-full.jpg""]",4,d4fb1be445e42f98ff92cae0ade02826130260e058ac53910f1c272252ccd236,,Хозяин,False,2026-08-04,2026-06-06,2026-08-04,live,2026-08-09T06:42:53+00:00,False,address_layout_dedup,"duplicate_address_layout (street='anet_baba', house='3', floor='2', rooms='3', square within 1.0m2)"
1012660855,https://krisha.kz/a/show/1012660855,3-комнатная квартира · 115 м² · 2/10 этаж,460000,за месяц,4000,3,115,2,10,Nura_r-n,Astana,Anet_baba,3,51.131696424423,71.381808676943,10054305,amsterdam,Amsterdam,частично,,нет,,,,"СДАМ В аренду 3 х комнатную квартиру на длительный срок, чистоплотным, порядочным И добрым людям. 
Квартира после ремонта никто не жил, чистая, очень уютная, рядом все школы, гос. сады, С ПРОПИСКОЙ (РЕГИСТРАЦИОННЫЙ УЧЕТ), ПОКАЗ В ЛЮБОЕ ВРЕМЯ, пишите 24/7.","[""https://krisha-photos.kcdn.online/webp/5d/5d0a1763-2b08-4f6b-880b-0ac7f0075232/10-full.jpg"", ""https://krisha-photos.kcdn.online/webp/5d/5d0a1763-2b08-4f6b-880b-0ac7f0075232/1-full.jpg"", ""https://krisha-photos.kcdn.online/webp/5d/5d0a1763-2b08-4f6b-880b-0ac7f0075232/2-full.jpg"", ""https://krisha-photos.kcdn.online/webp/5d/5d0a1763-2b08-4f6b-880b-0ac7f0075232/3-full.jpg"", ""https://krisha-photos.kcdn.online/webp/5d/5d0a1763-2b08-4f6b-880b-0ac7f0075232/4-full.jpg"", ""https://krisha-photos.kcdn.online/webp/5d/5d0a1763-2b08-4f6b-880b-0ac7f0075232/5-full.jpg"", ""https://krisha-photos.kcdn.online/webp/5d/5d0a1763-2b08-4f6b-880b-0ac7f0075232/6-full.jpg"", ""https://krisha-photos.kcdn.online/webp/5d/5d0a1763-2b08-4f6b-880b-0ac7f0075232/7-full.jpg"", ""https://krisha-photos.kcdn.online/webp/5d/5d0a1763-2b08-4f6b-880b-0ac7f0075232/8-full.jpg"", ""https://krisha-photos.kcdn.online/webp/5d/5d0a1763-2b08-4f6b-880b-0ac7f0075232/9-full.jpg"", ""https://krisha-photos.kcdn.online/webp/5d/5d0a1763-2b08-4f6b-880b-0ac7f0075232/11-full.jpg"", ""https://krisha-photos.kcdn.online/webp/5d/5d0a1763-2b08-4f6b-880b-0ac7f0075232/12-full.jpg"", ""https://krisha-photos.kcdn.online/webp/5d/5d0a1763-2b08-4f6b-880b-0ac7f0075232/13-full.jpg"", ""https://krisha-photos.kcdn.online/webp/5d/5d0a1763-2b08-4f6b-880b-0ac7f0075232/14-full.jpg"", ""https://krisha-photos.kcdn.online/webp/5d/5d0a1763-2b08-4f6b-880b-0ac7f0075232/15-full.jpg"", ""https://krisha-photos.kcdn.online/webp/5d/5d0a1763-2b08-4f6b-880b-0ac7f0075232/16-full.jpg"", ""https://krisha-photos.kcdn.online/webp/5d/5d0a1763-2b08-4f6b-880b-0ac7f0075232/17-full.jpg"", ""https://krisha-photos.kcdn.online/webp/5d/5d0a1763-2b08-4f6b-880b-0ac7f0075232/18-full.jpg""]",18,0c3b751c5f5bd4463e3aaffdebc894b2143b402eef08d30166c8ad2838bd3f48,,Хозяин,False,2026-07-30,2026-05-29,2026-07-30,live,2026-08-11T07:10:08+00:00,False,address_layout_dedup,"duplicate_address_layout (street='anet_baba', house='3', floor='2', rooms='3', square within 1.0m2)"
1012371811,https://krisha.kz/a/show/1012371811,3-комнатная квартира · 115 м² · 2/10 этаж,470000,за месяц,4087,3,115,2,10,Nura_r-n,Astana,Anet_baba,3,51.131696424423,71.381808676943,10054305,amsterdam,Amsterdam,полностью,,нет,,,,"СДАМ В АРЕНДУ помесячно, 3 комнатную квартиру, видео скину 
 24/7","[""https://krisha-photos.kcdn.online/webp/9e/9e27b3b3-f50b-4c16-b88c-8e942066e4a0/1-full.jpg"", ""https://krisha-photos.kcdn.online/webp/9e/9e27b3b3-f50b-4c16-b88c-8e942066e4a0/2-full.jpg"", ""https://krisha-photos.kcdn.online/webp/9e/9e27b3b3-f50b-4c16-b88c-8e942066e4a0/3-full.jpg""]",3,b2fbbe2f718fe079ed3d1d0a844de68b549ea01fdb2f8c55aac58662aaedd2a4,,Хозяин,False,2026-08-04,2026-05-20,2026-08-04,live,2026-08-09T06:42:53+00:00,False,address_layout_dedup,"duplicate_address_layout (street='anet_baba', house='3', floor='2', rooms='3', square within 1.0m2)"
1007890394,https://krisha.kz/a/show/1007890394,2-комнатная квартира · 56 м² · 5/9 этаж,350000,за месяц,6250,2,56,5,9,Esilyskiy_r-n,Astana,Alihana_Bokeyhanova,11/1,51.104616940386,71.43693301852,10825579,vashava,Варшава,полностью,"свежий ремонт, новая мебель",,,,,"Сдается супер Крутая квартира на долгий срок! Все как на фото, порядочным аккуратным людям! 
Торга нет, есть депозит в размере 1 месячной оплаты! +коммуналка 
Освободится 10 августа

Дом ориентировочно находится возле 25","[""https://krisha-photos.kcdn.online/webp/ea/eaea31af-6ddd-44d2-9719-64c24e5dc6a0/1-full.jpg"", ""https://krisha-photos.kcdn.online/webp/ea/eaea31af-6ddd-44d2-9719-64c24e5dc6a0/2-full.jpg"", ""https://krisha-photos.kcdn.online/webp/ea/eaea31af-6ddd-44d2-9719-64c24e5dc6a0/3-full.jpg"", ""https://krisha-photos.kcdn.online/webp/ea/eaea31af-6ddd-44d2-9719-64c24e5dc6a0/4-full.jpg"", ""https://krisha-photos.kcdn.online/webp/ea/eaea31af-6ddd-44d2-9719-64c24e5dc6a0/5-full.jpg"", ""https://krisha-photos.kcdn.online/webp/ea/eaea31af-6ddd-44d2-9719-64c24e5dc6a0/6-full.jpg"", ""https://krisha-photos.kcdn.online/webp/ea/eaea31af-6ddd-44d2-9719-64c24e5dc6a0/7-full.jpg"", ""https://krisha-photos.kcdn.online/webp/ea/eaea31af-6ddd-44d2-9719-64c24e5dc6a0/8-full.jpg"", ""https://krisha-photos.kcdn.online/webp/ea/eaea31af-6ddd-44d2-9719-64c24e5dc6a0/9-full.jpg"", ""https://krisha-photos.kcdn.online/webp/ea/eaea31af-6ddd-44d2-9719-64c24e5dc6a0/10-full.jpg"", ""https://krisha-photos.kcdn.online/webp/ea/eaea31af-6ddd-44d2-9719-64c24e5dc6a0/11-full.jpg"", ""https://krisha-photos.kcdn.online/webp/ea/eaea31af-6ddd-44d2-9719-64c24e5dc6a0/12-full.jpg"", ""https://krisha-photos.kcdn.online/webp/ea/eaea31af-6ddd-44d2-9719-64c24e5dc6a0/13-full.jpg"", ""https://krisha-photos.kcdn.online/webp/ea/eaea31af-6ddd-44d2-9719-64c24e5dc6a0/14-full.jpg"", ""https://krisha-photos.kcdn.online/webp/ea/eaea31af-6ddd-44d2-9719-64c24e5dc6a0/15-full.jpg"", ""https://krisha-photos.kcdn.online/webp/ea/eaea31af-6ddd-44d2-9719-64c24e5dc6a0/16-full.jpg"", ""https://krisha-photos.kcdn.online/webp/ea/eaea31af-6ddd-44d2-9719-64c24e5dc6a0/17-full.jpg"", ""https://krisha-photos.kcdn.online/webp/ea/eaea31af-6ddd-44d2-9719-64c24e5dc6a0/18-full.jpg"", ""https://krisha-photos.kcdn.online/webp/ea/eaea31af-6ddd-44d2-9719-64c24e5dc6a0/19-full.jpg"", ""https://krisha-photos.kcdn.online/webp/ea/eaea31af-6ddd-44d2-9719-64c24e5dc6a0/20-full.jpg"", ""https://krisha-photos.kcdn.online/webp/ea/eaea31af-6ddd-44d2-9719-64c24e5dc6a0/21-full.jpg""]",21,afa017089ed51998949b0419103738bfbecba46b80312bcf1a23e00ec978d374,,Хозяин,False,2026-08-04,2025-12-10,2026-08-04,live,2026-08-09T06:42:53+00:00,False,address_layout_dedup,"duplicate_address_layout (street='alihana_bokeyhanova', house='11/1', floor='5', rooms='2', square within 1.0m2)"
1014119861,https://krisha.kz/a/show/1014119861,2-комнатная квартира · 60 м² · 6/9 этаж,270000,за месяц,4500,2,60,6,9,Almaty_r-n,Astana,A__Baytursynova,40,51.11240799858,71.542991145769,8640522,altynotau,Алтын Отау,полностью,"не новый, но аккуратный и чистый ремонт",,,,,,"[""https://krisha-photos.kcdn.online/webp/0a/0aa9ce32-806b-4836-917a-635c8434477a/1-full.jpg"", ""https://krisha-photos.kcdn.online/webp/0a/0aa9ce32-806b-4836-917a-635c8434477a/2-full.jpg"", ""https://krisha-photos.kcdn.online/webp/0a/0aa9ce32-806b-4836-917a-635c8434477a/3-full.jpg"", ""https://krisha-photos.kcdn.online/webp/0a/0aa9ce32-806b-4836-917a-635c8434477a/4-full.jpg"", ""https://krisha-photos.kcdn.online/webp/0a/0aa9ce32-806b-4836-917a-635c8434477a/5-full.jpg"", ""https://krisha-photos.kcdn.online/webp/0a/0aa9ce32-806b-4836-917a-635c8434477a/6-full.jpg"", ""https://krisha-photos.kcdn.online/webp/0a/0aa9ce32-806b-4836-917a-635c8434477a/7-full.jpg"", ""https://krisha-photos.kcdn.online/webp/0a/0aa9ce32-806b-4836-917a-635c8434477a/8-full.jpg"", ""https://krisha-photos.kcdn.online/webp/0a/0aa9ce32-806b-4836-917a-635c8434477a/9-full.jpg""]",9,eb20f25ee81672c0806090afa3373a5507f7b33767e66116d8b74baab29417af,,Хозяин,False,2026-08-04,2026-07-21,2026-08-04,live,2026-08-09T06:42:53+00:00,False,address_layout_dedup,"duplicate_address_layout (street='a__baytursynova', house='40', floor='6', rooms='2', square within 1.0m2)"
1014310743,https://krisha.kz/a/show/1014310743,2-комнатная квартира · 52 м² · 8/9 этаж,350000,за месяц,6731,2,52,8,9,Esilyskiy_r-n,Astana,E-321,6/2,51.064988472899,71.424625808183,17005951,aisar,Aisar,полностью,"свежий ремонт, новая мебель",,,,,"🏡 Сдается уютная 2-комнатная квартира в районе Новой мечети 
 
Сдается светлая и уютная 2-комнатная квартира площадью 52 м² с новым современным ремонтом. Квартира полностью готова к комфортному проживанию — заезжай и живи! 
 
✅ Полностью меблирована 
✅ Вся необходимая бытовая техника 
✅ Свежий современный ремонт 
✅ Чистая, уютная, ранее бережно эксплуатировалась 
 
📍 Отличное расположение. В шаговой доступности находятся детский сад, школы, магазины, аптеки, сквер, автобусные остановки и все необходимое для комфортной жизни. 
 
💰 Стоимость аренды: 350 000 ₸/месяц + коммунальные услуги. 
🔒 Возвратный депозит: 350 000 ₸. 
 
Ищем аккуратных, порядочных и платежеспособных арендаторов, которые будут бережно относиться к квартире. 
 
Собственник. Без комиссии и посредников. 
Риелторов просьба не беспокоить. 
 
📞 Телефон:

Дом ориентировочно находится возле Новая мечеть","[""https://krisha-photos.kcdn.online/webp/0e/0ea7544e-bf82-490f-bbb9-c2b28d675e34/2-full.jpg"", ""https://krisha-photos.kcdn.online/webp/0e/0ea7544e-bf82-490f-bbb9-c2b28d675e34/1-full.jpg"", ""https://krisha-photos.kcdn.online/webp/0e/0ea7544e-bf82-490f-bbb9-c2b28d675e34/3-full.jpg"", ""https://krisha-photos.kcdn.online/webp/0e/0ea7544e-bf82-490f-bbb9-c2b28d675e34/4-full.jpg"", ""https://krisha-photos.kcdn.online/webp/0e/0ea7544e-bf82-490f-bbb9-c2b28d675e34/5-full.jpg"", ""https://krisha-photos.kcdn.online/webp/0e/0ea7544e-bf82-490f-bbb9-c2b28d675e34/6-full.jpg"", ""https://krisha-photos.kcdn.online/webp/0e/0ea7544e-bf82-490f-bbb9-c2b28d675e34/7-full.jpg"", ""https://krisha-photos.kcdn.online/webp/0e/0ea7544e-bf82-490f-bbb9-c2b28d675e34/8-full.jpg"", ""https://krisha-photos.kcdn.online/webp/0e/0ea7544e-bf82-490f-bbb9-c2b28d675e34/9-full.jpg"", ""https://krisha-photos.kcdn.online/webp/0e/0ea7544e-bf82-490f-bbb9-c2b28d675e34/10-full.jpg"", ""https://krisha-photos.kcdn.online/webp/0e/0ea7544e-bf82-490f-bbb9-c2b28d675e34/11-full.jpg"", ""https://krisha-photos.kcdn.online/webp/0e/0ea7544e-bf82-490f-bbb9-c2b28d675e34/12-full.jpg"", ""https://krisha-photos.kcdn.online/webp/0e/0ea7544e-bf82-490f-bbb9-c2b28d675e34/13-full.jpg"", ""https://krisha-photos.kcdn.online/webp/0e/0ea7544e-bf82-490f-bbb9-c2b28d675e34/14-full.jpg""]",14,bc2a67f44710633baf5d5a0c0a77812f0c2c274e766b41e13122c0a9fc2fe2ea,,Хозяин,False,2026-08-04,2026-07-27,2026-08-04,live,2026-08-09T06:42:53+00:00,False,address_layout_dedup,"duplicate_address_layout (street='e-321', house='6/2', floor='8', rooms='2', square within 1.0m2)"
1014294745,https://krisha.kz/a/show/1014294745,2-комнатная квартира · 53 м² · 8/9 этаж,300000,за месяц,5660,2,53,8,9,Esilyskiy_r-n,Astana,E-321,6/2,51.063499269664,71.423041552921,17005951,aisar,Aisar,полностью,"свежий ремонт, новая мебель",нет,,,,"Квартира ранее не сдавалась ! 
Тихий, спокойный район. 
Школы, садики в пешей доступности. 
Экспо 5 минут 
Все необходимое для проживания в квартире есть.

Дом ориентировочно находится возле Отличный Вариант !","[""https://krisha-photos.kcdn.online/webp/9c/9c79e925-67c4-423f-9b32-356a3aa05f23/1-full.jpg"", ""https://krisha-photos.kcdn.online/webp/9c/9c79e925-67c4-423f-9b32-356a3aa05f23/2-full.jpg"", ""https://krisha-photos.kcdn.online/webp/9c/9c79e925-67c4-423f-9b32-356a3aa05f23/3-full.jpg"", ""https://krisha-photos.kcdn.online/webp/9c/9c79e925-67c4-423f-9b32-356a3aa05f23/4-full.jpg"", ""https://krisha-photos.kcdn.online/webp/9c/9c79e925-67c4-423f-9b32-356a3aa05f23/5-full.jpg"", ""https://krisha-photos.kcdn.online/webp/9c/9c79e925-67c4-423f-9b32-356a3aa05f23/6-full.jpg"", ""https://krisha-photos.kcdn.online/webp/9c/9c79e925-67c4-423f-9b32-356a3aa05f23/7-full.jpg""]",7,dad4b1a32d2a142fcce4670b297c237ad89ba46579a39a0d0705890a1f2a6b8f,,"Алтынбеков Ильяс, компания «Royal Invest»",False,2026-08-02,2026-07-27,2026-08-02,live,2026-08-09T06:42:53+00:00,False,address_layout_dedup,"duplicate_address_layout (street='e-321', house='6/2', floor='8', rooms='2', square within 1.0m2)"
1014170566,https://krisha.kz/a/show/1014170566,2-комнатная квартира · 65 м² · 7/16 этаж,320000,за месяц,4923,2,65,7,16,Nura_r-n,Astana,Kazybek_bi,41/1,51.097169,71.382253,,,,полностью,,,,,,"ЖК Salman City-1 
 
Квартира новая, ранее не сдавалась. просторная, чистая, уютная, качественная отделка, новая мебель и бытовая техника. есть всё необходимое для комфортного проживания. 
2 санузла, 2 лоджии, гардеробная. 
Предпочтения для работающих, платёжеспособных, порядочных арендаторов. Без животных. Курить в квартире нельзя 
💵Цена: 320.000 + ком услуги 
💵Депозит: 70тыс

Дом ориентировочно находится возле Улы Дала","[""https://krisha-photos.kcdn.online/webp/f3/f37761ed-ee8c-43d1-a724-808c25654ddc/11-full.jpg"", ""https://krisha-photos.kcdn.online/webp/f3/f37761ed-ee8c-43d1-a724-808c25654ddc/12-full.jpg"", ""https://krisha-photos.kcdn.online/webp/f3/f37761ed-ee8c-43d1-a724-808c25654ddc/13-full.jpg"", ""https://krisha-photos.kcdn.online/webp/f3/f37761ed-ee8c-43d1-a724-808c25654ddc/14-full.jpg"", ""https://krisha-photos.kcdn.online/webp/f3/f37761ed-ee8c-43d1-a724-808c25654ddc/15-full.jpg"", ""https://krisha-photos.kcdn.online/webp/f3/f37761ed-ee8c-43d1-a724-808c25654ddc/16-full.jpg"", ""https://krisha-photos.kcdn.online/webp/f3/f37761ed-ee8c-43d1-a724-808c25654ddc/17-full.jpg"", ""https://krisha-photos.kcdn.online/webp/f3/f37761ed-ee8c-43d1-a724-808c25654ddc/18-full.jpg""]",8,d680b97c8396d4ba26833550acbd97fd61d74af6ade5d604c5636df70ed757b3,,"Разномасцева Ольга, компания «+ Империал»",False,2026-08-03,2026-07-22,2026-08-03,live,2026-08-09T06:42:53+00:00,False,address_layout_dedup,"duplicate_address_layout (street='kazybek_bi', house='41/1', floor='7', rooms='2', square within 1.0m2)"
1011743959,https://krisha.kz/a/show/1011743959,3-комнатная квартира · 105 м² · 15/16 этаж,1300000,за месяц,12381,3,105,15,16,Esilyskiy_r-n,Astana,Turan,22/1,51.139353355902,71.410614426856,8698286,grandopera,Grand Opera,полностью,"свежий ремонт, новая мебель",,,,,"Шикарный вид в обе стороны. 
Отличные соседи. 
Рядом Астана Опера, Хан-Шатыр, ТРЦ Сарыарка. 
Срочно!","[""https://krisha-photos.kcdn.online/webp/9e/9e8db20d-dd36-4a26-b5e6-202b101d440e/9-full.jpg"", ""https://krisha-photos.kcdn.online/webp/9e/9e8db20d-dd36-4a26-b5e6-202b101d440e/5-full.jpg"", ""https://krisha-photos.kcdn.online/webp/9e/9e8db20d-dd36-4a26-b5e6-202b101d440e/1-full.jpg"", ""https://krisha-photos.kcdn.online/webp/9e/9e8db20d-dd36-4a26-b5e6-202b101d440e/2-full.jpg"", ""https://krisha-photos.kcdn.online/webp/9e/9e8db20d-dd36-4a26-b5e6-202b101d440e/3-full.jpg"", ""https://krisha-photos.kcdn.online/webp/9e/9e8db20d-dd36-4a26-b5e6-202b101d440e/4-full.jpg"", ""https://krisha-photos.kcdn.online/webp/9e/9e8db20d-dd36-4a26-b5e6-202b101d440e/6-full.jpg"", ""https://krisha-photos.kcdn.online/webp/9e/9e8db20d-dd36-4a26-b5e6-202b101d440e/7-full.jpg"", ""https://krisha-photos.kcdn.online/webp/9e/9e8db20d-dd36-4a26-b5e6-202b101d440e/8-full.jpg"", ""https://krisha-photos.kcdn.online/webp/9e/9e8db20d-dd36-4a26-b5e6-202b101d440e/10-full.jpg"", ""https://krisha-photos.kcdn.online/webp/9e/9e8db20d-dd36-4a26-b5e6-202b101d440e/11-full.jpg"", ""https://krisha-photos.kcdn.online/webp/9e/9e8db20d-dd36-4a26-b5e6-202b101d440e/12-full.jpg"", ""https://krisha-photos.kcdn.online/webp/9e/9e8db20d-dd36-4a26-b5e6-202b101d440e/13-full.jpg"", ""https://krisha-photos.kcdn.online/webp/9e/9e8db20d-dd36-4a26-b5e6-202b101d440e/14-full.jpg"", ""https://krisha-photos.kcdn.online/webp/9e/9e8db20d-dd36-4a26-b5e6-202b101d440e/15-full.jpg"", ""https://krisha-photos.kcdn.online/webp/9e/9e8db20d-dd36-4a26-b5e6-202b101d440e/16-full.jpg"", ""https://krisha-photos.kcdn.online/webp/9e/9e8db20d-dd36-4a26-b5e6-202b101d440e/17-full.jpg"", ""https://krisha-photos.kcdn.online/webp/9e/9e8db20d-dd36-4a26-b5e6-202b101d440e/18-full.jpg"", ""https://krisha-photos.kcdn.online/webp/9e/9e8db20d-dd36-4a26-b5e6-202b101d440e/19-full.jpg"", ""https://krisha-photos.kcdn.online/webp/9e/9e8db20d-dd36-4a26-b5e6-202b101d440e/20-full.jpg"", ""https://krisha-photos.kcdn.online/webp/9e/9e8db20d-dd36-4a26-b5e6-202b101d440e/21-full.jpg""]",21,84655b5bca029db09ef0a5264a1a24930b666f87c57d3109e456a9e7bde22406,,Хозяин,False,2026-08-03,2026-04-28,2026-08-03,live,2026-08-06T07:16:16+00:00,False,address_layout_dedup,"duplicate_address_layout (street='turan', house='22/1', floor='15', rooms='3', square within 1.0m2)"
1013522941,https://krisha.kz/a/show/1013522941,3-комнатная квартира · 100 м² · 3/8 этаж,600000,за месяц,6000,3,100,3,8,Esilyskiy_r-n,Astana,E-809,1,51.095792807351,71.435935546261,10143281,queens,Queens,полностью,"свежий ремонт, новая мебель",нет,,,,"Квартира готова к заезду 
- на площадке две квартиры 
- дом бизнес+ класса 
Рассматривают семью с одним ребенком взрослым либо семья без детей квартира шикарная","[""https://krisha-photos.kcdn.online/webp/fa/fa5a3154-4a49-451e-a6a7-a6f620d711ed/13-full.jpg"", ""https://krisha-photos.kcdn.online/webp/fa/fa5a3154-4a49-451e-a6a7-a6f620d711ed/14-full.jpg"", ""https://krisha-photos.kcdn.online/webp/fa/fa5a3154-4a49-451e-a6a7-a6f620d711ed/15-full.jpg"", ""https://krisha-photos.kcdn.online/webp/fa/fa5a3154-4a49-451e-a6a7-a6f620d711ed/16-full.jpg"", ""https://krisha-photos.kcdn.online/webp/fa/fa5a3154-4a49-451e-a6a7-a6f620d711ed/17-full.jpg"", ""https://krisha-photos.kcdn.online/webp/fa/fa5a3154-4a49-451e-a6a7-a6f620d711ed/18-full.jpg"", ""https://krisha-photos.kcdn.online/webp/fa/fa5a3154-4a49-451e-a6a7-a6f620d711ed/19-full.jpg"", ""https://krisha-photos.kcdn.online/webp/fa/fa5a3154-4a49-451e-a6a7-a6f620d711ed/20-full.jpg"", ""https://krisha-photos.kcdn.online/webp/fa/fa5a3154-4a49-451e-a6a7-a6f620d711ed/21-full.jpg"", ""https://krisha-photos.kcdn.online/webp/fa/fa5a3154-4a49-451e-a6a7-a6f620d711ed/22-full.jpg""]",10,2138f899c6333d6ebe48ae067c230d95bb04332d25364c7909ec2de983e41b67,,"Байкасов Еламан, компания «Қасымқанов Бекарыс»",False,2026-08-06,2026-06-29,2026-08-06,live,2026-08-09T06:42:53+00:00,False,address_layout_dedup,"duplicate_address_layout (street='e-809', house='1', floor='3', rooms='3', square within 1.0m2)"
1014111775,https://krisha.kz/a/show/1014111775,1-комнатная квартира · 39 м² · 7/8 этаж,200000,за месяц,5128,1,39,7,8,Esilyskiy_r-n,Astana,Zhoshy_han,6,51.095656481051,71.438117216725,8698394,adal,Adal,,"свежий ремонт, новая мебель",нет,,,,"Сдаётся чистая уютная квартира на длительный срок. 
В районе Экспо 
ТРЦ Mega Silk way 
Квартира сдаётся некурящим, работающим арендаторам. 
Предпочтительно семейной паре без детей. 
Без домашних животных. 
Условия аренды: 
Арендная плата — 200 000 тг в месяц; 
Коммунальные услуги оплачиваются отдельно; 
Депозит — 100 000 тг;

Дом ориентировочно находится возле Бухар жырау","[""https://krisha-photos.kcdn.online/webp/2d/2d7d638b-5b56-4116-9850-efab9ae0efa3/1-full.jpg"", ""https://krisha-photos.kcdn.online/webp/2d/2d7d638b-5b56-4116-9850-efab9ae0efa3/2-full.jpg"", ""https://krisha-photos.kcdn.online/webp/2d/2d7d638b-5b56-4116-9850-efab9ae0efa3/3-full.jpg"", ""https://krisha-photos.kcdn.online/webp/2d/2d7d638b-5b56-4116-9850-efab9ae0efa3/4-full.jpg""]",4,f0d864563fabf809e1a5d5a87f1673957a8d73ef37de2385e73ee6187e120736,,Сарсембаева Гаухар,False,2026-08-03,2026-07-20,2026-08-03,live,2026-08-11T07:10:08+00:00,False,address_layout_dedup,"duplicate_address_layout (street='zhoshy_han', house='6', floor='7', rooms='1', square within 1.0m2)"
1005069888,https://krisha.kz/a/show/1005069888,1-комнатная квартира · 45 м² · 8/9 этаж,330000,за месяц,7333,1,45,8,9,Esilyskiy_r-n,Astana,Orynbor,16,51.107706147158,71.435079570001,15224169,asylymprime,Asylym Prime,полностью,"свежий ремонт, новая мебель",,,,,"сдам 1 ком кв, в ЖК Асылым прайм, 8 этаж, все новое, имеется возвратный депозит в размере месячной оплаты, на длительный срок, без животных, не курящим, 330 тыс + ком услуги

Дом ориентировочно находится возле Алихана Бокейханова","[""https://krisha-photos.kcdn.online/webp/89/8905bcf1-d50b-409e-9196-11db73149430/1-full.jpg"", ""https://krisha-photos.kcdn.online/webp/89/8905bcf1-d50b-409e-9196-11db73149430/2-full.jpg"", ""https://krisha-photos.kcdn.online/webp/89/8905bcf1-d50b-409e-9196-11db73149430/3-full.jpg"", ""https://krisha-photos.kcdn.online/webp/89/8905bcf1-d50b-409e-9196-11db73149430/4-full.jpg"", ""https://krisha-photos.kcdn.online/webp/89/8905bcf1-d50b-409e-9196-11db73149430/5-full.jpg""]",5,2e7c47fb5c51e538e19479f4253579f48614c5aac9448c176612d652384e9a31,,Хозяин,False,2026-08-03,2025-09-05,2026-08-03,live,2026-08-09T06:42:53+00:00,False,address_layout_dedup,"duplicate_address_layout (street='orynbor', house='16', floor='8', rooms='1', square within 1.0m2)"
1014114342,https://krisha.kz/a/show/1014114342,2-комнатная квартира · 70 м² · 7 этаж,500000,за месяц,7143,2,70,7,,Sarayshyk_r-n,Astana,Shamshi_Kaldayakov,8,51.117574265441,71.46180145067,11463758,monaco,Monaco Residence,полностью,"свежий ремонт, новая мебель",,,,,"Сдается просторная квартира с середины августа. 
 
Сдается уютная квартира площадью 70 м² с прекрасным панорамным видом из окон. 
 
✔️ Только на длительный срок. 
✔️ Предпочтительно семейной паре или одному человеку. 
✔️ Депозит — 500 000 ₸ (возвращается при соблюдении условий договора). 
 
Квартира чистая, светлая и полностью готова к проживанию. Ищем аккуратных и ответственных арендаторов, которые будут бережно относиться к жилью. 
 
По всем вопросам звоните или пишите.","[""https://krisha-photos.kcdn.online/webp/1b/1b45f20f-c8d8-4436-ac0f-07d1f88293e3/1-full.jpg"", ""https://krisha-photos.kcdn.online/webp/1b/1b45f20f-c8d8-4436-ac0f-07d1f88293e3/2-full.jpg"", ""https://krisha-photos.kcdn.online/webp/1b/1b45f20f-c8d8-4436-ac0f-07d1f88293e3/3-full.jpg"", ""https://krisha-photos.kcdn.online/webp/1b/1b45f20f-c8d8-4436-ac0f-07d1f88293e3/4-full.jpg"", ""https://krisha-photos.kcdn.online/webp/1b/1b45f20f-c8d8-4436-ac0f-07d1f88293e3/5-full.jpg""]",5,4e740d9a80bdbb4f7017b73c4852771c93fd9e797bc7401cb3e97622cc5a2911,,Хозяин,False,2026-08-03,2026-07-20,2026-08-03,live,2026-08-09T05:49:34+00:00,False,address_layout_dedup,"duplicate_address_layout (street='shamshi_kaldayakov', house='8', floor='7', rooms='2', square within 1.0m2)"
691924385,https://krisha.kz/a/show/691924385,1-комнатная квартира · 40 м²,450000,за месяц,8250,1,40,,,Esilyskiy_r-n,Astana,Uly_dala,31/1,51.101095431211,71.399644512123,10915321,alpamys,Alpamys,полностью,"свежий ремонт, новая мебель",нет,,,,"Сдаются 1-но комнатные апартаменты, на длительный, краткосрочный срок в респектабельном районе в центре левого берега г. Астана. В квартире имеется вся бытовая техника, мебель, постельные и банные принадлежности для комфортного проживания. 
Фотографии соответствуют реальности, имеется также кофе машина. Коммунальные услуги входят в стоимость аренды. 
Возвратный депозит 20 000тенге.

Дом ориентировочно находится возле Кабанбай батыра","[""https://krisha-photos.kcdn.online/webp/2b/2b37ab9a-1a4d-4236-a4fa-114872760151/1-full.jpg"", ""https://krisha-photos.kcdn.online/webp/2b/2b37ab9a-1a4d-4236-a4fa-114872760151/2-full.jpg"", ""https://krisha-photos.kcdn.online/webp/2b/2b37ab9a-1a4d-4236-a4fa-114872760151/3-full.jpg"", ""https://krisha-photos.kcdn.online/webp/2b/2b37ab9a-1a4d-4236-a4fa-114872760151/4-full.jpg"", ""https://krisha-photos.kcdn.online/webp/2b/2b37ab9a-1a4d-4236-a4fa-114872760151/5-full.jpg"", ""https://krisha-photos.kcdn.online/webp/2b/2b37ab9a-1a4d-4236-a4fa-114872760151/6-full.jpg"", ""https://krisha-photos.kcdn.online/webp/2b/2b37ab9a-1a4d-4236-a4fa-114872760151/7-full.jpg"", ""https://krisha-photos.kcdn.online/webp/2b/2b37ab9a-1a4d-4236-a4fa-114872760151/8-full.jpg"", ""https://krisha-photos.kcdn.online/webp/2b/2b37ab9a-1a4d-4236-a4fa-114872760151/9-full.jpg""]",9,f85db2f9028936d7910e588609c831efd53bb3f9859a0351e3f6cb15571983c0,,Хозяин,False,2026-08-03,2024-03-05,2026-08-03,live,2026-08-09T06:42:53+00:00,False,address_layout_dedup,"duplicate_address_layout (street='uly_dala', house='31/1', floor='', rooms='1', square within 1.0m2)"
1011868253,https://krisha.kz/a/show/1011868253,1-комнатная квартира · 37.51 м² · 15/22 этаж,300000,за месяц,7998,1,37.51,15,22,Nura_r-n,Astana,Turan,57/1,51.107099886527,71.396269688327,21017173,,,полностью,"свежий ремонт, новая мебель",,,,,"Сдаётся уютная и качественная однокомнатная квартира. Квартира в отличном состоянии, чистая, светлая и полностью готова к проживанию. Сделан современный ремонт, всё продумано для комфорта: удобная мебель, функциональная кухня, исправная техника, сантехника Grohe, ролл шторы на окнах, встроенный фильтр для воды. Также будет поставлен кондиционер ближе к лету. 
 
В квартире есть всё необходимое: холодильник, плита, стиральная машина, интернет. Просторная комната, достаточно места для хранения вещей. 
 
Дом находится в хорошем районе с развитой инфраструктурой: рядом магазины, аптеки, остановка общественного транспорта, Барыс и Астана арена. Удобная транспортная доступность. 
 
Уютный двор, быстрые лифты, фейс айди и электронный замок. 
 
Подойдёт для одного человека или пары. Сдаётся на длительный срок. Аккуратным и ответственным жильцам. 
 
По всем вопросам — пишите или звоните, объявление от хозяина квартиры. 
 
риэлторов просьба НЕ БЕСКПОКОИТЬ! 
цена аренды + квартплата отдельно 
депозит.

Дом ориентировочно находится возле Туран-Бухар жырау","[""https://krisha-photos.kcdn.online/webp/7b/7bd6caed-0c15-40fa-9607-11a418fccd83/1-full.jpg"", ""https://krisha-photos.kcdn.online/webp/7b/7bd6caed-0c15-40fa-9607-11a418fccd83/2-full.jpg"", ""https://krisha-photos.kcdn.online/webp/7b/7bd6caed-0c15-40fa-9607-11a418fccd83/3-full.jpg"", ""https://krisha-photos.kcdn.online/webp/7b/7bd6caed-0c15-40fa-9607-11a418fccd83/4-full.jpg"", ""https://krisha-photos.kcdn.online/webp/7b/7bd6caed-0c15-40fa-9607-11a418fccd83/5-full.jpg"", ""https://krisha-photos.kcdn.online/webp/7b/7bd6caed-0c15-40fa-9607-11a418fccd83/6-full.jpg"", ""https://krisha-photos.kcdn.online/webp/7b/7bd6caed-0c15-40fa-9607-11a418fccd83/7-full.jpg"", ""https://krisha-photos.kcdn.online/webp/7b/7bd6caed-0c15-40fa-9607-11a418fccd83/8-full.jpg"", ""https://krisha-photos.kcdn.online/webp/7b/7bd6caed-0c15-40fa-9607-11a418fccd83/9-full.jpg"", ""https://krisha-photos.kcdn.online/webp/7b/7bd6caed-0c15-40fa-9607-11a418fccd83/10-full.jpg""]",10,eba9061ba6bce939af9eb7cd1d9aa646efde4c8cf7778fc8b3c16a2c380bec51,,Хозяин,False,2026-08-03,2026-05-02,2026-08-03,live,2026-08-09T06:42:53+00:00,False,address_layout_dedup,"duplicate_address_layout (street='turan', house='57/1', floor='15', rooms='1', square within 1.0m2)"
1010523547,https://krisha.kz/a/show/1010523547,1-комнатная квартира · 30 м² · 1 этаж,160000,за месяц,5333,1,30,1,,Nura_r-n,Astana,Mahambet,17,51.124458891757,71.251309972351,,,,полностью,,,,,,"мкр. УРКЕР❗️❗️❗️Срочно! Сдадим двухкомнатную квартиру в частном доме. Центральное отопление, горячая вода, интернет. 
Мебель, техника. Квартплата + комуслуга Отдельно. 
*Рядом- 12 поликлиника, Садик Нурсауле, 69 школа, магазин, аллея для прогулок* Депозит: 70 тысяч.","[""https://krisha-photos.kcdn.online/webp/ce/ce0602c0-7415-434c-8187-eb774e0778fe/11-full.jpg"", ""https://krisha-photos.kcdn.online/webp/ce/ce0602c0-7415-434c-8187-eb774e0778fe/1-full.jpg"", ""https://krisha-photos.kcdn.online/webp/ce/ce0602c0-7415-434c-8187-eb774e0778fe/2-full.jpg"", ""https://krisha-photos.kcdn.online/webp/ce/ce0602c0-7415-434c-8187-eb774e0778fe/3-full.jpg"", ""https://krisha-photos.kcdn.online/webp/ce/ce0602c0-7415-434c-8187-eb774e0778fe/4-full.jpg"", ""https://krisha-photos.kcdn.online/webp/ce/ce0602c0-7415-434c-8187-eb774e0778fe/5-full.jpg"", ""https://krisha-photos.kcdn.online/webp/ce/ce0602c0-7415-434c-8187-eb774e0778fe/6-full.jpg"", ""https://krisha-photos.kcdn.online/webp/ce/ce0602c0-7415-434c-8187-eb774e0778fe/7-full.jpg"", ""https://krisha-photos.kcdn.online/webp/ce/ce0602c0-7415-434c-8187-eb774e0778fe/8-full.jpg"", ""https://krisha-photos.kcdn.online/webp/ce/ce0602c0-7415-434c-8187-eb774e0778fe/9-full.jpg"", ""https://krisha-photos.kcdn.online/webp/ce/ce0602c0-7415-434c-8187-eb774e0778fe/10-full.jpg"", ""https://krisha-photos.kcdn.online/webp/ce/ce0602c0-7415-434c-8187-eb774e0778fe/12-full.jpg"", ""https://krisha-photos.kcdn.online/webp/ce/ce0602c0-7415-434c-8187-eb774e0778fe/13-full.jpg""]",13,5fb26d93167b4fcc45c02fc79c0d1c1c53fb91a7804543215c6b245b673b3a88,,Хозяин,False,2026-08-03,2026-03-17,2026-08-03,live,2026-08-09T06:42:53+00:00,False,address_layout_dedup,"duplicate_address_layout (street='mahambet', house='17', floor='1', rooms='1', square within 1.0m2)"
1002336289,https://krisha.kz/a/show/1002336289,1-комнатная квартира · 39 м² · 13/16 этаж,230000,за месяц,5897,1,39,13,16,Esilyskiy_r-n,Astana,Uly_Dala,57,51.094569132286,71.437169552242,8478510,sozvezdie,Созвездие,полностью,"не новый, но аккуратный и чистый ремонт",,,,,"Сдаётся однокомнатная квартира в ЖК Созвездие. 
Закрытый двор на пандусе, паркинг, два лифта. 
Окна выходят на восток, хороший вид из окна. 
В квартире есть все для удобства: холодильник, новая стиральная машина, сушилка, гладильная доска, утюг. 
 Хорошая локация, легко добраться на правый берег.возвратный депозит 50000 тенге

Дом ориентировочно находится возле Жошы Хан","[""https://krisha-photos.kcdn.online/webp/51/51b86761-57f1-4e33-a413-ba1ebb601b67/1-full.jpg"", ""https://krisha-photos.kcdn.online/webp/51/51b86761-57f1-4e33-a413-ba1ebb601b67/2-full.jpg"", ""https://krisha-photos.kcdn.online/webp/51/51b86761-57f1-4e33-a413-ba1ebb601b67/4-full.jpg"", ""https://krisha-photos.kcdn.online/webp/51/51b86761-57f1-4e33-a413-ba1ebb601b67/5-full.jpg"", ""https://krisha-photos.kcdn.online/webp/51/51b86761-57f1-4e33-a413-ba1ebb601b67/8-full.jpg"", ""https://krisha-photos.kcdn.online/webp/51/51b86761-57f1-4e33-a413-ba1ebb601b67/9-full.jpg"", ""https://krisha-photos.kcdn.online/webp/51/51b86761-57f1-4e33-a413-ba1ebb601b67/10-full.jpg"", ""https://krisha-photos.kcdn.online/webp/51/51b86761-57f1-4e33-a413-ba1ebb601b67/11-full.jpg"", ""https://krisha-photos.kcdn.online/webp/51/51b86761-57f1-4e33-a413-ba1ebb601b67/12-full.jpg"", ""https://krisha-photos.kcdn.online/webp/51/51b86761-57f1-4e33-a413-ba1ebb601b67/13-full.jpg"", ""https://krisha-photos.kcdn.online/webp/51/51b86761-57f1-4e33-a413-ba1ebb601b67/14-full.jpg"", ""https://krisha-photos.kcdn.online/webp/51/51b86761-57f1-4e33-a413-ba1ebb601b67/15-full.jpg"", ""https://krisha-photos.kcdn.online/webp/51/51b86761-57f1-4e33-a413-ba1ebb601b67/16-full.jpg"", ""https://krisha-photos.kcdn.online/webp/51/51b86761-57f1-4e33-a413-ba1ebb601b67/17-full.jpg"", ""https://krisha-photos.kcdn.online/webp/51/51b86761-57f1-4e33-a413-ba1ebb601b67/18-full.jpg"", ""https://krisha-photos.kcdn.online/webp/51/51b86761-57f1-4e33-a413-ba1ebb601b67/19-full.jpg"", ""https://krisha-photos.kcdn.online/webp/51/51b86761-57f1-4e33-a413-ba1ebb601b67/20-full.jpg"", ""https://krisha-photos.kcdn.online/webp/51/51b86761-57f1-4e33-a413-ba1ebb601b67/21-full.jpg"", ""https://krisha-photos.kcdn.online/webp/51/51b86761-57f1-4e33-a413-ba1ebb601b67/22-full.jpg"", ""https://krisha-photos.kcdn.online/webp/51/51b86761-57f1-4e33-a413-ba1ebb601b67/23-full.jpg"", ""https://krisha-photos.kcdn.online/webp/51/51b86761-57f1-4e33-a413-ba1ebb601b67/24-full.jpg""]",21,cf0801c16734c8ef4761f07785cb0d5804e0cecbd2cc4c4458a167b23e14d5d1,,Хозяин,False,2026-08-03,2025-06-06,2026-08-03,live,2026-08-09T06:42:53+00:00,False,address_layout_dedup,"duplicate_address_layout (street='uly_dala', house='57', floor='13', rooms='1', square within 1.0m2)"
694965533,https://krisha.kz/a/show/694965533,2-комнатная квартира · 50 м² · 4/24 этаж,350000,за месяц,7000,2,50,4,24,Almaty_r-n,Astana,Nazhimedenova,4,51.120199108238,71.459395349496,8477038,,Highvill Ishim,полностью,"не новый, но аккуратный и чистый ремонт",,,,,"Сдам 2 ком квартиру на длительный срок 
Требуются чистота, своевременная оплата 
Сдоется 20 августа","[""https://krisha-photos.kcdn.online/webp/c4/c4d8f506-662a-4621-9fd8-86b01097c657/1-full.jpg"", ""https://krisha-photos.kcdn.online/webp/c4/c4d8f506-662a-4621-9fd8-86b01097c657/2-full.jpg"", ""https://krisha-photos.kcdn.online/webp/c4/c4d8f506-662a-4621-9fd8-86b01097c657/3-full.jpg"", ""https://krisha-photos.kcdn.online/webp/c4/c4d8f506-662a-4621-9fd8-86b01097c657/4-full.jpg"", ""https://krisha-photos.kcdn.online/webp/c4/c4d8f506-662a-4621-9fd8-86b01097c657/5-full.jpg"", ""https://krisha-photos.kcdn.online/webp/c4/c4d8f506-662a-4621-9fd8-86b01097c657/6-full.jpg"", ""https://krisha-photos.kcdn.online/webp/c4/c4d8f506-662a-4621-9fd8-86b01097c657/7-full.jpg"", ""https://krisha-photos.kcdn.online/webp/c4/c4d8f506-662a-4621-9fd8-86b01097c657/8-full.jpg"", ""https://krisha-photos.kcdn.online/webp/c4/c4d8f506-662a-4621-9fd8-86b01097c657/9-full.jpg"", ""https://krisha-photos.kcdn.online/webp/c4/c4d8f506-662a-4621-9fd8-86b01097c657/10-full.jpg"", ""https://krisha-photos.kcdn.online/webp/c4/c4d8f506-662a-4621-9fd8-86b01097c657/11-full.jpg"", ""https://krisha-photos.kcdn.online/webp/c4/c4d8f506-662a-4621-9fd8-86b01097c657/12-full.jpg"", ""https://krisha-photos.kcdn.online/webp/c4/c4d8f506-662a-4621-9fd8-86b01097c657/13-full.jpg"", ""https://krisha-photos.kcdn.online/webp/c4/c4d8f506-662a-4621-9fd8-86b01097c657/14-full.jpg"", ""https://krisha-photos.kcdn.online/webp/c4/c4d8f506-662a-4621-9fd8-86b01097c657/15-full.jpg"", ""https://krisha-photos.kcdn.online/webp/c4/c4d8f506-662a-4621-9fd8-86b01097c657/16-full.jpg""]",16,71e842e7a77f38912f6f9b5aa46a160b890e6eba787d2bc06b657c513a916f28,,Хозяин,False,2026-08-06,2024-06-24,2026-08-06,live,2026-08-11T07:10:08+00:00,False,address_layout_dedup,"duplicate_address_layout (street='nazhimedenova', house='4', floor='4', rooms='2', square within 1.0m2)"
1013679759,https://krisha.kz/a/show/1013679759,2-комнатная квартира · 50 м² · 4/28 этаж,350000,за месяц,7000,2,50,4,28,Almaty_r-n,Astana,Nazhimedenova,4,51.120199108238,71.459395349496,8477038,,Highvill Ishim,полностью,,,,,,"Сдается в аренду квартира в ЖК Highvill Ishim, блок D2 
 
📍 Адрес: ул. Жумекена Нажимеденова, 4/1, 4 этаж. 
 
Стоимость аренды: 350 000 ₸/месяц. 
 
Условия: 
 
- Коммунальные услуги оплачиваются отдельно. 
- Возвратный депозит — 100 000 ₸. 
- Долгосрочная аренда. 
 
Квартира полностью меблирована и оснащена всей необходимой бытовой техникой. Готова к комфортному проживанию. 
 
По всем вопросам и для организации просмотра — звоните или пишите.","[""https://krisha-photos.kcdn.online/webp/d7/d778de35-6840-4a1b-89fb-a676245439e0/1-full.jpg"", ""https://krisha-photos.kcdn.online/webp/d7/d778de35-6840-4a1b-89fb-a676245439e0/2-full.jpg"", ""https://krisha-photos.kcdn.online/webp/d7/d778de35-6840-4a1b-89fb-a676245439e0/3-full.jpg"", ""https://krisha-photos.kcdn.online/webp/d7/d778de35-6840-4a1b-89fb-a676245439e0/4-full.jpg""]",4,9a42859199fb9de5f8994114cff42fe2d84ba68a1c0c2b0cdd8bd934eca51541,,Даирова Ж.С,True,2026-08-03,2026-07-04,2026-08-03,live,2026-08-09T06:42:53+00:00,False,address_layout_dedup,"duplicate_address_layout (street='nazhimedenova', house='4', floor='4', rooms='2', square within 1.0m2)"
681457859,https://krisha.kz/a/show/681457859,2-комнатная квартира · 44 м² · 5/9 этаж,330000,за месяц,7500,2,44,5,9,Esilyskiy_r-n,Astana,Mangilik_El,40,51.101411748036,71.430748683581,10328005,korkem4,Коркем 4,полностью,"свежий ремонт, новая мебель",,,,,"Сдам в аренду квартиру для тех кто ценит комфорт и уют. 
Современная, уютная, комфортабельная, стильная квартира в новом ЖК Коркем-4 в самом центре столицы (пр-т Мангилик Ел) Качественный ремонт, новая встроенная мебель и техника.","[""https://krisha-photos.kcdn.online/webp/a9/a9031251-f310-4ece-8b0a-48ba6cb9c15b/13-full.jpg"", ""https://krisha-photos.kcdn.online/webp/a9/a9031251-f310-4ece-8b0a-48ba6cb9c15b/14-full.jpg"", ""https://krisha-photos.kcdn.online/webp/a9/a9031251-f310-4ece-8b0a-48ba6cb9c15b/15-full.jpg"", ""https://krisha-photos.kcdn.online/webp/a9/a9031251-f310-4ece-8b0a-48ba6cb9c15b/16-full.jpg"", ""https://krisha-photos.kcdn.online/webp/a9/a9031251-f310-4ece-8b0a-48ba6cb9c15b/1-full.jpg"", ""https://krisha-photos.kcdn.online/webp/a9/a9031251-f310-4ece-8b0a-48ba6cb9c15b/3-full.jpg"", ""https://krisha-photos.kcdn.online/webp/a9/a9031251-f310-4ece-8b0a-48ba6cb9c15b/17-full.jpg"", ""https://krisha-photos.kcdn.online/webp/a9/a9031251-f310-4ece-8b0a-48ba6cb9c15b/7-full.jpg"", ""https://krisha-photos.kcdn.online/webp/a9/a9031251-f310-4ece-8b0a-48ba6cb9c15b/9-full.jpg"", ""https://krisha-photos.kcdn.online/webp/a9/a9031251-f310-4ece-8b0a-48ba6cb9c15b/10-full.jpg"", ""https://krisha-photos.kcdn.online/webp/a9/a9031251-f310-4ece-8b0a-48ba6cb9c15b/11-full.jpg"", ""https://krisha-photos.kcdn.online/webp/a9/a9031251-f310-4ece-8b0a-48ba6cb9c15b/12-full.jpg""]",12,c31745ef3295e847b74a8af38115f2ad5bdc542b3d0e9c5abf9d3479a643ec80,,Хозяин,False,2026-08-03,2023-01-04,2026-08-03,live,2026-08-09T06:42:53+00:00,False,address_layout_dedup,"duplicate_address_layout (street='mangilik_el', house='40', floor='5', rooms='2', square within 1.0m2)"
1014474517,https://krisha.kz/a/show/1014474517,1-комнатная квартира · 40 м² · 4/12 этаж,260000,за месяц,6500,1,40,4,12,Esilyskiy_r-n,Astana,Buhar_Zhyrau,33,51.097700770682,71.446269940646,19707814,capitalparkemotions,Capital Park. Emotions,полностью,,,,,,"Новая квартиры, ранее никто не жил, все новая. 60 депозит","[""https://krisha-photos.kcdn.online/webp/2c/2c8a912e-8598-4af6-a203-baf4ba8e43f8/7-full.jpg"", ""https://krisha-photos.kcdn.online/webp/2c/2c8a912e-8598-4af6-a203-baf4ba8e43f8/8-full.jpg"", ""https://krisha-photos.kcdn.online/webp/2c/2c8a912e-8598-4af6-a203-baf4ba8e43f8/9-full.jpg""]",3,513bcf8b6dd693d44420417d6efd0cba85c8bd40e0fbce9f12a8a5b4ff4f9400,,Алимкулов Рустем,False,2026-08-06,2026-08-02,2026-08-06,live,2026-08-11T07:10:08+00:00,False,address_layout_dedup,"duplicate_address_layout (street='buhar_zhyrau', house='33', floor='4', rooms='1', square within 1.0m2)"
1013965374,https://krisha.kz/a/show/1013965374,2-комнатная квартира · 50 м²,350000,за месяц,7000,2,50,9,,Esilyskiy_r-n,Astana,Zhoshy_han,27,51.108414862962,71.443050970768,12027101,primegarden,Prime Garden,полностью,,нет,,,,"Квартира на левом берегу в районе Президентского парка. 
Район спальный, нет шума от дорог. 
Рядом есть школы и детские сады, автобусные остановки в 5 минутах от дома. 
Квартира студия, распашонка, окна выходят и во двор и на левый берег. 
Есть все для комфортного проживания: Вся мебель и вся техника 
 
Комуслуги оплачиваются отдельно. 
 
Квартира ранее не сдавалась, ремонт делался для себя 
 
Сдаем ТОЛЬКО на длительный срок, есть депозит

Дом ориентировочно находится возле Керей, Жанибек хандар, Президентский парк, Сфера Парк","[""https://krisha-photos.kcdn.online/webp/95/959de348-ea83-44e7-9fb7-81fb11897a17/1-full.jpg"", ""https://krisha-photos.kcdn.online/webp/95/959de348-ea83-44e7-9fb7-81fb11897a17/2-full.jpg"", ""https://krisha-photos.kcdn.online/webp/95/959de348-ea83-44e7-9fb7-81fb11897a17/3-full.jpg"", ""https://krisha-photos.kcdn.online/webp/95/959de348-ea83-44e7-9fb7-81fb11897a17/4-full.jpg"", ""https://krisha-photos.kcdn.online/webp/95/959de348-ea83-44e7-9fb7-81fb11897a17/5-full.jpg"", ""https://krisha-photos.kcdn.online/webp/95/959de348-ea83-44e7-9fb7-81fb11897a17/6-full.jpg"", ""https://krisha-photos.kcdn.online/webp/95/959de348-ea83-44e7-9fb7-81fb11897a17/7-full.jpg""]",7,c9a89e7b21f450d5ec8b9df533bea40c7eab9e5eafb9b5327789aead0b36059a,,Хозяин,False,2026-08-07,2026-07-15,2026-08-07,live,2026-08-09T06:42:53+00:00,False,address_layout_dedup,"duplicate_address_layout (street='zhoshy_han', house='27', floor='9', rooms='2', square within 1.0m2)"
1014503623,https://krisha.kz/a/show/1014503623,2-комнатная квартира · 80 м² · 6/9 этаж,500000,за месяц,6250,2,80,6,9,Esilyskiy_r-n,Astana,Turan,str__22,51.140290608209,71.410640433421,14739145,sensata,Sensata,полностью,,нет,,,,"Сдам на длительный срок 2-комнатную квартиру в ЖК Sensata Park — бизнес-класс. 
 
Просторная и стильная 2-комнатная квартира площадью 80 м² в престижном жилом комплексе Sensata Park. 
 
✨ Дизайнерский ремонт, квартира полностью укомплектована всей необходимой мебелью и техникой — можно заехать и жить с первого дня. 
 
Преимущества: 
• ЖК бизнес-класса; 
• закрытый безопасный двор; 
• отличное расположение в самом центре левого берега; 
• рядом ТРЦ «Сарыарка», «Хан Шатыр», Театр оперы и балета, лучшие рестораны и кафе города; 
• Золотой квадрат левого берега — всё необходимое находится в шаговой доступности. 
Коммунальные услуги включены в стоимость. 
 
Квартира идеально подойдет для тех, кто ценит комфорт, безопасность и престижное расположение.","[""https://krisha-photos.kcdn.online/webp/4a/4a3db634-92ea-4af5-9382-e83310e4c9c4/7-full.jpg"", ""https://krisha-photos.kcdn.online/webp/4a/4a3db634-92ea-4af5-9382-e83310e4c9c4/6-full.jpg"", ""https://krisha-photos.kcdn.online/webp/4a/4a3db634-92ea-4af5-9382-e83310e4c9c4/8-full.jpg"", ""https://krisha-photos.kcdn.online/webp/4a/4a3db634-92ea-4af5-9382-e83310e4c9c4/1-full.jpg"", ""https://krisha-photos.kcdn.online/webp/4a/4a3db634-92ea-4af5-9382-e83310e4c9c4/10-full.jpg"", ""https://krisha-photos.kcdn.online/webp/4a/4a3db634-92ea-4af5-9382-e83310e4c9c4/11-full.jpg"", ""https://krisha-photos.kcdn.online/webp/4a/4a3db634-92ea-4af5-9382-e83310e4c9c4/9-full.jpg"", ""https://krisha-photos.kcdn.online/webp/4a/4a3db634-92ea-4af5-9382-e83310e4c9c4/2-full.jpg"", ""https://krisha-photos.kcdn.online/webp/4a/4a3db634-92ea-4af5-9382-e83310e4c9c4/13-full.jpg"", ""https://krisha-photos.kcdn.online/webp/4a/4a3db634-92ea-4af5-9382-e83310e4c9c4/5-full.jpg"", ""https://krisha-photos.kcdn.online/webp/4a/4a3db634-92ea-4af5-9382-e83310e4c9c4/4-full.jpg"", ""https://krisha-photos.kcdn.online/webp/4a/4a3db634-92ea-4af5-9382-e83310e4c9c4/12-full.jpg"", ""https://krisha-photos.kcdn.online/webp/4a/4a3db634-92ea-4af5-9382-e83310e4c9c4/3-full.jpg""]",13,b890ca6db5f93de4f3a667aa59d62848defcc609e6b6ba47b430088aece680c9,,"Шарипова Алия, компания «Alliance Estate»",False,2026-08-03,2026-08-03,2026-08-03,live,2026-08-09T06:42:53+00:00,False,address_layout_dedup,"duplicate_address_layout (street='turan', house='str__22', floor='6', rooms='2', square within 1.0m2)"
1013718487,https://krisha.kz/a/show/1013718487,1-комнатная квартира · 34 м² · 4/9 этаж,250000,за месяц,7353,1,34,4,9,Esilyskiy_r-n,Astana,E_652,22,51.054848119134,71.427384239428,19974854,arupark,AruPark,полностью,"свежий ремонт, новая мебель",нет,,,,,"[""https://krisha-photos.kcdn.online/webp/84/8454a57e-4d42-48e0-b395-0c1fd2976a3a/1-full.jpg"", ""https://krisha-photos.kcdn.online/webp/84/8454a57e-4d42-48e0-b395-0c1fd2976a3a/2-full.jpg"", ""https://krisha-photos.kcdn.online/webp/84/8454a57e-4d42-48e0-b395-0c1fd2976a3a/3-full.jpg"", ""https://krisha-photos.kcdn.online/webp/84/8454a57e-4d42-48e0-b395-0c1fd2976a3a/4-full.jpg"", ""https://krisha-photos.kcdn.online/webp/84/8454a57e-4d42-48e0-b395-0c1fd2976a3a/5-full.jpg"", ""https://krisha-photos.kcdn.online/webp/84/8454a57e-4d42-48e0-b395-0c1fd2976a3a/6-full.jpg"", ""https://krisha-photos.kcdn.online/webp/84/8454a57e-4d42-48e0-b395-0c1fd2976a3a/7-full.jpg""]",7,428c1aef4889008e4031ca04eab74ce5821f2a2a7b0f52d41eb75a9ca15668bc,,Хозяин,False,2026-08-03,2026-07-06,2026-08-03,live,2026-08-09T06:42:53+00:00,False,address_layout_dedup,"duplicate_address_layout (street='e_652', house='22', floor='4', rooms='1', square within 1.0m2)"
1013630421,https://krisha.kz/a/show/1013630421,3-комнатная квартира · 145 м² · 9/19 этаж,600000,за месяц,4138,3,145,9,19,Saryarka_r-n,Astana,Kenesary,4,51.161663930216,71.401334954426,8477090,jemirat,Эмират,полностью,"свежий ремонт, новая мебель",,,,,"Сдается 3-комнатная просторная квартира площадью 145м2 в жк Эмират, на длительный срок, желательно без маленьких детей 
 
🕌Свежий Ремонт выполнен на золотой середине между современным модерном и восточной классической роскошью 
☀️Очень яркая и светлая квартира, особенно в солнечную погоду 
🪟Из окна виден двор и набережная 
🏪Развитая инфраструктура ЖК. В шаговой доступности, магазины, кофейни, фитнес-центры, и. т. д. 
🚗Идеальное расположение - удобная развилка в любой район АСтаны 
-имеется возвратный депозит за сохранность имущества 
-также комиссия агентства 
-видео вышлем по запросу

Дом ориентировочно находится возле Пр.Сарыарка","[""https://krisha-photos.kcdn.online/webp/bc/bc1964e4-fe67-4ced-93e3-94b71d950841/8-full.jpg"", ""https://krisha-photos.kcdn.online/webp/bc/bc1964e4-fe67-4ced-93e3-94b71d950841/29-full.jpg"", ""https://krisha-photos.kcdn.online/webp/bc/bc1964e4-fe67-4ced-93e3-94b71d950841/6-full.jpg"", ""https://krisha-photos.kcdn.online/webp/bc/bc1964e4-fe67-4ced-93e3-94b71d950841/11-full.jpg"", ""https://krisha-photos.kcdn.online/webp/bc/bc1964e4-fe67-4ced-93e3-94b71d950841/7-full.jpg"", ""https://krisha-photos.kcdn.online/webp/bc/bc1964e4-fe67-4ced-93e3-94b71d950841/10-full.jpg"", ""https://krisha-photos.kcdn.online/webp/bc/bc1964e4-fe67-4ced-93e3-94b71d950841/16-full.jpg"", ""https://krisha-photos.kcdn.online/webp/bc/bc1964e4-fe67-4ced-93e3-94b71d950841/30-full.jpg"", ""https://krisha-photos.kcdn.online/webp/bc/bc1964e4-fe67-4ced-93e3-94b71d950841/9-full.jpg"", ""https://krisha-photos.kcdn.online/webp/bc/bc1964e4-fe67-4ced-93e3-94b71d950841/4-full.jpg"", ""https://krisha-photos.kcdn.online/webp/bc/bc1964e4-fe67-4ced-93e3-94b71d950841/5-full.jpg"", ""https://krisha-photos.kcdn.online/webp/bc/bc1964e4-fe67-4ced-93e3-94b71d950841/15-full.jpg"", ""https://krisha-photos.kcdn.online/webp/bc/bc1964e4-fe67-4ced-93e3-94b71d950841/12-full.jpg"", ""https://krisha-photos.kcdn.online/webp/bc/bc1964e4-fe67-4ced-93e3-94b71d950841/13-full.jpg"", ""https://krisha-photos.kcdn.online/webp/bc/bc1964e4-fe67-4ced-93e3-94b71d950841/14-full.jpg"", ""https://krisha-photos.kcdn.online/webp/bc/bc1964e4-fe67-4ced-93e3-94b71d950841/17-full.jpg"", ""https://krisha-photos.kcdn.online/webp/bc/bc1964e4-fe67-4ced-93e3-94b71d950841/18-full.jpg"", ""https://krisha-photos.kcdn.online/webp/bc/bc1964e4-fe67-4ced-93e3-94b71d950841/19-full.jpg"", ""https://krisha-photos.kcdn.online/webp/bc/bc1964e4-fe67-4ced-93e3-94b71d950841/20-full.jpg"", ""https://krisha-photos.kcdn.online/webp/bc/bc1964e4-fe67-4ced-93e3-94b71d950841/21-full.jpg"", ""https://krisha-photos.kcdn.online/webp/bc/bc1964e4-fe67-4ced-93e3-94b71d950841/23-full.jpg"", ""https://krisha-photos.kcdn.online/webp/bc/bc1964e4-fe67-4ced-93e3-94b71d950841/24-full.jpg"", ""https://krisha-photos.kcdn.online/webp/bc/bc1964e4-fe67-4ced-93e3-94b71d950841/28-full.jpg"", ""https://krisha-photos.kcdn.online/webp/bc/bc1964e4-fe67-4ced-93e3-94b71d950841/25-full.jpg"", ""https://krisha-photos.kcdn.online/webp/bc/bc1964e4-fe67-4ced-93e3-94b71d950841/26-full.jpg"", ""https://krisha-photos.kcdn.online/webp/bc/bc1964e4-fe67-4ced-93e3-94b71d950841/27-full.jpg"", ""https://krisha-photos.kcdn.online/webp/bc/bc1964e4-fe67-4ced-93e3-94b71d950841/22-full.jpg"", ""https://krisha-photos.kcdn.online/webp/bc/bc1964e4-fe67-4ced-93e3-94b71d950841/32-full.jpg"", ""https://krisha-photos.kcdn.online/webp/bc/bc1964e4-fe67-4ced-93e3-94b71d950841/33-full.jpg"", ""https://krisha-photos.kcdn.online/webp/bc/bc1964e4-fe67-4ced-93e3-94b71d950841/34-full.jpg"", ""https://krisha-photos.kcdn.online/webp/bc/bc1964e4-fe67-4ced-93e3-94b71d950841/3-full.jpg"", ""https://krisha-photos.kcdn.online/webp/bc/bc1964e4-fe67-4ced-93e3-94b71d950841/2-full.jpg"", ""https://krisha-photos.kcdn.online/webp/bc/bc1964e4-fe67-4ced-93e3-94b71d950841/1-full.jpg"", ""https://krisha-photos.kcdn.online/webp/bc/bc1964e4-fe67-4ced-93e3-94b71d950841/31-full.jpg""]",34,bf46ae62b53b4f151762c9aaef38ae18af43f263388bf4a1aa7e6ddb974faf29,,"Нурбиби Имагамбетова, компания «PLATINUM»",False,2026-08-03,2026-07-02,2026-08-03,live,2026-08-09T06:42:53+00:00,False,address_layout_dedup,"duplicate_address_layout (street='kenesary', house='4', floor='9', rooms='3', square within 1.0m2)"
1010996458,https://krisha.kz/a/show/1010996458,1-комнатная квартира · 39 м² · 1/9 этаж,280000,за месяц,7179,1,39,1,9,Esilyskiy_r-n,Astana,Kazybek_bi,5A,51.124335941535,71.392983543236,11550800,tolebi,Tole Bi,полностью,"свежий ремонт, новая мебель",,,,,"Краткосрочная аренда. Комфортная 1 комнатная квартира на левом берегу в районе гХан шатыр 
 
Сдам уютную 1-комнатную квартиру (краткосрочно) на левом берегу в районе Хан шатыра 
 
📍 Срок аренды: 1- 2 -6-9 месяцев Сдам на короткий срок 
🏠 Квартира чистая, светлая и полностью готова к проживанию. 
 
✅ Всё необходимое уже есть: 
 • постельные принадлежности 
 • посуда и кухонные мелочи 
 • мебель и техника 
 
💼 Отлично подойдёт для тех, кто приезжает в командировку, на учёбу или ищет временное жильё. 
 Депозит 
Ком услуга внутри 
Не курящим, без животных 
Девушкам либо молодой паре 
 
Риелторов не беспокоить 
Под субаренду не сдается

Дом ориентировочно находится возле Центр материнство, кардио центр , Хан шатыр, Туран , онкологический центр","[""https://krisha-photos.kcdn.online/webp/66/66feb5b8-d749-4c51-98af-7a7d750275a7/1-full.jpg"", ""https://krisha-photos.kcdn.online/webp/66/66feb5b8-d749-4c51-98af-7a7d750275a7/2-full.jpg"", ""https://krisha-photos.kcdn.online/webp/66/66feb5b8-d749-4c51-98af-7a7d750275a7/3-full.jpg"", ""https://krisha-photos.kcdn.online/webp/66/66feb5b8-d749-4c51-98af-7a7d750275a7/4-full.jpg"", ""https://krisha-photos.kcdn.online/webp/66/66feb5b8-d749-4c51-98af-7a7d750275a7/5-full.jpg"", ""https://krisha-photos.kcdn.online/webp/66/66feb5b8-d749-4c51-98af-7a7d750275a7/6-full.jpg"", ""https://krisha-photos.kcdn.online/webp/66/66feb5b8-d749-4c51-98af-7a7d750275a7/7-full.jpg""]",7,b5a49cd5d1ebe1a024cbecf022e445b27001106f4a381edc2015455fa8fb9fa6,,Хозяин,False,2026-08-03,2026-04-03,2026-08-03,live,2026-08-09T06:42:53+00:00,False,address_layout_dedup,"duplicate_address_layout (street='kazybek_bi', house='5a', floor='1', rooms='1', square within 1.0m2)"
699567815,https://krisha.kz/a/show/699567815,1-комнатная квартира · 40 м² · 16/18 этаж,300000,за месяц,7500,1,40,16,18,Nura_r-n,Astana,Syganak,24,51.128204596981,71.38541221575,16738225,resbuplika,Respublika,полностью,,нет,,,,"Сдам полностью обставленную свежую квартиру в ЖК Respublika, блок А. 
Есть кондиционер, телевизор, стиральная машина, плита, мультиварка. Духовки нет. 
Депозит обязателен, освободится 16.08","[""https://krisha-photos.kcdn.online/webp/84/84dade61-3cf3-482f-8947-aa5a0f21520b/1-full.jpg"", ""https://krisha-photos.kcdn.online/webp/84/84dade61-3cf3-482f-8947-aa5a0f21520b/2-full.jpg"", ""https://krisha-photos.kcdn.online/webp/84/84dade61-3cf3-482f-8947-aa5a0f21520b/3-full.jpg"", ""https://krisha-photos.kcdn.online/webp/84/84dade61-3cf3-482f-8947-aa5a0f21520b/4-full.jpg"", ""https://krisha-photos.kcdn.online/webp/84/84dade61-3cf3-482f-8947-aa5a0f21520b/5-full.jpg"", ""https://krisha-photos.kcdn.online/webp/84/84dade61-3cf3-482f-8947-aa5a0f21520b/6-full.jpg"", ""https://krisha-photos.kcdn.online/webp/84/84dade61-3cf3-482f-8947-aa5a0f21520b/7-full.jpg"", ""https://krisha-photos.kcdn.online/webp/84/84dade61-3cf3-482f-8947-aa5a0f21520b/8-full.jpg"", ""https://krisha-photos.kcdn.online/webp/84/84dade61-3cf3-482f-8947-aa5a0f21520b/9-full.jpg"", ""https://krisha-photos.kcdn.online/webp/84/84dade61-3cf3-482f-8947-aa5a0f21520b/10-full.jpg"", ""https://krisha-photos.kcdn.online/webp/84/84dade61-3cf3-482f-8947-aa5a0f21520b/11-full.jpg"", ""https://krisha-photos.kcdn.online/webp/84/84dade61-3cf3-482f-8947-aa5a0f21520b/12-full.jpg""]",12,732d21fb9fad3d7872fdc8ef82712e659a89a623ea3ec7977201e321e86a3eff,,Хозяин,False,2026-08-03,2024-12-12,2026-08-03,live,2026-08-09T06:42:53+00:00,False,address_layout_dedup,"duplicate_address_layout (street='syganak', house='24', floor='16', rooms='1', square within 1.0m2)"
1013897284,https://krisha.kz/a/show/1013897284,3-комнатная квартира · 110 м² · 10 этаж,1700000,за месяц,15455,3,110,10,,Esilyskiy_r-n,Astana,Akmeshit,1,51.121249778621,71.424218253693,12515541,europecity,Europe City,полностью,"свежий ремонт, новая мебель",,,,,"Еуро-4 бөлмелі заманауи пәтер: екі кең жатын бөлме, жеке жұмыс кабинеті, жарық асүй-қонақ бөлмесі және екі санитарлық торап. 
 
Пәтерде жаңа дизайнерлік жөндеу жұмыстары жүргізілген. Интерьері заманауи стильде, сапалы материалдармен безендірілген. Жарық, жайлы әрі өте ыңғайлы жоспарланған кеңістік жайлы өмір сүруге барлық жағдай жасайды. Отбасыларға немесе жайлылық пен заманауи стильді бағалайтын жандарға тамаша таңдау. 
 
Евро-4-комнатная квартира с продуманной современной планировкой: две просторные спальни, отдельный кабинет, светлая кухня-гостиная и два санузла. 
 
Квартира после свежего дизайнерского ремонта, выполненного в современном стиле с использованием качественных материалов. Светлый интерьер, уютная атмосфера, функциональная планировка и внимание к каждой детали создают комфортное пространство для жизни. Идеальный вариант для семьи или тех, кто ценит стиль, комфорт и качество. 
 
Modern Euro 4-bedroom layout apartment featuring two spacious bedrooms, a separate home office, a bright open-plan living room with kitchen, and two bathrooms. 
 
The apartment has been recently renovated with a stylish designer interior in a contemporary style, using high-quality materials throughout. Bright, cozy, and thoughtfully designed, it offers a perfect balance of elegance, comfort, and functionality. An excellent choice for families or professionals seeking a modern and comfortable home.

Дом ориентировочно находится возле Абу Даби Плаза","[""https://krisha-photos.kcdn.online/webp/89/8951a7e4-15d9-4443-9ec1-d09b2eafc002/1-full.jpg"", ""https://krisha-photos.kcdn.online/webp/89/8951a7e4-15d9-4443-9ec1-d09b2eafc002/2-full.jpg"", ""https://krisha-photos.kcdn.online/webp/89/8951a7e4-15d9-4443-9ec1-d09b2eafc002/3-full.jpg"", ""https://krisha-photos.kcdn.online/webp/89/8951a7e4-15d9-4443-9ec1-d09b2eafc002/4-full.jpg"", ""https://krisha-photos.kcdn.online/webp/89/8951a7e4-15d9-4443-9ec1-d09b2eafc002/5-full.jpg"", ""https://krisha-photos.kcdn.online/webp/89/8951a7e4-15d9-4443-9ec1-d09b2eafc002/6-full.jpg"", ""https://krisha-photos.kcdn.online/webp/89/8951a7e4-15d9-4443-9ec1-d09b2eafc002/7-full.jpg"", ""https://krisha-photos.kcdn.online/webp/89/8951a7e4-15d9-4443-9ec1-d09b2eafc002/8-full.jpg"", ""https://krisha-photos.kcdn.online/webp/89/8951a7e4-15d9-4443-9ec1-d09b2eafc002/9-full.jpg"", ""https://krisha-photos.kcdn.online/webp/89/8951a7e4-15d9-4443-9ec1-d09b2eafc002/10-full.jpg"", ""https://krisha-photos.kcdn.online/webp/89/8951a7e4-15d9-4443-9ec1-d09b2eafc002/11-full.jpg"", ""https://krisha-photos.kcdn.online/webp/89/8951a7e4-15d9-4443-9ec1-d09b2eafc002/12-full.jpg"", ""https://krisha-photos.kcdn.online/webp/89/8951a7e4-15d9-4443-9ec1-d09b2eafc002/13-full.jpg"", ""https://krisha-photos.kcdn.online/webp/89/8951a7e4-15d9-4443-9ec1-d09b2eafc002/14-full.jpg"", ""https://krisha-photos.kcdn.online/webp/89/8951a7e4-15d9-4443-9ec1-d09b2eafc002/15-full.jpg"", ""https://krisha-photos.kcdn.online/webp/89/8951a7e4-15d9-4443-9ec1-d09b2eafc002/16-full.jpg"", ""https://krisha-photos.kcdn.online/webp/89/8951a7e4-15d9-4443-9ec1-d09b2eafc002/17-full.jpg"", ""https://krisha-photos.kcdn.online/webp/89/8951a7e4-15d9-4443-9ec1-d09b2eafc002/18-full.jpg"", ""https://krisha-photos.kcdn.online/webp/89/8951a7e4-15d9-4443-9ec1-d09b2eafc002/19-full.jpg"", ""https://krisha-photos.kcdn.online/webp/89/8951a7e4-15d9-4443-9ec1-d09b2eafc002/20-full.jpg""]",20,ec37a7a8c3e7f417df187dd819ae6242bdc43a382b5b5213a052d013533da426,,Дамира Джаикбаева,False,2026-08-03,2026-07-13,2026-08-03,live,2026-08-11T07:10:08+00:00,False,address_layout_dedup,"duplicate_address_layout (street='akmeshit', house='1', floor='10', rooms='3', square within 1.0m2)"
1013870254,https://krisha.kz/a/show/1013870254,1-комнатная квартира · 30.4 м² · 5/6 этаж,200000,за месяц,6579,1,30.4,5,6,Esilyskiy_r-n,Astana,Aly-Farabi,76,51.050743773443,71.435919919801,21357950,,,полностью,"свежий ремонт, новая мебель",,,,,"Сдаю квартиру на долгий срок 200 000 тенге в месяц, коммунальные услуги оплачиваются отдельно, депозит 30 тыс, возвращается, если арендовали квартиру более 3 месяцев. Сдается только для некурящих, непьющих, порядочным людям. Все подробности по телефону, звоните

Дом ориентировочно находится возле Пересечение Кабанбай батыра","[""https://krisha-photos.kcdn.online/webp/4b/4b0fecf7-5ad0-4255-91a5-ee48ce6b31ef/2-full.jpg"", ""https://krisha-photos.kcdn.online/webp/4b/4b0fecf7-5ad0-4255-91a5-ee48ce6b31ef/1-full.jpg"", ""https://krisha-photos.kcdn.online/webp/4b/4b0fecf7-5ad0-4255-91a5-ee48ce6b31ef/3-full.jpg"", ""https://krisha-photos.kcdn.online/webp/4b/4b0fecf7-5ad0-4255-91a5-ee48ce6b31ef/4-full.jpg"", ""https://krisha-photos.kcdn.online/webp/4b/4b0fecf7-5ad0-4255-91a5-ee48ce6b31ef/5-full.jpg"", ""https://krisha-photos.kcdn.online/webp/4b/4b0fecf7-5ad0-4255-91a5-ee48ce6b31ef/6-full.jpg"", ""https://krisha-photos.kcdn.online/webp/4b/4b0fecf7-5ad0-4255-91a5-ee48ce6b31ef/7-full.jpg""]",7,283e6978f38dbd9b77e7492d6693c3b4ffabc45e6686cf85f179626cffd967bd,,Хозяин,False,2026-08-02,2026-07-11,2026-08-02,live,2026-08-06T07:45:39+00:00,False,address_layout_dedup,"duplicate_address_layout (street='aly-farabi', house='76', floor='5', rooms='1', square within 1.0m2)"
1004067167,https://krisha.kz/a/show/1004067167,2-комнатная квартира · 55 м² · 5/10 этаж,350000,за месяц,6364,2,55,5,10,Nura_r-n,Astana,Kultegin,11a,51.134351,71.372901,12551769,mechta,Mechta,полностью,"свежий ремонт, новая мебель",нет,,,,"Сдам квартиру полностью с мебелью и техникой.

Дом ориентировочно находится возле Сыганак","[""https://krisha-photos.kcdn.online/webp/c3/c3a90cdb-5bf1-4445-8e36-c814848c5971/1-full.jpg"", ""https://krisha-photos.kcdn.online/webp/c3/c3a90cdb-5bf1-4445-8e36-c814848c5971/2-full.jpg"", ""https://krisha-photos.kcdn.online/webp/c3/c3a90cdb-5bf1-4445-8e36-c814848c5971/3-full.jpg"", ""https://krisha-photos.kcdn.online/webp/c3/c3a90cdb-5bf1-4445-8e36-c814848c5971/4-full.jpg"", ""https://krisha-photos.kcdn.online/webp/c3/c3a90cdb-5bf1-4445-8e36-c814848c5971/5-full.jpg"", ""https://krisha-photos.kcdn.online/webp/c3/c3a90cdb-5bf1-4445-8e36-c814848c5971/6-full.jpg""]",6,140f4cbcd582d519ef829b2159c4ae878ce089165830b7d325eae9aa5477f7cf,,Хозяин,False,2026-07-31,2025-08-03,2026-07-31,live,2026-08-06T08:03:45+00:00,False,address_layout_dedup,"duplicate_address_layout (street='kultegin', house='11a', floor='5', rooms='2', square within 1.0m2)"
1014480179,https://krisha.kz/a/show/1014480179,4-комнатная квартира · 110 м² · 7/11 этаж,500000,за месяц,4545,4,110,7,11,Almaty_r-n,Astana,Momyshuly,2/8,51.135205651399,71.466109278036,8478184,akbulak-town,Akbulak Town,полностью,"свежий ремонт, новая мебель",,,,,"Жилой комплекс расположен в одном из самых востребованных, развитых и безопасных районов столицы (Алматинский район, пересечение проспектов Б. Момышулы и Тәуелсіздік). Это тихий и зеленый исторический центр правого берега, граничащий с элитным коттеджным массивом «Акбулак». Главные преимущества локации:Транспортная доступность: Дом находится в точке с отличной развязкой. Рядом расположены сразу два ключевых моста, что позволяет добраться до Левого берега и Дома Министерств всего за 5–7 минут на автомобиле. Наземный транспорт ходит во все направления города. Парки и зоны отдыха в шаговой доступности: Всего в нескольких минутах ходьбы находятся Парк имени Бауыржана Момышулы, Триатлон парк и набережная реки Есиль — идеальные места для утренних пробежек, вечерних прогулок и семейного отдыха. Образование и развитие: Идеальное место для семей с детьми. Совсем рядом находится культовый Дворец школьников с десятками кружков и секций, а также топовые школы, детские сады (включая международный детский сад «Мирас») и развивающие центры. Все для жизни под рукой: Вокруг дома и на первых этажах комплекса сосредоточена вся необходимая коммерция: супермаркеты, аптеки, уютные кофейни, рестораны, салоны красоты и фитнес-студии. В пешей доступности находится ТРЦ «Astana Mall»","[""https://krisha-photos.kcdn.online/webp/ed/ed87c722-809a-494e-8a80-1adf9c1a554c/1-full.jpg"", ""https://krisha-photos.kcdn.online/webp/ed/ed87c722-809a-494e-8a80-1adf9c1a554c/2-full.jpg"", ""https://krisha-photos.kcdn.online/webp/ed/ed87c722-809a-494e-8a80-1adf9c1a554c/3-full.jpg"", ""https://krisha-photos.kcdn.online/webp/ed/ed87c722-809a-494e-8a80-1adf9c1a554c/4-full.jpg"", ""https://krisha-photos.kcdn.online/webp/ed/ed87c722-809a-494e-8a80-1adf9c1a554c/5-full.jpg"", ""https://krisha-photos.kcdn.online/webp/ed/ed87c722-809a-494e-8a80-1adf9c1a554c/6-full.jpg"", ""https://krisha-photos.kcdn.online/webp/ed/ed87c722-809a-494e-8a80-1adf9c1a554c/7-full.jpg"", ""https://krisha-photos.kcdn.online/webp/ed/ed87c722-809a-494e-8a80-1adf9c1a554c/8-full.jpg"", ""https://krisha-photos.kcdn.online/webp/ed/ed87c722-809a-494e-8a80-1adf9c1a554c/9-full.jpg"", ""https://krisha-photos.kcdn.online/webp/ed/ed87c722-809a-494e-8a80-1adf9c1a554c/10-full.jpg"", ""https://krisha-photos.kcdn.online/webp/ed/ed87c722-809a-494e-8a80-1adf9c1a554c/11-full.jpg"", ""https://krisha-photos.kcdn.online/webp/ed/ed87c722-809a-494e-8a80-1adf9c1a554c/12-full.jpg"", ""https://krisha-photos.kcdn.online/webp/ed/ed87c722-809a-494e-8a80-1adf9c1a554c/13-full.jpg"", ""https://krisha-photos.kcdn.online/webp/ed/ed87c722-809a-494e-8a80-1adf9c1a554c/14-full.jpg"", ""https://krisha-photos.kcdn.online/webp/ed/ed87c722-809a-494e-8a80-1adf9c1a554c/15-full.jpg"", ""https://krisha-photos.kcdn.online/webp/ed/ed87c722-809a-494e-8a80-1adf9c1a554c/16-full.jpg"", ""https://krisha-photos.kcdn.online/webp/ed/ed87c722-809a-494e-8a80-1adf9c1a554c/17-full.jpg"", ""https://krisha-photos.kcdn.online/webp/ed/ed87c722-809a-494e-8a80-1adf9c1a554c/18-full.jpg"", ""https://krisha-photos.kcdn.online/webp/ed/ed87c722-809a-494e-8a80-1adf9c1a554c/19-full.jpg"", ""https://krisha-photos.kcdn.online/webp/ed/ed87c722-809a-494e-8a80-1adf9c1a554c/20-full.jpg"", ""https://krisha-photos.kcdn.online/webp/ed/ed87c722-809a-494e-8a80-1adf9c1a554c/21-full.jpg"", ""https://krisha-photos.kcdn.online/webp/ed/ed87c722-809a-494e-8a80-1adf9c1a554c/22-full.jpg"", ""https://krisha-photos.kcdn.online/webp/ed/ed87c722-809a-494e-8a80-1adf9c1a554c/23-full.jpg"", ""https://krisha-photos.kcdn.online/webp/ed/ed87c722-809a-494e-8a80-1adf9c1a554c/24-full.jpg""]",24,541dfe2751286916d863880f3e24e281328f58e9ad970f1acd8d3f07343531b2,,Хозяин,False,2026-08-02,2026-08-02,2026-08-02,live,2026-08-11T07:10:08+00:00,False,address_layout_dedup,"duplicate_address_layout (street='momyshuly', house='2/8', floor='7', rooms='4', square within 1.0m2)"
1007575222,https://krisha.kz/a/show/1007575222,2-комнатная квартира · 48 м² · 3/5 этаж,320000,за месяц,6667,2,48,3,5,Saryarka_r-n,Astana,Konstitutsii,12,51.195728,71.395116,,,,полностью,"не новый, но аккуратный и чистый ремонт",нет,,,,"Сдам квартиру на длительный срок семейным или порядочным девушкам, квартира не прокурена, ранее не сдавалась, вся мебель, техника и посуда имеется, транспортная развязка очень хорошая можно уехать в любую точку города, рядом с нами Железнодорожный колледж, Высший колледж, неподалеку Медицинский Университет, школы и садики тоже имеются","[""https://krisha-photos.kcdn.online/webp/46/46574912-5ef8-4f74-9c8a-0b8bb6fa378b/1-full.jpg"", ""https://krisha-photos.kcdn.online/webp/46/46574912-5ef8-4f74-9c8a-0b8bb6fa378b/2-full.jpg"", ""https://krisha-photos.kcdn.online/webp/46/46574912-5ef8-4f74-9c8a-0b8bb6fa378b/3-full.jpg"", ""https://krisha-photos.kcdn.online/webp/46/46574912-5ef8-4f74-9c8a-0b8bb6fa378b/4-full.jpg"", ""https://krisha-photos.kcdn.online/webp/46/46574912-5ef8-4f74-9c8a-0b8bb6fa378b/5-full.jpg""]",5,2f480d47ec6565667d43cc42025422dddda7d4c9653d33e285ee2867ced33c11,,Хозяин,False,2026-07-30,2025-11-29,2026-07-30,live,2026-08-11T07:10:08+00:00,False,address_layout_dedup,"duplicate_address_layout (street='konstitutsii', house='12', floor='3', rooms='2', square within 1.0m2)"
1008841727,https://krisha.kz/a/show/1008841727,1-комнатная квартира · 38.7 м² · 3/10 этаж,210000,за месяц,5426,1,38.7,3,10,Saryarka_r-n,Astana,Kumisbekova,11,51.171903426202,71.397378581391,10068797,akbars,Ak Bars,,"не новый, но аккуратный и чистый ремонт",нет,,,,"1 бөлмелі пәтер жалға беріледі. Бұрын жалға берілмеген 
 
✔ Пәтер жарық, ұқыпты, тұрғылықты тұруға толық дайын. 
 
✔ Барлық қажетті жиһаз бен тұрмыстық техникамен жабдықталған: диван, ас үй гарнитуры, кондиционер, ас үстелі, киімге арналған кең шкаф, кіреберіс жиһаз, кір жуғыш машина, тоңазытқыш, ас пісіру беті, пеш шкафы, микротолқынды пеш, ыдыс-аяқ. 
 
✔ Душ кабинасы, лифт, интернет желісі. 
 
Тек темекі шекпейтін тұлғаларға. 
Депозит қарастырылған. 
Жалдау **ресми шарт** негізінде жүзеге асырылады. 
 
Бір адамға немесе ерлі-зайыпты жұпқа қолайлы. Пәтер бос, қоныстануға дайын. 
 
--- 
 
Сдаётся 1-комнатная квартира. Ранее не сдавалась 
 
✔ Светлая и ухоженная квартира, полностью готова к проживанию. 
 
✔ В наличии вся необходимая мебель и техника: диван, кухонный гарнитур, кондиционер, стол, большой шкаф для одежды, прихожая, стиральная машина, холодильник, варочная панель, духовой шкаф, микроволновая печь, посуда. 
 
✔ Душевая кабина, лифт, интернет. 
 
Только для некурящих. 
Депозит. 
Аренда по официальному договору. 
 
Идеально для одного человека или пары. Квартира свободна, готова к заселению.

Дом ориентировочно находится возле Джангильдина","[""https://krisha-photos.kcdn.online/webp/a1/a1b17529-3eb2-4a17-bdf0-55f7f8383160/7-full.jpg"", ""https://krisha-photos.kcdn.online/webp/a1/a1b17529-3eb2-4a17-bdf0-55f7f8383160/4-full.jpg"", ""https://krisha-photos.kcdn.online/webp/a1/a1b17529-3eb2-4a17-bdf0-55f7f8383160/5-full.jpg""]",3,022b26b8e0976cd44e185eff9e56ea204980506d1cf90dbaa9a8311f2bede12d,,Хозяин,False,2026-08-01,2026-01-18,2026-08-01,live,2026-08-11T07:10:08+00:00,False,address_layout_dedup,"duplicate_address_layout (street='kumisbekova', house='11', floor='3', rooms='1', square within 1.0m2)"
690469331,https://krisha.kz/a/show/690469331,1-комнатная квартира · 45 м² · 5/10 этаж,240000,за месяц,5333,1,45,5,10,Nura_r-n,Astana,Kultegin,13,51.135413,71.373305,12551769,mechta,Mechta,полностью,"свежий ремонт, новая мебель",,,,,"Сдаю 1 комнатную квартиру на длительный срок. Можно семейным с ребенком школьного возраста от 8 лет. Полностью меблированная. Смарт ТВ. Заезжай и живи. Квартира после ремонта, вся техника и мебель новая, никто не жил. Фото соответствует реальности. Без домашних животных. Аренда + Ком услуга. Депозит 100 000. Договор делаем. На сообщения не отвечаю, только звонки.","[""https://krisha-photos.kcdn.online/webp/ec/ec8b16a9-463b-4af3-924b-71b6cdabf41f/13-full.jpg"", ""https://krisha-photos.kcdn.online/webp/ec/ec8b16a9-463b-4af3-924b-71b6cdabf41f/2-full.jpg"", ""https://krisha-photos.kcdn.online/webp/ec/ec8b16a9-463b-4af3-924b-71b6cdabf41f/11-full.jpg"", ""https://krisha-photos.kcdn.online/webp/ec/ec8b16a9-463b-4af3-924b-71b6cdabf41f/14-full.jpg"", ""https://krisha-photos.kcdn.online/webp/ec/ec8b16a9-463b-4af3-924b-71b6cdabf41f/15-full.jpg"", ""https://krisha-photos.kcdn.online/webp/ec/ec8b16a9-463b-4af3-924b-71b6cdabf41f/16-full.jpg"", ""https://krisha-photos.kcdn.online/webp/ec/ec8b16a9-463b-4af3-924b-71b6cdabf41f/4-full.jpg"", ""https://krisha-photos.kcdn.online/webp/ec/ec8b16a9-463b-4af3-924b-71b6cdabf41f/17-full.jpg"", ""https://krisha-photos.kcdn.online/webp/ec/ec8b16a9-463b-4af3-924b-71b6cdabf41f/5-full.jpg"", ""https://krisha-photos.kcdn.online/webp/ec/ec8b16a9-463b-4af3-924b-71b6cdabf41f/18-full.jpg"", ""https://krisha-photos.kcdn.online/webp/ec/ec8b16a9-463b-4af3-924b-71b6cdabf41f/19-full.jpg"", ""https://krisha-photos.kcdn.online/webp/ec/ec8b16a9-463b-4af3-924b-71b6cdabf41f/6-full.jpg"", ""https://krisha-photos.kcdn.online/webp/ec/ec8b16a9-463b-4af3-924b-71b6cdabf41f/7-full.jpg"", ""https://krisha-photos.kcdn.online/webp/ec/ec8b16a9-463b-4af3-924b-71b6cdabf41f/8-full.jpg"", ""https://krisha-photos.kcdn.online/webp/ec/ec8b16a9-463b-4af3-924b-71b6cdabf41f/20-full.jpg"", ""https://krisha-photos.kcdn.online/webp/ec/ec8b16a9-463b-4af3-924b-71b6cdabf41f/21-full.jpg""]",16,e8bc7244fb232d8cd0350ed50179257b70a28296ed6652c0a6e65c75376ed0fb,,Хозяин,False,2026-08-01,2024-01-08,2026-08-01,live,2026-08-06T07:52:56+00:00,False,address_layout_dedup,"duplicate_address_layout (street='kultegin', house='13', floor='5', rooms='1', square within 1.0m2)"
1014655680,https://krisha.kz/a/show/1014655680,1-комнатная квартира · 45 м² · 3/9 этаж,250000,за месяц,5556,1,45,3,9,Nura_r-n,Astana,Aytmatova,40,51.141330249241,71.366144416704,10356141,brussels,Brussels,полностью,,нет,,,,"Сдам уютную 1-комнатную квартиру в ЖК «Брюссель». 
 
Площадь квартиры — 45 м². Расположена на 3 этаже 9-этажного кирпичного дома. Солнечная сторона, квартира светлая и теплая. Удобная планировка с отдельной гардеробной комнатой. 
 
Квартира полностью меблирована и оснащена всей необходимой бытовой техникой. Чистая, ухоженная, готова к заселению. 
 
Район Айтматова – Мухамедханова с развитой инфраструктурой. В шаговой доступности школы, детские сады, магазины, аптеки, остановки общественного транспорта. Рядом расположены два университета. Удобная транспортная развязка и тихий двор. 
 
Квартира идеально подойдет для одного человека, пары или студентов. 
 
Стоимость аренды 250 000 тг ежемесячно (включая интернет), комуслуга оплачивается отдельно.

Дом ориентировочно находится возле Мухамедханова","[""https://krisha-photos.kcdn.online/webp/79/7940ea56-af87-441a-8d6d-a869af7361a7/1-full.jpg"", ""https://krisha-photos.kcdn.online/webp/79/7940ea56-af87-441a-8d6d-a869af7361a7/2-full.jpg"", ""https://krisha-photos.kcdn.online/webp/79/7940ea56-af87-441a-8d6d-a869af7361a7/3-full.jpg"", ""https://krisha-photos.kcdn.online/webp/79/7940ea56-af87-441a-8d6d-a869af7361a7/4-full.jpg"", ""https://krisha-photos.kcdn.online/webp/79/7940ea56-af87-441a-8d6d-a869af7361a7/5-full.jpg"", ""https://krisha-photos.kcdn.online/webp/79/7940ea56-af87-441a-8d6d-a869af7361a7/6-full.jpg"", ""https://krisha-photos.kcdn.online/webp/79/7940ea56-af87-441a-8d6d-a869af7361a7/7-full.jpg"", ""https://krisha-photos.kcdn.online/webp/79/7940ea56-af87-441a-8d6d-a869af7361a7/8-full.jpg"", ""https://krisha-photos.kcdn.online/webp/79/7940ea56-af87-441a-8d6d-a869af7361a7/9-full.jpg""]",9,b56b4d7b6fc68be1268e79602822ad4c047ef0cf80dbce1b07b16ded739d0717,,Хозяин,False,2026-08-08,2026-08-08,2026-08-08,live,2026-08-11T07:10:08+00:00,False,address_layout_dedup,"duplicate_address_layout (street='aytmatova', house='40', floor='3', rooms='1', square within 1.0m2)"
1013371523,https://krisha.kz/a/show/1013371523,3-комнатная квартира · 89 м² · 4/22 этаж,370000,за месяц,4157,3,89,4,22,r-n_Baykonur,Astana,Aleksandr_Baraev,18,51.160242994322,71.441452919388,8543600,,Light House,,"свежий ремонт, новая мебель",нет,,,,"Хорошая трех комнатная квартира, в золотом квадрате правого берега. Вся инфраструктура в шаговой доступности. Свежий ремонт, полностью с мебелью и бытовой техникой.

Дом ориентировочно находится возле Валиханова иманова","[""https://krisha-photos.kcdn.online/webp/2d/2da8d6e9-aa44-442c-b682-a09e20510d76/1-full.jpg"", ""https://krisha-photos.kcdn.online/webp/2d/2da8d6e9-aa44-442c-b682-a09e20510d76/2-full.jpg"", ""https://krisha-photos.kcdn.online/webp/2d/2da8d6e9-aa44-442c-b682-a09e20510d76/3-full.jpg"", ""https://krisha-photos.kcdn.online/webp/2d/2da8d6e9-aa44-442c-b682-a09e20510d76/4-full.jpg"", ""https://krisha-photos.kcdn.online/webp/2d/2da8d6e9-aa44-442c-b682-a09e20510d76/5-full.jpg"", ""https://krisha-photos.kcdn.online/webp/2d/2da8d6e9-aa44-442c-b682-a09e20510d76/6-full.jpg"", ""https://krisha-photos.kcdn.online/webp/2d/2da8d6e9-aa44-442c-b682-a09e20510d76/7-full.jpg"", ""https://krisha-photos.kcdn.online/webp/2d/2da8d6e9-aa44-442c-b682-a09e20510d76/8-full.jpg"", ""https://krisha-photos.kcdn.online/webp/2d/2da8d6e9-aa44-442c-b682-a09e20510d76/9-full.jpg"", ""https://krisha-photos.kcdn.online/webp/2d/2da8d6e9-aa44-442c-b682-a09e20510d76/10-full.jpg""]",10,b91232f1aaa3a4d75283f91ccf03951bb086b972ac151ff0f07efa9ebcf12436,,Хозяин,False,2026-07-31,2026-06-23,2026-07-31,live,2026-08-11T07:10:08+00:00,False,address_layout_dedup,"duplicate_address_layout (street='aleksandr_baraev', house='18', floor='4', rooms='3', square within 1.0m2)"
1001419462,https://krisha.kz/a/show/1001419462,2-комнатная квартира · 56 м² · 8/14 этаж,300000,за месяц,5357,2,56,8,14,Esilyskiy_r-n,Astana,Huseyn_ben_Talal,41/1,51.078703,71.433627,,,,полностью,"свежий ремонт, новая мебель",нет,,,,"Сдаётся светлая и ухоженная полноценная 2-комнатная квартира (не кухня студия) площадью 52 кв. м в новом доме по адресу Хусейн бен Талал, 41/1. Этаж 8 из 14. 
 
Квартира новая. Все что на фото остается. Квартира полностью меблирована и укомплектована всей необходимой техникой — заезжай и живи! Сделан свежий ремонт от собственника, квартира очень тёплая и комфортная. Просторная кухня, отдельная спальня и зал, есть лоджия. Санузел совмещён, всё чисто и аккуратно. 
 
Дом находится в спокойном районе EXPO, рядом магазины, аптеки, кафе, школы (3 школы рядом) и детские сады (3 детских сада). Хорошая транспортная доступность — удобно добираться в любую часть города. Во дворе детская и спортивная площадка. Отдельный наземный 3 ех этажный паркинг. В видеонаблюдение и круглосуточная охрана. 
 
Условия: 
 
Только для порядочных арендаторов 
 
Без животных 
 
Залог — 100 тысяч 
 
Обязательный договор аренды официальный 
 
Цена: 270 000 тенге в месяц (коммунальные отдельно) 
 
Квартира свободна и готова к заселению. пишите или звоните для просмотра!

Дом ориентировочно находится возле Astana International School, Binom им Кекельбаева","[""https://krisha-photos.kcdn.online/webp/85/851de06e-a2a8-4044-9c87-f0e31bd6f748/16-full.jpg"", ""https://krisha-photos.kcdn.online/webp/85/851de06e-a2a8-4044-9c87-f0e31bd6f748/17-full.jpg"", ""https://krisha-photos.kcdn.online/webp/85/851de06e-a2a8-4044-9c87-f0e31bd6f748/18-full.jpg"", ""https://krisha-photos.kcdn.online/webp/85/851de06e-a2a8-4044-9c87-f0e31bd6f748/19-full.jpg"", ""https://krisha-photos.kcdn.online/webp/85/851de06e-a2a8-4044-9c87-f0e31bd6f748/20-full.jpg"", ""https://krisha-photos.kcdn.online/webp/85/851de06e-a2a8-4044-9c87-f0e31bd6f748/21-full.jpg""]",6,3eb7fa5da60921ee5d06e04637142e3e0459f185afbaf2641f24a6f747a1071e,,Хозяин,False,2026-08-02,2025-05-08,2026-08-02,live,2026-08-09T06:42:53+00:00,False,address_layout_dedup,"duplicate_address_layout (street='huseyn_ben_talal', house='41/1', floor='8', rooms='2', square within 1.0m2)"
1010345306,https://krisha.kz/a/show/1010345306,1-комнатная квартира · 53 м² · 2/8 этаж,270000,за месяц,5094,1,53,2,8,Esilyskiy_r-n,Astana,Bokeyhana,27/1,51.085221,71.428974,,,,полностью,"свежий ремонт, новая мебель",нет,,,,"Сдам 1, 5 комнатную квартиру жк венский квартал. Количество проживающих 1-2 человека 
Рядом есть все необходимое 
270 тыс комуслуги+ депозит 70тыс

Дом ориентировочно находится возле Мангилик ел","[""https://krisha-photos.kcdn.online/webp/3e/3e6b8160-37f2-4be0-98e1-d21abd052359/1-full.jpg"", ""https://krisha-photos.kcdn.online/webp/3e/3e6b8160-37f2-4be0-98e1-d21abd052359/2-full.jpg"", ""https://krisha-photos.kcdn.online/webp/3e/3e6b8160-37f2-4be0-98e1-d21abd052359/3-full.jpg"", ""https://krisha-photos.kcdn.online/webp/3e/3e6b8160-37f2-4be0-98e1-d21abd052359/4-full.jpg"", ""https://krisha-photos.kcdn.online/webp/3e/3e6b8160-37f2-4be0-98e1-d21abd052359/5-full.jpg"", ""https://krisha-photos.kcdn.online/webp/3e/3e6b8160-37f2-4be0-98e1-d21abd052359/6-full.jpg"", ""https://krisha-photos.kcdn.online/webp/3e/3e6b8160-37f2-4be0-98e1-d21abd052359/7-full.jpg"", ""https://krisha-photos.kcdn.online/webp/3e/3e6b8160-37f2-4be0-98e1-d21abd052359/8-full.jpg"", ""https://krisha-photos.kcdn.online/webp/3e/3e6b8160-37f2-4be0-98e1-d21abd052359/9-full.jpg"", ""https://krisha-photos.kcdn.online/webp/3e/3e6b8160-37f2-4be0-98e1-d21abd052359/10-full.jpg""]",10,7d5a72464c0f175a3a9523b77b13c46c6dcafbc0bc82060c5b065dc7575ac0f1,,Хозяин,False,2026-08-01,2026-03-11,2026-08-01,live,2026-08-11T07:10:08+00:00,False,address_layout_dedup,"duplicate_address_layout (street='bokeyhana', house='27/1', floor='2', rooms='1', square within 1.0m2)"
1012502368,https://krisha.kz/a/show/1012502368,2-комнатная квартира · 65 м² · 10/38 этаж,350000,за месяц,5385,2,65,10,38,Esilyskiy_r-n,Astana,Dostyk,5,51.128349611945,71.422389294603,8477244,severnoe-sijanie,Северное сияние,полностью,"не новый, но аккуратный и чистый ремонт",,,,,"Сдам двух комнатную квартиру 
В центре 
Возле байтерек 
Тд Керуен 
Без запаха 
Состояние отличное 
Депозит 250 000 
Только на длительный срок

Дом ориентировочно находится возле Сармат","[""https://krisha-photos.kcdn.online/webp/6e/6e817851-50c9-40a9-a467-5f2771b64ae0/1-full.jpg"", ""https://krisha-photos.kcdn.online/webp/6e/6e817851-50c9-40a9-a467-5f2771b64ae0/2-full.jpg"", ""https://krisha-photos.kcdn.online/webp/6e/6e817851-50c9-40a9-a467-5f2771b64ae0/3-full.jpg"", ""https://krisha-photos.kcdn.online/webp/6e/6e817851-50c9-40a9-a467-5f2771b64ae0/4-full.jpg"", ""https://krisha-photos.kcdn.online/webp/6e/6e817851-50c9-40a9-a467-5f2771b64ae0/5-full.jpg"", ""https://krisha-photos.kcdn.online/webp/6e/6e817851-50c9-40a9-a467-5f2771b64ae0/6-full.jpg"", ""https://krisha-photos.kcdn.online/webp/6e/6e817851-50c9-40a9-a467-5f2771b64ae0/7-full.jpg"", ""https://krisha-photos.kcdn.online/webp/6e/6e817851-50c9-40a9-a467-5f2771b64ae0/8-full.jpg"", ""https://krisha-photos.kcdn.online/webp/6e/6e817851-50c9-40a9-a467-5f2771b64ae0/9-full.jpg"", ""https://krisha-photos.kcdn.online/webp/6e/6e817851-50c9-40a9-a467-5f2771b64ae0/10-full.jpg"", ""https://krisha-photos.kcdn.online/webp/6e/6e817851-50c9-40a9-a467-5f2771b64ae0/11-full.jpg"", ""https://krisha-photos.kcdn.online/webp/6e/6e817851-50c9-40a9-a467-5f2771b64ae0/12-full.jpg"", ""https://krisha-photos.kcdn.online/webp/6e/6e817851-50c9-40a9-a467-5f2771b64ae0/13-full.jpg"", ""https://krisha-photos.kcdn.online/webp/6e/6e817851-50c9-40a9-a467-5f2771b64ae0/14-full.jpg"", ""https://krisha-photos.kcdn.online/webp/6e/6e817851-50c9-40a9-a467-5f2771b64ae0/15-full.jpg"", ""https://krisha-photos.kcdn.online/webp/6e/6e817851-50c9-40a9-a467-5f2771b64ae0/16-full.jpg"", ""https://krisha-photos.kcdn.online/webp/6e/6e817851-50c9-40a9-a467-5f2771b64ae0/17-full.jpg"", ""https://krisha-photos.kcdn.online/webp/6e/6e817851-50c9-40a9-a467-5f2771b64ae0/18-full.jpg"", ""https://krisha-photos.kcdn.online/webp/6e/6e817851-50c9-40a9-a467-5f2771b64ae0/19-full.jpg"", ""https://krisha-photos.kcdn.online/webp/6e/6e817851-50c9-40a9-a467-5f2771b64ae0/20-full.jpg""]",20,61a2d9c73a872747c9b37ee13cfc9ff6d3cd2a35ad2a83ea7d1f4618649f6048,,Хозяин,False,2026-08-07,2026-05-24,2026-08-07,live,2026-08-11T07:10:08+00:00,False,address_layout_dedup,"duplicate_address_layout (street='dostyk', house='5', floor='10', rooms='2', square within 1.0m2)"
680626986,https://krisha.kz/a/show/680626986,1-комнатная квартира · 43 м² · 3/8 этаж,250000,за месяц,5814,1,43,3,8,Esilyskiy_r-n,Astana,Buhar_Zhirau,42,51.096456,71.448863,,,,полностью,"свежий ремонт, новая мебель",нет,,,,"Сдам однокомнатную квартиру на левом берегу в ЖК Арнау 11. Квартира новая с электронными дверями. В квартире есть все для уютного проживание. Кровать с ортопедическим матрасом, телевизор, Стиралка, микроволновка, холодильник мебель встроенная с подсветкой Квартира распашонка окна смотрят на две стороны уют и все необходимое имеется Рядом есть новый парк Самал Призиденский парк имеется своя аллея школа и детскии сады","[""https://krisha-photos.kcdn.online/webp/b7/b7186707-a3e2-4934-a5c0-f842d1a0689c/9-full.jpg"", ""https://krisha-photos.kcdn.online/webp/b7/b7186707-a3e2-4934-a5c0-f842d1a0689c/10-full.jpg"", ""https://krisha-photos.kcdn.online/webp/b7/b7186707-a3e2-4934-a5c0-f842d1a0689c/11-full.jpg"", ""https://krisha-photos.kcdn.online/webp/b7/b7186707-a3e2-4934-a5c0-f842d1a0689c/12-full.jpg"", ""https://krisha-photos.kcdn.online/webp/b7/b7186707-a3e2-4934-a5c0-f842d1a0689c/13-full.jpg"", ""https://krisha-photos.kcdn.online/webp/b7/b7186707-a3e2-4934-a5c0-f842d1a0689c/14-full.jpg"", ""https://krisha-photos.kcdn.online/webp/b7/b7186707-a3e2-4934-a5c0-f842d1a0689c/15-full.jpg"", ""https://krisha-photos.kcdn.online/webp/b7/b7186707-a3e2-4934-a5c0-f842d1a0689c/16-full.jpg"", ""https://krisha-photos.kcdn.online/webp/b7/b7186707-a3e2-4934-a5c0-f842d1a0689c/17-full.jpg"", ""https://krisha-photos.kcdn.online/webp/b7/b7186707-a3e2-4934-a5c0-f842d1a0689c/18-full.jpg"", ""https://krisha-photos.kcdn.online/webp/b7/b7186707-a3e2-4934-a5c0-f842d1a0689c/19-full.jpg"", ""https://krisha-photos.kcdn.online/webp/b7/b7186707-a3e2-4934-a5c0-f842d1a0689c/20-full.jpg"", ""https://krisha-photos.kcdn.online/webp/b7/b7186707-a3e2-4934-a5c0-f842d1a0689c/21-full.jpg""]",13,95cb9027e133d621206fb49d428ec0895743ccc53138ab760fd4b619ea053aa4,,Хозяин,False,2026-08-07,2022-11-25,2026-08-07,live,2026-08-11T07:10:08+00:00,False,address_layout_dedup,"duplicate_address_layout (street='buhar_zhirau', house='42', floor='3', rooms='1', square within 1.0m2)"
1005534806,https://krisha.kz/a/show/1005534806,1-комнатная квартира · 31 м² · 4/5 этаж,200000,за месяц,6452,1,31,4,5,Esilyskiy_r-n,Astana,Aly-Farabi,76,51.050297909819,71.435591951099,21357950,,,полностью,"свежий ремонт, новая мебель",,,,,"Уютная, чистая квартира с ремонтом в кирпичном доме. 
Не угловая, тёплая, светлая. 
Район с чистым свежим воздухом, рядом магазины, остановки. Договор, фискальный чек выдаем 
Адрес: (ЖК Akjol) 
Аренда: _200.000 тг/мес + коммунальные услуги 
Депозит 50 000 тг. 
Долгосрочная аренда.","[""https://krisha-photos.kcdn.online/webp/fc/fc7ac6bb-0636-4df2-a2dc-ca3f67e20ca9/18-full.jpg"", ""https://krisha-photos.kcdn.online/webp/fc/fc7ac6bb-0636-4df2-a2dc-ca3f67e20ca9/19-full.jpg"", ""https://krisha-photos.kcdn.online/webp/fc/fc7ac6bb-0636-4df2-a2dc-ca3f67e20ca9/3-full.jpg"", ""https://krisha-photos.kcdn.online/webp/fc/fc7ac6bb-0636-4df2-a2dc-ca3f67e20ca9/5-full.jpg"", ""https://krisha-photos.kcdn.online/webp/fc/fc7ac6bb-0636-4df2-a2dc-ca3f67e20ca9/6-full.jpg"", ""https://krisha-photos.kcdn.online/webp/fc/fc7ac6bb-0636-4df2-a2dc-ca3f67e20ca9/7-full.jpg"", ""https://krisha-photos.kcdn.online/webp/fc/fc7ac6bb-0636-4df2-a2dc-ca3f67e20ca9/8-full.jpg"", ""https://krisha-photos.kcdn.online/webp/fc/fc7ac6bb-0636-4df2-a2dc-ca3f67e20ca9/9-full.jpg"", ""https://krisha-photos.kcdn.online/webp/fc/fc7ac6bb-0636-4df2-a2dc-ca3f67e20ca9/10-full.jpg""]",9,d99875c33a69ba29b669157da0432e3cd15768a59d7acbb8e7925a20dcb7eeb2,,Хозяин,False,2026-08-06,2025-09-20,2026-08-06,live,2026-08-11T07:10:08+00:00,False,address_layout_dedup,"duplicate_address_layout (street='aly-farabi', house='76', floor='4', rooms='1', square within 1.0m2)"
1002546820,https://krisha.kz/a/show/1002546820,2-комнатная квартира · 55 м² · 6/8 этаж,300000,за месяц,5455,2,55,6,8,Nura_r-n,Astana,Tole_bi,51,51.123985702503,71.39398366273,9368091,baspana,Baspana,полностью,"свежий ремонт, новая мебель",,,,,"Сдам новую 2х комнатную квартиру, в квартире все необходимые есть. Все бытовые техники и мебели новые. Дом комфорт класс. В доме всего 3 подъезда, закрытый двор. Желательно сдам девушкам работающим, без вредных привычек. 
Риелторы не беспокоить. 300.000тг + ком услуга. Депозит 50.000 ТГ

Дом ориентировочно находится возле Толе би - Сыганак","[""https://krisha-photos.kcdn.online/webp/5b/5b189fea-ca24-46e4-8eaf-3d5afa73bfbe/4-full.jpg"", ""https://krisha-photos.kcdn.online/webp/5b/5b189fea-ca24-46e4-8eaf-3d5afa73bfbe/5-full.jpg"", ""https://krisha-photos.kcdn.online/webp/5b/5b189fea-ca24-46e4-8eaf-3d5afa73bfbe/6-full.jpg"", ""https://krisha-photos.kcdn.online/webp/5b/5b189fea-ca24-46e4-8eaf-3d5afa73bfbe/7-full.jpg"", ""https://krisha-photos.kcdn.online/webp/5b/5b189fea-ca24-46e4-8eaf-3d5afa73bfbe/8-full.jpg"", ""https://krisha-photos.kcdn.online/webp/5b/5b189fea-ca24-46e4-8eaf-3d5afa73bfbe/1-full.jpg"", ""https://krisha-photos.kcdn.online/webp/5b/5b189fea-ca24-46e4-8eaf-3d5afa73bfbe/2-full.jpg""]",7,5566945de66e976a0d2b32ff8559c30d8048bb5e29215060a635f55e70700b02,,Хозяин,False,2026-07-31,2025-06-13,2026-07-31,live,2026-08-06T08:00:26+00:00,False,address_layout_dedup,"duplicate_address_layout (street='tole_bi', house='51', floor='6', rooms='2', square within 1.0m2)"
1012493270,https://krisha.kz/a/show/1012493270,2-комнатная квартира · 50 м² · 11/18 этаж,500000,за месяц,10000,2,50,11,18,Esilyskiy_r-n,Astana,Turar_Ryskulov,9,51.08497181287,71.419043540736,18142785,nexpotrend,Nexpo Trend,полностью,,нет,,,,"Сдам новую уютную квартиру в центре левого берега, рядом экспо мега, в квартире есть все, вся техника встроеная, на длительный срок одному человеку и паре

Дом ориентировочно находится возле Рыскулова мангилик ел","[""https://krisha-photos.kcdn.online/webp/cb/cbc9c6ca-5fdf-4690-9b3f-72fd9a905a00/1-full.jpg"", ""https://krisha-photos.kcdn.online/webp/cb/cbc9c6ca-5fdf-4690-9b3f-72fd9a905a00/2-full.jpg"", ""https://krisha-photos.kcdn.online/webp/cb/cbc9c6ca-5fdf-4690-9b3f-72fd9a905a00/3-full.jpg"", ""https://krisha-photos.kcdn.online/webp/cb/cbc9c6ca-5fdf-4690-9b3f-72fd9a905a00/4-full.jpg"", ""https://krisha-photos.kcdn.online/webp/cb/cbc9c6ca-5fdf-4690-9b3f-72fd9a905a00/5-full.jpg"", ""https://krisha-photos.kcdn.online/webp/cb/cbc9c6ca-5fdf-4690-9b3f-72fd9a905a00/6-full.jpg"", ""https://krisha-photos.kcdn.online/webp/cb/cbc9c6ca-5fdf-4690-9b3f-72fd9a905a00/7-full.jpg"", ""https://krisha-photos.kcdn.online/webp/cb/cbc9c6ca-5fdf-4690-9b3f-72fd9a905a00/8-full.jpg"", ""https://krisha-photos.kcdn.online/webp/cb/cbc9c6ca-5fdf-4690-9b3f-72fd9a905a00/9-full.jpg"", ""https://krisha-photos.kcdn.online/webp/cb/cbc9c6ca-5fdf-4690-9b3f-72fd9a905a00/10-full.jpg"", ""https://krisha-photos.kcdn.online/webp/cb/cbc9c6ca-5fdf-4690-9b3f-72fd9a905a00/11-full.jpg"", ""https://krisha-photos.kcdn.online/webp/cb/cbc9c6ca-5fdf-4690-9b3f-72fd9a905a00/12-full.jpg""]",12,c3204c3b2bc0833a2bd6b009ae07e0352bcfce0478cb899fe7f28d658d390079,,Хозяин,False,2026-08-01,2026-05-24,2026-08-01,live,2026-08-11T07:10:08+00:00,False,address_layout_dedup,"duplicate_address_layout (street='turar_ryskulov', house='9', floor='11', rooms='2', square within 1.0m2)"
1014254684,https://krisha.kz/a/show/1014254684,2-комнатная квартира · 69 м² · 9/12 этаж,360000,за месяц,5217,2,69,9,12,Nura_r-n,Astana,Uly_Dala,"31,_31/1,_33,_33/1",51.101004509663,71.40182605911,10915321,alpamys,Alpamys,,,нет,,,,"Сдадим квартиру исключительно СЕМЕЙНЫМ, квартира зимой очень теплая, с удобной транспортной развязкой. Дома все есть из мебели. Депозит 200 000 ТЕНГЕ. Реелтров не БЕСПОКОИТЬ!","[""https://krisha-photos.kcdn.online/webp/7f/7f942d46-b805-431e-bffd-deb083ecba74/1-full.jpg"", ""https://krisha-photos.kcdn.online/webp/7f/7f942d46-b805-431e-bffd-deb083ecba74/2-full.jpg"", ""https://krisha-photos.kcdn.online/webp/7f/7f942d46-b805-431e-bffd-deb083ecba74/3-full.jpg"", ""https://krisha-photos.kcdn.online/webp/7f/7f942d46-b805-431e-bffd-deb083ecba74/4-full.jpg"", ""https://krisha-photos.kcdn.online/webp/7f/7f942d46-b805-431e-bffd-deb083ecba74/5-full.jpg"", ""https://krisha-photos.kcdn.online/webp/7f/7f942d46-b805-431e-bffd-deb083ecba74/6-full.jpg""]",6,c9515491f3b624c31ddd35ece9f9b3efaf85dbc5ba0e36284026fade8aa10b45,,Хозяин,False,2026-08-02,2026-07-25,2026-08-02,live,2026-08-11T07:10:08+00:00,False,address_layout_dedup,"duplicate_address_layout (street='uly_dala', house='31,_31/1,_33,_33/1', floor='9', rooms='2', square within 1.0m2)"
1008041686,https://krisha.kz/a/show/1008041686,1-комнатная квартира · 42.5 м² · 14/15 этаж,270000,за месяц,6353,1,42.5,14,15,Nura_r-n,Astana,Turan,71,51.095478556831,71.39192555562,18198877,rauda,RAUDA,полностью,"свежий ремонт, новая мебель",,,,,"Новая, светлая и уютная квартира в современном жилом комплексе. Полностью готова к заселению. Удобная планировка, качественная отделка, застеклённый балкон. Вид на Туран и Назарбаев Университет. 
Рядом круглосуточный Смолл. Можно заезжать и жить, всё необходимое имеется. Солнечная сторона, квартира теплая. 
На фото не всё показано. 
Сдается на долгий срок чистоплотным людям. Заезд с 12 августа.

Дом ориентировочно находится возле Назарбаев университет","[""https://krisha-photos.kcdn.online/webp/a1/a114a3ee-c6a0-4810-9091-a454aecfd176/8-full.jpg"", ""https://krisha-photos.kcdn.online/webp/a1/a114a3ee-c6a0-4810-9091-a454aecfd176/1-full.jpg"", ""https://krisha-photos.kcdn.online/webp/a1/a114a3ee-c6a0-4810-9091-a454aecfd176/2-full.jpg"", ""https://krisha-photos.kcdn.online/webp/a1/a114a3ee-c6a0-4810-9091-a454aecfd176/3-full.jpg"", ""https://krisha-photos.kcdn.online/webp/a1/a114a3ee-c6a0-4810-9091-a454aecfd176/4-full.jpg"", ""https://krisha-photos.kcdn.online/webp/a1/a114a3ee-c6a0-4810-9091-a454aecfd176/5-full.jpg"", ""https://krisha-photos.kcdn.online/webp/a1/a114a3ee-c6a0-4810-9091-a454aecfd176/6-full.jpg"", ""https://krisha-photos.kcdn.online/webp/a1/a114a3ee-c6a0-4810-9091-a454aecfd176/7-full.jpg"", ""https://krisha-photos.kcdn.online/webp/a1/a114a3ee-c6a0-4810-9091-a454aecfd176/9-full.jpg""]",9,d44d9785d4c8d4b6c7e19210c5e35032241b4504e428de20d8aeac226504c3ee,,Хозяин,False,2026-08-01,2025-12-16,2026-08-01,live,2026-08-06T07:52:27+00:00,False,address_layout_dedup,"duplicate_address_layout (street='turan', house='71', floor='14', rooms='1', square within 1.0m2)"
1005175476,https://krisha.kz/a/show/1005175476,2-комнатная квартира · 54 м² · 3/18 этаж,290000,за месяц,5370,2,54,3,18,Saryarka_r-n,Astana,Abaya,21,51.167058,71.412301,,,,,,нет,,,,"Сдам квартиру на долгий срок. меблирована полностью, Свежая, чистая. В золотом квадрате. В квартире курить нельзя. Без животных. Огромная гардеробная комната. Огромный балкон. Кухню освежила. Диваны и ковер после химчистки. 
Оплата за 1 мес +1 мес возвратный депозит! 
Писать

Дом ориентировочно находится возле Женис","[""https://krisha-photos.kcdn.online/webp/58/58cb85d5-4a0f-4a59-8960-84991efa9eb2/1-full.jpg"", ""https://krisha-photos.kcdn.online/webp/58/58cb85d5-4a0f-4a59-8960-84991efa9eb2/2-full.jpg"", ""https://krisha-photos.kcdn.online/webp/58/58cb85d5-4a0f-4a59-8960-84991efa9eb2/3-full.jpg"", ""https://krisha-photos.kcdn.online/webp/58/58cb85d5-4a0f-4a59-8960-84991efa9eb2/4-full.jpg"", ""https://krisha-photos.kcdn.online/webp/58/58cb85d5-4a0f-4a59-8960-84991efa9eb2/5-full.jpg"", ""https://krisha-photos.kcdn.online/webp/58/58cb85d5-4a0f-4a59-8960-84991efa9eb2/6-full.jpg"", ""https://krisha-photos.kcdn.online/webp/58/58cb85d5-4a0f-4a59-8960-84991efa9eb2/7-full.jpg""]",7,be8f7cfb019184d24ed0a3135799a59b7b61e3e5c8c4c3857212aa3a4be1f380,,Хозяин,False,2026-08-01,2025-09-09,2026-08-01,live,2026-08-11T07:10:08+00:00,False,address_layout_dedup,"duplicate_address_layout (street='abaya', house='21', floor='3', rooms='2', square within 1.0m2)"
683758447,https://krisha.kz/a/show/683758447,1-комнатная квартира · 37 м² · 7/22 этаж,250000,за месяц,6757,1,37,7,22,Esilyskiy_r-n,Astana,Bekturova,4/1,51.121892851628,71.400107464046,8521152,altynshar2,Алтын Шар 2,полностью,,нет,,,,"Сдам в аренду 1 комн чистую квартиру. 
Желательно девушкам 
Цена 250 тыс + ком услуги 
Депозит 30 тыс","[""https://krisha-photos.kcdn.online/webp/7c/7c2a670a-0e57-4b2b-8aa4-21ead85b118c/1-full.jpg"", ""https://krisha-photos.kcdn.online/webp/7c/7c2a670a-0e57-4b2b-8aa4-21ead85b118c/2-full.jpg"", ""https://krisha-photos.kcdn.online/webp/7c/7c2a670a-0e57-4b2b-8aa4-21ead85b118c/3-full.jpg""]",3,97c51b6c9541bf3d6ee77df285d814433ee0e66584a310449b1cabe4320c998f,,Хозяин,False,2026-08-01,2023-04-06,2026-08-01,live,2026-08-09T06:42:53+00:00,False,address_layout_dedup,"duplicate_address_layout (street='bekturova', house='4/1', floor='7', rooms='1', square within 1.0m2)"
1011598946,https://krisha.kz/a/show/1011598946,1-комнатная квартира · 41 м² · 4/16 этаж,220000,за месяц,5366,1,41,4,16,Esilyskiy_r-n,Astana,Mangilik_El,74,51.06859129051,71.418095973178,20657366,adamantlife,Adamant Life,полностью,"свежий ремонт, новая мебель",,,,,"Сдается новая квартира в аренду на длительный срок, ранее не сдавалась, депозит 100 000 тг

Дом ориентировочно находится возле Мангилик ел","[""https://krisha-photos.kcdn.online/webp/d0/d07a04d2-fbaa-4b20-87c7-0a35ac496ee5/6-full.jpg"", ""https://krisha-photos.kcdn.online/webp/d0/d07a04d2-fbaa-4b20-87c7-0a35ac496ee5/5-full.jpg"", ""https://krisha-photos.kcdn.online/webp/d0/d07a04d2-fbaa-4b20-87c7-0a35ac496ee5/7-full.jpg"", ""https://krisha-photos.kcdn.online/webp/d0/d07a04d2-fbaa-4b20-87c7-0a35ac496ee5/8-full.jpg"", ""https://krisha-photos.kcdn.online/webp/d0/d07a04d2-fbaa-4b20-87c7-0a35ac496ee5/9-full.jpg"", ""https://krisha-photos.kcdn.online/webp/d0/d07a04d2-fbaa-4b20-87c7-0a35ac496ee5/10-full.jpg""]",6,79dc81436cbd75d1d4500d7953b01cdc9978a5c5c53f3a89afd0660e7e33f080,,Хозяин,False,2026-07-31,2026-04-23,2026-07-31,live,2026-08-09T06:42:53+00:00,False,address_layout_dedup,"duplicate_address_layout (street='mangilik_el', house='74', floor='4', rooms='1', square within 1.0m2)"
1014441928,https://krisha.kz/a/show/1014441928,1-комнатная квартира · 42 м² · 4/16 этаж,220000,за месяц,5238,1,42,4,16,Esilyskiy_r-n,Astana,Mangilik_El,74,51.06859129051,71.418095973178,20657366,adamantlife,Adamant Life,полностью,"свежий ремонт, новая мебель",,,,,ключи у риелтора!депозит возвратный 100тыс тенге обязательные условия при условии проживания не менее 7 месяцев!услуги Агентства 50 000 тг!напротив новой мечети!,"[""https://krisha-photos.kcdn.online/webp/cf/cf02a891-6e58-42a9-bd7b-6d48a52dba7a/1-full.jpg"", ""https://krisha-photos.kcdn.online/webp/cf/cf02a891-6e58-42a9-bd7b-6d48a52dba7a/2-full.jpg"", ""https://krisha-photos.kcdn.online/webp/cf/cf02a891-6e58-42a9-bd7b-6d48a52dba7a/3-full.jpg"", ""https://krisha-photos.kcdn.online/webp/cf/cf02a891-6e58-42a9-bd7b-6d48a52dba7a/4-full.jpg"", ""https://krisha-photos.kcdn.online/webp/cf/cf02a891-6e58-42a9-bd7b-6d48a52dba7a/5-full.jpg""]",5,142cc64e515ae15c0912abd23a9476536d3fa32bdc8633bd2daa27e289f96bdb,,Мир квартир,False,2026-08-01,2026-08-01,2026-08-01,live,2026-08-06T07:55:47+00:00,False,address_layout_dedup,"duplicate_address_layout (street='mangilik_el', house='74', floor='4', rooms='1', square within 1.0m2)"
1014377474,https://krisha.kz/a/show/1014377474,2-комнатная квартира · 51.3 м² · 3/9 этаж,300000,за месяц,5848,2,51.3,3,9,Esilyskiy_r-n,Astana,E_511,25,51.082298259211,71.468608712225,21319257,jetisunauryz,Jetisu.Nauryz,частично,,нет,,,,"Сдаётся в аренду полноценная 2-комнатная квартира! 
 
Идеальный вариант для семейной пары с одним взрослым или большими детьми, а также для молодой семейной пары. 
 
✔️ Чистая, уютная и готовая к проживанию квартира. 
✔️ Можно заехать со своей мебелью. 
✔️ Рассматриваем только аккуратных, некурящих, непьющих арендаторов. 
✔️ Без домашних животных. 
 
Условия аренды: 
 
* Ежемесячная арендная плата — 300 000 ₸. 
* Коммунальные услуги оплачиваются отдельно. 
* Возвратный депозит — 150 000 ₸. 
 
Если вы ищете комфортное жильё на длительный срок и готовы бережно относиться к квартире — будем рады вашему обращению!","[""https://krisha-photos.kcdn.online/webp/06/06934332-4e76-4fbf-9380-dc0dd8270ee1/1-full.jpg"", ""https://krisha-photos.kcdn.online/webp/06/06934332-4e76-4fbf-9380-dc0dd8270ee1/2-full.jpg"", ""https://krisha-photos.kcdn.online/webp/06/06934332-4e76-4fbf-9380-dc0dd8270ee1/3-full.jpg"", ""https://krisha-photos.kcdn.online/webp/06/06934332-4e76-4fbf-9380-dc0dd8270ee1/4-full.jpg"", ""https://krisha-photos.kcdn.online/webp/06/06934332-4e76-4fbf-9380-dc0dd8270ee1/5-full.jpg"", ""https://krisha-photos.kcdn.online/webp/06/06934332-4e76-4fbf-9380-dc0dd8270ee1/6-full.jpg"", ""https://krisha-photos.kcdn.online/webp/06/06934332-4e76-4fbf-9380-dc0dd8270ee1/7-full.jpg"", ""https://krisha-photos.kcdn.online/webp/06/06934332-4e76-4fbf-9380-dc0dd8270ee1/8-full.jpg"", ""https://krisha-photos.kcdn.online/webp/06/06934332-4e76-4fbf-9380-dc0dd8270ee1/9-full.jpg""]",9,731f6fb8fbe2041068dc159c10d9d15b9b7cf2da85ad7b29be9b27be71fc6033,,"Ташманова Гульжан, компания «Vykup_i_prodazha»",False,2026-07-31,2026-07-29,2026-07-31,live,2026-08-06T07:58:01+00:00,False,address_layout_dedup,"duplicate_address_layout (street='e_511', house='25', floor='3', rooms='2', square within 1.0m2)"
1012648487,https://krisha.kz/a/show/1012648487,4-комнатная квартира · 170 м² · 17/18 этаж,730000,за месяц,4294,4,170,17,18,Sarayshyk_r-n,Astana,Shamshi_Kaldayakov,1,51.119899021209,71.455065037422,8478638,grand-astana-elit,Гранд Астана Элит,полностью,,нет,,,,"Сдаётся просторная и стильная 4-комнатная квартира в элитном жилом комплексе Гранд Астана Элит 
 
Общая площадь - 170 кв. м, расположена на 17 этаже из 18, что открывает прекрасные виды и обеспечивает тишину и приватность. 
 
Продуманная планировка включает: 
- 4 изолированные комнаты 
- 2 вместительные гардеробные 
- 3 санузла 
 
Интерьер выполнен с использованием премиальных материалов: 
в санузлах установлена сантехника и мебель Villeroy & Boch, отделка выполнена плиткой Valentino. 
Квартира полностью укомплектована изысканной итальянской мебелью, создающей атмосферу уюта и статуса. 
 
Депозит 300 000 тг 
Паркинг 1 место 
Идеальный вариант для тех, кто ценит комфорт, качество и высокий уровень жизни.","[""https://krisha-photos.kcdn.online/webp/86/8639b291-4cf0-46b9-9228-72c28a8badf7/1-full.jpg"", ""https://krisha-photos.kcdn.online/webp/86/8639b291-4cf0-46b9-9228-72c28a8badf7/2-full.jpg"", ""https://krisha-photos.kcdn.online/webp/86/8639b291-4cf0-46b9-9228-72c28a8badf7/3-full.jpg"", ""https://krisha-photos.kcdn.online/webp/86/8639b291-4cf0-46b9-9228-72c28a8badf7/4-full.jpg"", ""https://krisha-photos.kcdn.online/webp/86/8639b291-4cf0-46b9-9228-72c28a8badf7/5-full.jpg"", ""https://krisha-photos.kcdn.online/webp/86/8639b291-4cf0-46b9-9228-72c28a8badf7/6-full.jpg"", ""https://krisha-photos.kcdn.online/webp/86/8639b291-4cf0-46b9-9228-72c28a8badf7/7-full.jpg"", ""https://krisha-photos.kcdn.online/webp/86/8639b291-4cf0-46b9-9228-72c28a8badf7/8-full.jpg"", ""https://krisha-photos.kcdn.online/webp/86/8639b291-4cf0-46b9-9228-72c28a8badf7/9-full.jpg"", ""https://krisha-photos.kcdn.online/webp/86/8639b291-4cf0-46b9-9228-72c28a8badf7/10-full.jpg"", ""https://krisha-photos.kcdn.online/webp/86/8639b291-4cf0-46b9-9228-72c28a8badf7/11-full.jpg"", ""https://krisha-photos.kcdn.online/webp/86/8639b291-4cf0-46b9-9228-72c28a8badf7/12-full.jpg"", ""https://krisha-photos.kcdn.online/webp/86/8639b291-4cf0-46b9-9228-72c28a8badf7/13-full.jpg"", ""https://krisha-photos.kcdn.online/webp/86/8639b291-4cf0-46b9-9228-72c28a8badf7/14-full.jpg"", ""https://krisha-photos.kcdn.online/webp/86/8639b291-4cf0-46b9-9228-72c28a8badf7/15-full.jpg"", ""https://krisha-photos.kcdn.online/webp/86/8639b291-4cf0-46b9-9228-72c28a8badf7/16-full.jpg"", ""https://krisha-photos.kcdn.online/webp/86/8639b291-4cf0-46b9-9228-72c28a8badf7/17-full.jpg"", ""https://krisha-photos.kcdn.online/webp/86/8639b291-4cf0-46b9-9228-72c28a8badf7/18-full.jpg"", ""https://krisha-photos.kcdn.online/webp/86/8639b291-4cf0-46b9-9228-72c28a8badf7/19-full.jpg"", ""https://krisha-photos.kcdn.online/webp/86/8639b291-4cf0-46b9-9228-72c28a8badf7/20-full.jpg"", ""https://krisha-photos.kcdn.online/webp/86/8639b291-4cf0-46b9-9228-72c28a8badf7/21-full.jpg"", ""https://krisha-photos.kcdn.online/webp/86/8639b291-4cf0-46b9-9228-72c28a8badf7/22-full.jpg"", ""https://krisha-photos.kcdn.online/webp/86/8639b291-4cf0-46b9-9228-72c28a8badf7/23-full.jpg""]",23,69399e81d97b7304a97c5cc36f6cd23276d85827a4593dfb65133c87709546f1,,"Шарапединова Альбина, компания «Vykup_i_prodazha»",False,2026-08-06,2026-05-29,2026-08-06,live,2026-08-11T07:10:08+00:00,False,address_layout_dedup,"duplicate_address_layout (street='shamshi_kaldayakov', house='1', floor='17', rooms='4', square within 1.0m2)"
1012162374,https://krisha.kz/a/show/1012162374,4-комнатная квартира · 170 м² · 17/18 этаж,650000,за месяц,4235,4,170,17,18,Almaty_r-n,Astana,Shamshi_Kaldayakov,1,51.119899021209,71.455065037422,8478638,grand-astana-elit,Гранд Астана Элит,полностью,,нет,,,,"Сдается полноценная 4-х комнатная квартира с панорамным видом на всю столицу в ЖК ГрандАстанаЭлит! 
На площадке две квартиры. Четыре комнаты 170 квадратных метров. 
Две гардеробные 
Три санузла 
Сантехника, мебель в санузлах Вилерой, кафель Valentino. 
Мебель в основном итальянская, либо на заказ с Алматы. 
Спальня абсолютно новая итальянская с магазина Браво. 
Стиральная машина Bosch, телевизор Sony, холодильник Liebherr, варочная поверхность и духовка Franke 
Квартира ранее в аренду не сдавалась. 
Месяц 750 000 без квартплаты.","[""https://krisha-photos.kcdn.online/webp/31/31b8d967-56d5-4389-b3ff-c64af4fe0a87/1-full.jpg"", ""https://krisha-photos.kcdn.online/webp/31/31b8d967-56d5-4389-b3ff-c64af4fe0a87/2-full.jpg"", ""https://krisha-photos.kcdn.online/webp/31/31b8d967-56d5-4389-b3ff-c64af4fe0a87/3-full.jpg"", ""https://krisha-photos.kcdn.online/webp/31/31b8d967-56d5-4389-b3ff-c64af4fe0a87/4-full.jpg"", ""https://krisha-photos.kcdn.online/webp/31/31b8d967-56d5-4389-b3ff-c64af4fe0a87/5-full.jpg"", ""https://krisha-photos.kcdn.online/webp/31/31b8d967-56d5-4389-b3ff-c64af4fe0a87/6-full.jpg"", ""https://krisha-photos.kcdn.online/webp/31/31b8d967-56d5-4389-b3ff-c64af4fe0a87/7-full.jpg"", ""https://krisha-photos.kcdn.online/webp/31/31b8d967-56d5-4389-b3ff-c64af4fe0a87/8-full.jpg"", ""https://krisha-photos.kcdn.online/webp/31/31b8d967-56d5-4389-b3ff-c64af4fe0a87/9-full.jpg"", ""https://krisha-photos.kcdn.online/webp/31/31b8d967-56d5-4389-b3ff-c64af4fe0a87/10-full.jpg"", ""https://krisha-photos.kcdn.online/webp/31/31b8d967-56d5-4389-b3ff-c64af4fe0a87/11-full.jpg"", ""https://krisha-photos.kcdn.online/webp/31/31b8d967-56d5-4389-b3ff-c64af4fe0a87/12-full.jpg"", ""https://krisha-photos.kcdn.online/webp/31/31b8d967-56d5-4389-b3ff-c64af4fe0a87/13-full.jpg"", ""https://krisha-photos.kcdn.online/webp/31/31b8d967-56d5-4389-b3ff-c64af4fe0a87/14-full.jpg"", ""https://krisha-photos.kcdn.online/webp/31/31b8d967-56d5-4389-b3ff-c64af4fe0a87/15-full.jpg"", ""https://krisha-photos.kcdn.online/webp/31/31b8d967-56d5-4389-b3ff-c64af4fe0a87/16-full.jpg"", ""https://krisha-photos.kcdn.online/webp/31/31b8d967-56d5-4389-b3ff-c64af4fe0a87/17-full.jpg"", ""https://krisha-photos.kcdn.online/webp/31/31b8d967-56d5-4389-b3ff-c64af4fe0a87/18-full.jpg"", ""https://krisha-photos.kcdn.online/webp/31/31b8d967-56d5-4389-b3ff-c64af4fe0a87/19-full.jpg"", ""https://krisha-photos.kcdn.online/webp/31/31b8d967-56d5-4389-b3ff-c64af4fe0a87/20-full.jpg"", ""https://krisha-photos.kcdn.online/webp/31/31b8d967-56d5-4389-b3ff-c64af4fe0a87/21-full.jpg"", ""https://krisha-photos.kcdn.online/webp/31/31b8d967-56d5-4389-b3ff-c64af4fe0a87/22-full.jpg"", ""https://krisha-photos.kcdn.online/webp/31/31b8d967-56d5-4389-b3ff-c64af4fe0a87/23-full.jpg"", ""https://krisha-photos.kcdn.online/webp/31/31b8d967-56d5-4389-b3ff-c64af4fe0a87/24-full.jpg""]",24,1c1e88917498e2df48ab582e4c6a357da503f369bb515cef89aa591b346d2a6a,,ЗОЛОТОЙ КВАДРАТ,True,2026-07-31,2026-05-13,2026-07-31,live,2026-08-09T06:42:53+00:00,False,address_layout_dedup,"duplicate_address_layout (street='shamshi_kaldayakov', house='1', floor='17', rooms='4', square within 1.0m2)"
1013480151,https://krisha.kz/a/show/1013480151,2-комнатная квартира · 64 м² · 4/20 этаж,300000,за месяц,4688,2,64,4,20,Sarayshyk_r-n,Astana,Zhumeken_Nazhimedenov,33,51.118754025626,71.500737304093,16090539,a-city,A-City,частично,"свежий ремонт, новая мебель",,,,,"Сдается стильная и уютная 2-комнатная квартира с современным дизайнерским ремонтом в одном из самых перспективных районов Астаны. 
 
Особенности квартиры: 
 • Итальянский кухонный гарнитур премиального качества. 
 • Встроенная посудомоечная машина. 
 • Элегантный ламинат, уложенный французской ёлочкой. 
 • Продуманная планировка, много света и пространства. 
 
Локация, которая становится всё ценнее: 
 • В нескольких минутах от Нового железнодорожного вокзала. 
 • Недалеко от станции LRT, что обеспечит быстрый доступ в любую часть города. 
 • Рядом супермаркеты, школы, детские сады, кафе, аптеки и остановки общественного транспорта. 
 
Эта квартира создана для тех, кто ценит комфорт, эстетику и высокое качество жизни. 
 
✔ Только на длительный срок. 
✔ Аккуратным и арендаторам. 
✔ Квартира полностью готова к заселению. 
 
Если вы ищете не просто квартиру, а место, куда хочется возвращаться каждый день, — это именно тот вариант. Звоните и записывайтесь на просмотр!

Дом ориентировочно находится возле Нажимедденова","[""https://krisha-photos.kcdn.online/webp/25/2537b704-e1b3-4f4f-9176-7615a3b83467/1-full.jpg"", ""https://krisha-photos.kcdn.online/webp/25/2537b704-e1b3-4f4f-9176-7615a3b83467/2-full.jpg"", ""https://krisha-photos.kcdn.online/webp/25/2537b704-e1b3-4f4f-9176-7615a3b83467/3-full.jpg"", ""https://krisha-photos.kcdn.online/webp/25/2537b704-e1b3-4f4f-9176-7615a3b83467/4-full.jpg"", ""https://krisha-photos.kcdn.online/webp/25/2537b704-e1b3-4f4f-9176-7615a3b83467/5-full.jpg"", ""https://krisha-photos.kcdn.online/webp/25/2537b704-e1b3-4f4f-9176-7615a3b83467/6-full.jpg"", ""https://krisha-photos.kcdn.online/webp/25/2537b704-e1b3-4f4f-9176-7615a3b83467/7-full.jpg"", ""https://krisha-photos.kcdn.online/webp/25/2537b704-e1b3-4f4f-9176-7615a3b83467/8-full.jpg"", ""https://krisha-photos.kcdn.online/webp/25/2537b704-e1b3-4f4f-9176-7615a3b83467/9-full.jpg"", ""https://krisha-photos.kcdn.online/webp/25/2537b704-e1b3-4f4f-9176-7615a3b83467/10-full.jpg"", ""https://krisha-photos.kcdn.online/webp/25/2537b704-e1b3-4f4f-9176-7615a3b83467/11-full.jpg"", ""https://krisha-photos.kcdn.online/webp/25/2537b704-e1b3-4f4f-9176-7615a3b83467/12-full.jpg"", ""https://krisha-photos.kcdn.online/webp/25/2537b704-e1b3-4f4f-9176-7615a3b83467/13-full.jpg"", ""https://krisha-photos.kcdn.online/webp/25/2537b704-e1b3-4f4f-9176-7615a3b83467/14-full.jpg"", ""https://krisha-photos.kcdn.online/webp/25/2537b704-e1b3-4f4f-9176-7615a3b83467/15-full.jpg"", ""https://krisha-photos.kcdn.online/webp/25/2537b704-e1b3-4f4f-9176-7615a3b83467/16-full.jpg"", ""https://krisha-photos.kcdn.online/webp/25/2537b704-e1b3-4f4f-9176-7615a3b83467/17-full.jpg"", ""https://krisha-photos.kcdn.online/webp/25/2537b704-e1b3-4f4f-9176-7615a3b83467/18-full.jpg""]",18,371cb88e915269b2da793120ae19cd95f1debe3315085955def34dd9eb319de3,,Хозяин,False,2026-08-07,2026-06-27,2026-08-07,live,2026-08-11T07:10:08+00:00,False,address_layout_dedup,"duplicate_address_layout (street='zhumeken_nazhimedenov', house='33', floor='4', rooms='2', square within 1.0m2)"
1001143370,https://krisha.kz/a/show/1001143370,2-комнатная квартира · 73 м² · 15/22 этаж,400000,за месяц,5479,2,73,15,22,Nura_r-n,Astana,Syganak,24,51.128204596981,71.38541221575,16738225,resbuplika,Respublika,полностью,"свежий ремонт, новая мебель",,,,,"📢 СДАЕТСЯ В АРЕНДУ 2-КОМНАТНАЯ КВАРТИРА | 
ЖК 2024 г. | УЛ. СЫГАНАК 24 | АСТАНА| 
 
Номер: 
 
⚡️Новая! впервые сдаётся! 
 
📍Район: перспективный, инфраструктура развита, недалеко от Хан-Шатыра. Рядом школа (Binom), магазины, детские сады, фитнес залы (Invictus) и т.д. 
 
🔑 Дом: построен в 2024 году, современный ЖК Respublika 
 
🏢 Этаж: 15 / 22 
 
📐 Площадь: 73 м2 (полноценная 2 комн. квартира) 
 
🔧 Состояние: уютная, светлая, теплая, просторная, свежий евроремонт, всё новое-мебель, техника, сантехника 
 
🛋️ Мебель: полностью укомплектована 
 
📌 Дополнительно: чистый подъезд, видеонаблюдение, лифты, смарт-замок, фейс айди 
 
💵 Цена: 400 000 т/мес + коммунальные + возвратный депозит 100тыс 
 
👫 Только для аккуратных и порядочных 
арендаторов без вредных привычек, без маленьких детей и без животных","[""https://krisha-photos.kcdn.online/webp/9f/9f404045-fb57-4820-afb6-75dc70c556f8/1-full.jpg"", ""https://krisha-photos.kcdn.online/webp/9f/9f404045-fb57-4820-afb6-75dc70c556f8/2-full.jpg"", ""https://krisha-photos.kcdn.online/webp/9f/9f404045-fb57-4820-afb6-75dc70c556f8/3-full.jpg"", ""https://krisha-photos.kcdn.online/webp/9f/9f404045-fb57-4820-afb6-75dc70c556f8/4-full.jpg"", ""https://krisha-photos.kcdn.online/webp/9f/9f404045-fb57-4820-afb6-75dc70c556f8/5-full.jpg"", ""https://krisha-photos.kcdn.online/webp/9f/9f404045-fb57-4820-afb6-75dc70c556f8/6-full.jpg"", ""https://krisha-photos.kcdn.online/webp/9f/9f404045-fb57-4820-afb6-75dc70c556f8/7-full.jpg"", ""https://krisha-photos.kcdn.online/webp/9f/9f404045-fb57-4820-afb6-75dc70c556f8/8-full.jpg"", ""https://krisha-photos.kcdn.online/webp/9f/9f404045-fb57-4820-afb6-75dc70c556f8/9-full.jpg"", ""https://krisha-photos.kcdn.online/webp/9f/9f404045-fb57-4820-afb6-75dc70c556f8/10-full.jpg"", ""https://krisha-photos.kcdn.online/webp/9f/9f404045-fb57-4820-afb6-75dc70c556f8/11-full.jpg"", ""https://krisha-photos.kcdn.online/webp/9f/9f404045-fb57-4820-afb6-75dc70c556f8/12-full.jpg""]",12,cf18fd709a36a78499e3690d8231e8f47ea44366d41c7f3253e1c27917e0c8de,,Хозяин,False,2026-07-31,2025-04-28,2026-07-31,live,2026-08-09T05:49:34+00:00,False,address_layout_dedup,"duplicate_address_layout (street='syganak', house='24', floor='15', rooms='2', square within 1.0m2)"
692268334,https://krisha.kz/a/show/692268334,1-комнатная квартира · 40 м² · 6/9 этаж,350000,за месяц,8750,1,40,6,9,Esilyskiy_r-n,Astana,Kerey_Zhanibek_handary,16,51.113881514156,71.420775809197,9188548,seven,Seven,полностью,,нет,,,,"Красивая, чистая и уютная квартира в центре левого берега, рядом с Ботаническим садом, сдается на месяц, коммунальные оплачиваете самостоятельно, депозит возвратный 30000 тенге","[""https://krisha-photos.kcdn.online/webp/3d/3df53ceb-147b-4e66-bbd4-df5f92b1bb9a/7-full.jpg"", ""https://krisha-photos.kcdn.online/webp/3d/3df53ceb-147b-4e66-bbd4-df5f92b1bb9a/8-full.jpg"", ""https://krisha-photos.kcdn.online/webp/3d/3df53ceb-147b-4e66-bbd4-df5f92b1bb9a/9-full.jpg"", ""https://krisha-photos.kcdn.online/webp/3d/3df53ceb-147b-4e66-bbd4-df5f92b1bb9a/10-full.jpg"", ""https://krisha-photos.kcdn.online/webp/3d/3df53ceb-147b-4e66-bbd4-df5f92b1bb9a/11-full.jpg"", ""https://krisha-photos.kcdn.online/webp/3d/3df53ceb-147b-4e66-bbd4-df5f92b1bb9a/12-full.jpg"", ""https://krisha-photos.kcdn.online/webp/3d/3df53ceb-147b-4e66-bbd4-df5f92b1bb9a/13-full.jpg"", ""https://krisha-photos.kcdn.online/webp/3d/3df53ceb-147b-4e66-bbd4-df5f92b1bb9a/14-full.jpg""]",8,dc571f0ca391447a5e423be0040aaf850388256b7e323730f2d72c5f6d9036c9,,Хозяин,False,2026-07-31,2024-03-18,2026-07-31,live,2026-08-11T07:10:08+00:00,False,address_layout_dedup,"duplicate_address_layout (street='kerey_zhanibek_handary', house='16', floor='6', rooms='1', square within 1.0m2)"
1014408632,https://krisha.kz/a/show/1014408632,2-комнатная квартира · 46 м² · 5/15 этаж,280000,за месяц,6087,2,46,5,15,Nura_r-n,Astana,Tole_bi,25,51.098572,71.38696,14207449,dastur,Dastur,полностью,"свежий ремонт, новая мебель",,,,,"Жилой комплекс ""Dastur"" 
 2 комнатная квартира 
46 м2 общая площадь 
5 этаж из 15 этажей 
Потолки 3 метра окна выходят на две стороны 
Класс жилья Комфорт (Кирпичный дом) 
Закрытый и современный двор везде видеонаблюдение и безопасный двор 
Хорошая шумоизоляция 
Порядочные и тихие соседи 
Год постройки 2024 
Сдается уютная, светлая и красивая квартира. Современный ремонт с мебелью и с техникой на длительный период!. 
В одном из востребованных районах нашей столицы на левому берегу, район Нура. Одним из преимуществ района это удобная и уникальная транспортная развязка района. 
Требование к Арендаторам: 
Порядочные, занятые, ответственные, чистоплотные, без детей и без животных. 
 (Ранее не сдавалась) ! 
Аренда + депозит 
Коммунальные услуги платит арендатор! по всем вопросам писать","[""https://krisha-photos.kcdn.online/webp/1e/1ec07f2b-6079-470e-8c44-07296aa0c3f3/1-full.jpg"", ""https://krisha-photos.kcdn.online/webp/1e/1ec07f2b-6079-470e-8c44-07296aa0c3f3/2-full.jpg"", ""https://krisha-photos.kcdn.online/webp/1e/1ec07f2b-6079-470e-8c44-07296aa0c3f3/3-full.jpg"", ""https://krisha-photos.kcdn.online/webp/1e/1ec07f2b-6079-470e-8c44-07296aa0c3f3/4-full.jpg"", ""https://krisha-photos.kcdn.online/webp/1e/1ec07f2b-6079-470e-8c44-07296aa0c3f3/5-full.jpg"", ""https://krisha-photos.kcdn.online/webp/1e/1ec07f2b-6079-470e-8c44-07296aa0c3f3/6-full.jpg""]",6,ac27e6737ac9fac2b669ec79f2095301a911c9177fa2ae9005959120b2088317,,Мейрамов Темирлан,False,2026-07-31,2026-07-30,2026-07-31,live,2026-08-06T08:04:15+00:00,False,address_layout_dedup,"duplicate_address_layout (street='tole_bi', house='25', floor='5', rooms='2', square within 1.0m2)"
1013857746,https://krisha.kz/a/show/1013857746,1-комнатная квартира · 41 м² · 6/11 этаж,300000,за месяц,7317,1,41,6,11,Esilyskiy_r-n,Astana,Mangilik_El,40,51.101325366301,71.42994835725,10328005,korkem4,Коркем 4,полностью,"свежий ремонт, новая мебель",,,,,"Уважаемые жители и гости предлагаем в аренду на длительный срок уютную однокомнатную квартиру в ЖК Көркем- 4 расположеную в деловом районе столицы по пр. Мәнгілік Ел угол улицы Бухар Жырау вблизи Триумфальной Арки и Ботанического сада. В квартире имеется все для комфортабельного проживания: встроенная мебель, бытовые приборы, мягкая мебель.","[""https://krisha-photos.kcdn.online/webp/6d/6de9cf35-46c3-499e-a273-9a0c50eba8c3/1-full.jpg"", ""https://krisha-photos.kcdn.online/webp/6d/6de9cf35-46c3-499e-a273-9a0c50eba8c3/2-full.jpg"", ""https://krisha-photos.kcdn.online/webp/6d/6de9cf35-46c3-499e-a273-9a0c50eba8c3/3-full.jpg"", ""https://krisha-photos.kcdn.online/webp/6d/6de9cf35-46c3-499e-a273-9a0c50eba8c3/4-full.jpg"", ""https://krisha-photos.kcdn.online/webp/6d/6de9cf35-46c3-499e-a273-9a0c50eba8c3/5-full.jpg"", ""https://krisha-photos.kcdn.online/webp/6d/6de9cf35-46c3-499e-a273-9a0c50eba8c3/6-full.jpg"", ""https://krisha-photos.kcdn.online/webp/6d/6de9cf35-46c3-499e-a273-9a0c50eba8c3/7-full.jpg"", ""https://krisha-photos.kcdn.online/webp/6d/6de9cf35-46c3-499e-a273-9a0c50eba8c3/8-full.jpg"", ""https://krisha-photos.kcdn.online/webp/6d/6de9cf35-46c3-499e-a273-9a0c50eba8c3/9-full.jpg"", ""https://krisha-photos.kcdn.online/webp/6d/6de9cf35-46c3-499e-a273-9a0c50eba8c3/10-full.jpg"", ""https://krisha-photos.kcdn.online/webp/6d/6de9cf35-46c3-499e-a273-9a0c50eba8c3/11-full.jpg"", ""https://krisha-photos.kcdn.online/webp/6d/6de9cf35-46c3-499e-a273-9a0c50eba8c3/12-full.jpg"", ""https://krisha-photos.kcdn.online/webp/6d/6de9cf35-46c3-499e-a273-9a0c50eba8c3/13-full.jpg"", ""https://krisha-photos.kcdn.online/webp/6d/6de9cf35-46c3-499e-a273-9a0c50eba8c3/14-full.jpg"", ""https://krisha-photos.kcdn.online/webp/6d/6de9cf35-46c3-499e-a273-9a0c50eba8c3/15-full.jpg"", ""https://krisha-photos.kcdn.online/webp/6d/6de9cf35-46c3-499e-a273-9a0c50eba8c3/16-full.jpg"", ""https://krisha-photos.kcdn.online/webp/6d/6de9cf35-46c3-499e-a273-9a0c50eba8c3/17-full.jpg"", ""https://krisha-photos.kcdn.online/webp/6d/6de9cf35-46c3-499e-a273-9a0c50eba8c3/18-full.jpg"", ""https://krisha-photos.kcdn.online/webp/6d/6de9cf35-46c3-499e-a273-9a0c50eba8c3/19-full.jpg"", ""https://krisha-photos.kcdn.online/webp/6d/6de9cf35-46c3-499e-a273-9a0c50eba8c3/20-full.jpg"", ""https://krisha-photos.kcdn.online/webp/6d/6de9cf35-46c3-499e-a273-9a0c50eba8c3/21-full.jpg"", ""https://krisha-photos.kcdn.online/webp/6d/6de9cf35-46c3-499e-a273-9a0c50eba8c3/22-full.jpg"", ""https://krisha-photos.kcdn.online/webp/6d/6de9cf35-46c3-499e-a273-9a0c50eba8c3/23-full.jpg"", ""https://krisha-photos.kcdn.online/webp/6d/6de9cf35-46c3-499e-a273-9a0c50eba8c3/24-full.jpg"", ""https://krisha-photos.kcdn.online/webp/6d/6de9cf35-46c3-499e-a273-9a0c50eba8c3/25-full.jpg""]",25,dff9eaf2625a609b096f5855a0c376878b978b8c21d582d14b328111e238a13d,,Хозяин,False,2026-07-31,2026-07-11,2026-07-31,live,2026-08-06T08:04:26+00:00,False,address_layout_dedup,"duplicate_address_layout (street='mangilik_el', house='40', floor='6', rooms='1', square within 1.0m2)"
1007367904,https://krisha.kz/a/show/1007367904,2-комнатная квартира · 61 м² · 6/13 этаж,350000,за месяц,5738,2,61,6,13,Esilyskiy_r-n,Astana,Dostyk,13/2,51.125601,71.435891,,,,полностью,,нет,,,,"Сдаётся 2х комнатная квартира 
ЖК Нурсая 13/2 пересечение 
Достык/Мангилик Ел. 
-Отличный район с развитой инфрактустурлй. Золотой квадрат. 
Квартира просторная уютная санузел душ кабина. Есть всё необходимое для проживания. Предпочтения для работающих, платежеспособных, порядочных арендаторов, можно с детьми 
Район Есиль (Левый берег). 
Этаж 6/7 
350 000+ком. услуги. 
Звоните по аномеру 
 Райхан.","[""https://krisha-photos.kcdn.online/webp/ef/ef19c8fa-32a6-489f-a16c-9d4c6ef4bb66/1-full.jpg"", ""https://krisha-photos.kcdn.online/webp/ef/ef19c8fa-32a6-489f-a16c-9d4c6ef4bb66/2-full.jpg"", ""https://krisha-photos.kcdn.online/webp/ef/ef19c8fa-32a6-489f-a16c-9d4c6ef4bb66/3-full.jpg"", ""https://krisha-photos.kcdn.online/webp/ef/ef19c8fa-32a6-489f-a16c-9d4c6ef4bb66/4-full.jpg"", ""https://krisha-photos.kcdn.online/webp/ef/ef19c8fa-32a6-489f-a16c-9d4c6ef4bb66/5-full.jpg"", ""https://krisha-photos.kcdn.online/webp/ef/ef19c8fa-32a6-489f-a16c-9d4c6ef4bb66/6-full.jpg"", ""https://krisha-photos.kcdn.online/webp/ef/ef19c8fa-32a6-489f-a16c-9d4c6ef4bb66/7-full.jpg"", ""https://krisha-photos.kcdn.online/webp/ef/ef19c8fa-32a6-489f-a16c-9d4c6ef4bb66/8-full.jpg"", ""https://krisha-photos.kcdn.online/webp/ef/ef19c8fa-32a6-489f-a16c-9d4c6ef4bb66/9-full.jpg""]",9,532e0d0fcf43fba8958572868dd5f9ec152d9bfc9038d9017ff2f55e68b92fee,,Хозяин,False,2026-07-31,2025-11-22,2026-07-31,live,2026-08-11T07:10:08+00:00,False,address_layout_dedup,"duplicate_address_layout (street='dostyk', house='13/2', floor='6', rooms='2', square within 1.0m2)"
695065496,https://krisha.kz/a/show/695065496,3-комнатная квартира · 120 м² · 7/14 этаж,1000000,за месяц,8333,3,120,7,14,Nura_r-n,Astana,Kayym_Muhamedhanov,1,51.137259121134,71.411937891388,8479334,,ASTORIA,полностью,,нет,,,,,"[""https://krisha-photos.kcdn.online/webp/dd/dd57cde1-7b05-4c23-8b63-ecbab182d0e7/13-full.jpg"", ""https://krisha-photos.kcdn.online/webp/dd/dd57cde1-7b05-4c23-8b63-ecbab182d0e7/14-full.jpg"", ""https://krisha-photos.kcdn.online/webp/dd/dd57cde1-7b05-4c23-8b63-ecbab182d0e7/2-full.jpg"", ""https://krisha-photos.kcdn.online/webp/dd/dd57cde1-7b05-4c23-8b63-ecbab182d0e7/4-full.jpg"", ""https://krisha-photos.kcdn.online/webp/dd/dd57cde1-7b05-4c23-8b63-ecbab182d0e7/7-full.jpg"", ""https://krisha-photos.kcdn.online/webp/dd/dd57cde1-7b05-4c23-8b63-ecbab182d0e7/8-full.jpg"", ""https://krisha-photos.kcdn.online/webp/dd/dd57cde1-7b05-4c23-8b63-ecbab182d0e7/10-full.jpg""]",7,839db58f21fa079e50179d20a5b092cb32f0c954df60f19bf3086bc4833744a3,,"., компания «Продажа квартир»",False,2026-07-31,2024-06-27,2026-07-31,live,2026-08-06T08:09:34+00:00,False,address_layout_dedup,"duplicate_address_layout (street='kayym_muhamedhanov', house='1', floor='7', rooms='3', square within 1.0m2)"
1013928331,https://krisha.kz/a/show/1013928331,4-комнатная квартира · 146 м² · 8/8 этаж,1300000,за месяц,8904,4,146,8,8,Esilyskiy_r-n,Astana,Kabanbay_Batyra,13,51.139231390102,71.4134837394,16271093,triumphalniy,Триумфальный,полностью,"свежий ремонт, новая мебель",,,,,"🏙️ Сдается роскошная квартира в ЖК бизнес-класса «Триумфальный» 
 
✨ Просторная квартира с дизайнерским ремонтом, выполненным из премиальных материалов. Каждая деталь продумана до мелочей: дорогая сантехника, качественная мебель, современная бытовая техника и стильный интерьер, создающий атмосферу уюта и комфорта. 
 
📍 Одна из лучших локаций Астаны! 
В шаговой доступности: 
• ТРЦ Keruen City 
• ТРЦ Сарыарка 
• Хан Шатыр 
• Театр оперы и балета 
• Рестораны, кофейни, фитнес-клубы, супермаркеты, школы и детские сады 
• Удобная транспортная развязка — легко добраться в любую часть города.","[""https://krisha-photos.kcdn.online/webp/c2/c294e586-767c-4ed9-a97d-75ed91380247/1-full.jpg"", ""https://krisha-photos.kcdn.online/webp/c2/c294e586-767c-4ed9-a97d-75ed91380247/2-full.jpg"", ""https://krisha-photos.kcdn.online/webp/c2/c294e586-767c-4ed9-a97d-75ed91380247/3-full.jpg"", ""https://krisha-photos.kcdn.online/webp/c2/c294e586-767c-4ed9-a97d-75ed91380247/4-full.jpg"", ""https://krisha-photos.kcdn.online/webp/c2/c294e586-767c-4ed9-a97d-75ed91380247/5-full.jpg"", ""https://krisha-photos.kcdn.online/webp/c2/c294e586-767c-4ed9-a97d-75ed91380247/6-full.jpg"", ""https://krisha-photos.kcdn.online/webp/c2/c294e586-767c-4ed9-a97d-75ed91380247/7-full.jpg"", ""https://krisha-photos.kcdn.online/webp/c2/c294e586-767c-4ed9-a97d-75ed91380247/8-full.jpg"", ""https://krisha-photos.kcdn.online/webp/c2/c294e586-767c-4ed9-a97d-75ed91380247/9-full.jpg"", ""https://krisha-photos.kcdn.online/webp/c2/c294e586-767c-4ed9-a97d-75ed91380247/10-full.jpg"", ""https://krisha-photos.kcdn.online/webp/c2/c294e586-767c-4ed9-a97d-75ed91380247/11-full.jpg"", ""https://krisha-photos.kcdn.online/webp/c2/c294e586-767c-4ed9-a97d-75ed91380247/12-full.jpg"", ""https://krisha-photos.kcdn.online/webp/c2/c294e586-767c-4ed9-a97d-75ed91380247/13-full.jpg"", ""https://krisha-photos.kcdn.online/webp/c2/c294e586-767c-4ed9-a97d-75ed91380247/14-full.jpg"", ""https://krisha-photos.kcdn.online/webp/c2/c294e586-767c-4ed9-a97d-75ed91380247/15-full.jpg"", ""https://krisha-photos.kcdn.online/webp/c2/c294e586-767c-4ed9-a97d-75ed91380247/16-full.jpg"", ""https://krisha-photos.kcdn.online/webp/c2/c294e586-767c-4ed9-a97d-75ed91380247/17-full.jpg"", ""https://krisha-photos.kcdn.online/webp/c2/c294e586-767c-4ed9-a97d-75ed91380247/18-full.jpg"", ""https://krisha-photos.kcdn.online/webp/c2/c294e586-767c-4ed9-a97d-75ed91380247/19-full.jpg"", ""https://krisha-photos.kcdn.online/webp/c2/c294e586-767c-4ed9-a97d-75ed91380247/20-full.jpg"", ""https://krisha-photos.kcdn.online/webp/c2/c294e586-767c-4ed9-a97d-75ed91380247/21-full.jpg"", ""https://krisha-photos.kcdn.online/webp/c2/c294e586-767c-4ed9-a97d-75ed91380247/22-full.jpg"", ""https://krisha-photos.kcdn.online/webp/c2/c294e586-767c-4ed9-a97d-75ed91380247/23-full.jpg"", ""https://krisha-photos.kcdn.online/webp/c2/c294e586-767c-4ed9-a97d-75ed91380247/24-full.jpg"", ""https://krisha-photos.kcdn.online/webp/c2/c294e586-767c-4ed9-a97d-75ed91380247/25-full.jpg"", ""https://krisha-photos.kcdn.online/webp/c2/c294e586-767c-4ed9-a97d-75ed91380247/26-full.jpg"", ""https://krisha-photos.kcdn.online/webp/c2/c294e586-767c-4ed9-a97d-75ed91380247/27-full.jpg"", ""https://krisha-photos.kcdn.online/webp/c2/c294e586-767c-4ed9-a97d-75ed91380247/28-full.jpg"", ""https://krisha-photos.kcdn.online/webp/c2/c294e586-767c-4ed9-a97d-75ed91380247/29-full.jpg"", ""https://krisha-photos.kcdn.online/webp/c2/c294e586-767c-4ed9-a97d-75ed91380247/30-full.jpg""]",30,c4c4074845cfff8b5586839e860f5600dd6e4d9abbbfce0d60eeff89da35a718,,"Файзуллина Алия, компания «ИП Меллятова»",False,2026-08-07,2026-07-14,2026-08-07,live,2026-08-11T07:10:08+00:00,False,address_layout_dedup,"duplicate_address_layout (street='kabanbay_batyra', house='13', floor='8', rooms='4', square within 1.0m2)"
1014600246,https://krisha.kz/a/show/1014600246,1-комнатная квартира · 41 м²,230000,за месяц,5610,1,41,8,,Esilyskiy_r-n,Astana,Zhoshy_han,6,51.095656481051,71.438117216725,8698394,adal,Adal,полностью,"не новый, но аккуратный и чистый ремонт",,,,,"рядом автобусная остановка, школа 82 Дарын гимназия, кафе, мини маркет, депозит 120000+ком услуга

Дом ориентировочно находится возле Бухар жырау36 Б","[""https://krisha-photos.kcdn.online/webp/a7/a78b9b77-6d9f-45a6-bf11-e06f2c46b939/1-full.jpg"", ""https://krisha-photos.kcdn.online/webp/a7/a78b9b77-6d9f-45a6-bf11-e06f2c46b939/2-full.jpg"", ""https://krisha-photos.kcdn.online/webp/a7/a78b9b77-6d9f-45a6-bf11-e06f2c46b939/3-full.jpg"", ""https://krisha-photos.kcdn.online/webp/a7/a78b9b77-6d9f-45a6-bf11-e06f2c46b939/4-full.jpg"", ""https://krisha-photos.kcdn.online/webp/a7/a78b9b77-6d9f-45a6-bf11-e06f2c46b939/5-full.jpg"", ""https://krisha-photos.kcdn.online/webp/a7/a78b9b77-6d9f-45a6-bf11-e06f2c46b939/6-full.jpg"", ""https://krisha-photos.kcdn.online/webp/a7/a78b9b77-6d9f-45a6-bf11-e06f2c46b939/7-full.jpg"", ""https://krisha-photos.kcdn.online/webp/a7/a78b9b77-6d9f-45a6-bf11-e06f2c46b939/8-full.jpg"", ""https://krisha-photos.kcdn.online/webp/a7/a78b9b77-6d9f-45a6-bf11-e06f2c46b939/9-full.jpg"", ""https://krisha-photos.kcdn.online/webp/a7/a78b9b77-6d9f-45a6-bf11-e06f2c46b939/10-full.jpg"", ""https://krisha-photos.kcdn.online/webp/a7/a78b9b77-6d9f-45a6-bf11-e06f2c46b939/11-full.jpg"", ""https://krisha-photos.kcdn.online/webp/a7/a78b9b77-6d9f-45a6-bf11-e06f2c46b939/12-full.jpg"", ""https://krisha-photos.kcdn.online/webp/a7/a78b9b77-6d9f-45a6-bf11-e06f2c46b939/13-full.jpg"", ""https://krisha-photos.kcdn.online/webp/a7/a78b9b77-6d9f-45a6-bf11-e06f2c46b939/14-full.jpg""]",14,38717195ecd59564fdc53394a7503565b46188ee00afe17f17a34273407cd2cd,,Хозяин,False,2026-08-08,2026-08-06,2026-08-08,live,2026-08-11T07:10:08+00:00,False,address_layout_dedup,"duplicate_address_layout (street='zhoshy_han', house='6', floor='8', rooms='1', square within 1.0m2)"
698330610,https://krisha.kz/a/show/698330610,1-комнатная квартира · 46 м² · 6/9 этаж,300000,за месяц,6522,1,46,6,9,Esilyskiy_r-n,Astana,Bokeyhana,16,51.107706147158,71.435079570001,15224169,asylymprime,Asylym Prime,полностью,"свежий ремонт, новая мебель",,,,,"Дом премиум класса. Отличный район. Развитая инфраструктура. Светлая, чистая, НОВАЯ, тёплая, уютная квартира! На длительный срок. Обязательный депозит 100 000 тг. + ком. услуги. 
Риэлторов просим не беспокоить!

Дом ориентировочно находится возле Орынбор","[""https://krisha-photos.kcdn.online/webp/66/668e95f2-4b86-4e9b-af37-dab41aaaf444/19-full.jpg"", ""https://krisha-photos.kcdn.online/webp/66/668e95f2-4b86-4e9b-af37-dab41aaaf444/20-full.jpg"", ""https://krisha-photos.kcdn.online/webp/66/668e95f2-4b86-4e9b-af37-dab41aaaf444/21-full.jpg"", ""https://krisha-photos.kcdn.online/webp/66/668e95f2-4b86-4e9b-af37-dab41aaaf444/22-full.jpg"", ""https://krisha-photos.kcdn.online/webp/66/668e95f2-4b86-4e9b-af37-dab41aaaf444/23-full.jpg"", ""https://krisha-photos.kcdn.online/webp/66/668e95f2-4b86-4e9b-af37-dab41aaaf444/24-full.jpg"", ""https://krisha-photos.kcdn.online/webp/66/668e95f2-4b86-4e9b-af37-dab41aaaf444/25-full.jpg"", ""https://krisha-photos.kcdn.online/webp/66/668e95f2-4b86-4e9b-af37-dab41aaaf444/26-full.jpg"", ""https://krisha-photos.kcdn.online/webp/66/668e95f2-4b86-4e9b-af37-dab41aaaf444/27-full.jpg"", ""https://krisha-photos.kcdn.online/webp/66/668e95f2-4b86-4e9b-af37-dab41aaaf444/28-full.jpg"", ""https://krisha-photos.kcdn.online/webp/66/668e95f2-4b86-4e9b-af37-dab41aaaf444/29-full.jpg"", ""https://krisha-photos.kcdn.online/webp/66/668e95f2-4b86-4e9b-af37-dab41aaaf444/30-full.jpg"", ""https://krisha-photos.kcdn.online/webp/66/668e95f2-4b86-4e9b-af37-dab41aaaf444/31-full.jpg"", ""https://krisha-photos.kcdn.online/webp/66/668e95f2-4b86-4e9b-af37-dab41aaaf444/32-full.jpg"", ""https://krisha-photos.kcdn.online/webp/66/668e95f2-4b86-4e9b-af37-dab41aaaf444/18-full.jpg""]",15,626832b0bcef00d76f7ab92790aa02057aa648ad3f688a4e9ba24a1311558957,,Хозяин,False,2026-07-30,2024-10-27,2026-07-30,live,2026-08-06T08:13:16+00:00,False,address_layout_dedup,"duplicate_address_layout (street='bokeyhana', house='16', floor='6', rooms='1', square within 1.0m2)"
1014363742,https://krisha.kz/a/show/1014363742,5-комнатная квартира · 186 м² · 5/7 этаж,2000000,за месяц,10753,5,186,5,7,Almaty_r-n,Astana,Kasym_Amanzholov,22,51.11558492325,71.472721786456,19061709,,,полностью,"свежий ремонт, новая мебель",,,,,"Сдаётся в аренду роскошная 5-комнатная квартира в клубном доме Hayat. 
 
• Общая площадь — 186 м² 
• 4 изолированные спальни 
• Просторная гостиная и кухня 
• Подземный паркинг входит в стоимость аренды 
• Закрытая охраняемая территория, высокий уровень безопасности и приватности 
• Премиальный жилой комплекс для комфортной жизни 
 
Идеальный вариант для большой семьи, дипломатов и руководителей, ценящих простор, комфорт и престиж.","[""https://krisha-photos.kcdn.online/webp/7c/7cd0efda-e081-4ab7-be8c-9dbaa069bca8/1-full.jpg"", ""https://krisha-photos.kcdn.online/webp/7c/7cd0efda-e081-4ab7-be8c-9dbaa069bca8/2-full.jpg"", ""https://krisha-photos.kcdn.online/webp/7c/7cd0efda-e081-4ab7-be8c-9dbaa069bca8/3-full.jpg"", ""https://krisha-photos.kcdn.online/webp/7c/7cd0efda-e081-4ab7-be8c-9dbaa069bca8/4-full.jpg"", ""https://krisha-photos.kcdn.online/webp/7c/7cd0efda-e081-4ab7-be8c-9dbaa069bca8/5-full.jpg"", ""https://krisha-photos.kcdn.online/webp/7c/7cd0efda-e081-4ab7-be8c-9dbaa069bca8/6-full.jpg"", ""https://krisha-photos.kcdn.online/webp/7c/7cd0efda-e081-4ab7-be8c-9dbaa069bca8/7-full.jpg"", ""https://krisha-photos.kcdn.online/webp/7c/7cd0efda-e081-4ab7-be8c-9dbaa069bca8/8-full.jpg"", ""https://krisha-photos.kcdn.online/webp/7c/7cd0efda-e081-4ab7-be8c-9dbaa069bca8/9-full.jpg"", ""https://krisha-photos.kcdn.online/webp/7c/7cd0efda-e081-4ab7-be8c-9dbaa069bca8/10-full.jpg"", ""https://krisha-photos.kcdn.online/webp/7c/7cd0efda-e081-4ab7-be8c-9dbaa069bca8/11-full.jpg"", ""https://krisha-photos.kcdn.online/webp/7c/7cd0efda-e081-4ab7-be8c-9dbaa069bca8/12-full.jpg"", ""https://krisha-photos.kcdn.online/webp/7c/7cd0efda-e081-4ab7-be8c-9dbaa069bca8/13-full.jpg"", ""https://krisha-photos.kcdn.online/webp/7c/7cd0efda-e081-4ab7-be8c-9dbaa069bca8/14-full.jpg"", ""https://krisha-photos.kcdn.online/webp/7c/7cd0efda-e081-4ab7-be8c-9dbaa069bca8/15-full.jpg"", ""https://krisha-photos.kcdn.online/webp/7c/7cd0efda-e081-4ab7-be8c-9dbaa069bca8/16-full.jpg"", ""https://krisha-photos.kcdn.online/webp/7c/7cd0efda-e081-4ab7-be8c-9dbaa069bca8/17-full.jpg"", ""https://krisha-photos.kcdn.online/webp/7c/7cd0efda-e081-4ab7-be8c-9dbaa069bca8/18-full.jpg"", ""https://krisha-photos.kcdn.online/webp/7c/7cd0efda-e081-4ab7-be8c-9dbaa069bca8/19-full.jpg"", ""https://krisha-photos.kcdn.online/webp/7c/7cd0efda-e081-4ab7-be8c-9dbaa069bca8/20-full.jpg"", ""https://krisha-photos.kcdn.online/webp/7c/7cd0efda-e081-4ab7-be8c-9dbaa069bca8/21-full.jpg"", ""https://krisha-photos.kcdn.online/webp/7c/7cd0efda-e081-4ab7-be8c-9dbaa069bca8/22-full.jpg"", ""https://krisha-photos.kcdn.online/webp/7c/7cd0efda-e081-4ab7-be8c-9dbaa069bca8/23-full.jpg"", ""https://krisha-photos.kcdn.online/webp/7c/7cd0efda-e081-4ab7-be8c-9dbaa069bca8/24-full.jpg"", ""https://krisha-photos.kcdn.online/webp/7c/7cd0efda-e081-4ab7-be8c-9dbaa069bca8/25-full.jpg"", ""https://krisha-photos.kcdn.online/webp/7c/7cd0efda-e081-4ab7-be8c-9dbaa069bca8/26-full.jpg"", ""https://krisha-photos.kcdn.online/webp/7c/7cd0efda-e081-4ab7-be8c-9dbaa069bca8/27-full.jpg"", ""https://krisha-photos.kcdn.online/webp/7c/7cd0efda-e081-4ab7-be8c-9dbaa069bca8/28-full.jpg"", ""https://krisha-photos.kcdn.online/webp/7c/7cd0efda-e081-4ab7-be8c-9dbaa069bca8/29-full.jpg"", ""https://krisha-photos.kcdn.online/webp/7c/7cd0efda-e081-4ab7-be8c-9dbaa069bca8/30-full.jpg"", ""https://krisha-photos.kcdn.online/webp/7c/7cd0efda-e081-4ab7-be8c-9dbaa069bca8/31-full.jpg"", ""https://krisha-photos.kcdn.online/webp/7c/7cd0efda-e081-4ab7-be8c-9dbaa069bca8/32-full.jpg"", ""https://krisha-photos.kcdn.online/webp/7c/7cd0efda-e081-4ab7-be8c-9dbaa069bca8/33-full.jpg"", ""https://krisha-photos.kcdn.online/webp/7c/7cd0efda-e081-4ab7-be8c-9dbaa069bca8/34-full.jpg""]",34,02ae07bb3ffe63e1b51068703f909cdae5c6c945249eb610d5d032a0eef92b43,,"Балахмет Зуһра, компания «Продажа квартир»",False,2026-07-30,2026-07-29,2026-07-30,live,2026-08-06T08:14:29+00:00,False,address_layout_dedup,"duplicate_address_layout (street='kasym_amanzholov', house='22', floor='5', rooms='5', square within 1.0m2)"
689034945,https://krisha.kz/a/show/689034945,2-комнатная квартира · 50 м² · 18/20 этаж,360000,за месяц,7200,2,50,18,20,Esilyskiy_r-n,Astana,Bekturova,4/6,51.121787216845,71.400383163701,8521152,altynshar2,Алтын Шар 2,полностью,"свежий ремонт, новая мебель",,,,,"!Сдаю на срок до 1 месяц +/- 1-2 недели 
Цена зависит от срока аренды! 
2 недели=180 тыс тенге 
1 месяц = 390 тыс +ком. услуги 
2 месяца = 360 тыс + ком. услуги (оплата наперед) 
Отличный вариант для командировочных, или приехавших на лечение. Делаю документы, чеки, договор аренды. 
Более длительное проживание можем индивидуально обсудить. 
 
Деловой, престижный центр левого берега столицы 
🔥Делаю скидку гостям, приехавшим на лечение! 
 
✅ Вместимость до 4 гостей 
✅ На окнах стоит защита от выпадения 
✅ Комфортные, ортопедические матрасы 
✅ Белое хлопковое белье (чистое, глаженное) ✅ 100% укомплектованность (посуда, сушилка, фильтр для воды, утюг, фен) ✅ Аренда напрямую от хозяйки 
✅Быстрый, стабильный интернет 
✅Теплая, светлая квартира без запахов

Дом ориентировочно находится возле От 14-30 дней аренда. Ана мен бала,   кардиоцентр, Хан шатыр,","[""https://krisha-photos.kcdn.online/webp/81/81b6ddd9-b9e5-4d62-8f05-7a148002d9cd/23-full.jpg"", ""https://krisha-photos.kcdn.online/webp/81/81b6ddd9-b9e5-4d62-8f05-7a148002d9cd/21-full.jpg"", ""https://krisha-photos.kcdn.online/webp/81/81b6ddd9-b9e5-4d62-8f05-7a148002d9cd/24-full.jpg"", ""https://krisha-photos.kcdn.online/webp/81/81b6ddd9-b9e5-4d62-8f05-7a148002d9cd/25-full.jpg"", ""https://krisha-photos.kcdn.online/webp/81/81b6ddd9-b9e5-4d62-8f05-7a148002d9cd/26-full.jpg"", ""https://krisha-photos.kcdn.online/webp/81/81b6ddd9-b9e5-4d62-8f05-7a148002d9cd/19-full.jpg"", ""https://krisha-photos.kcdn.online/webp/81/81b6ddd9-b9e5-4d62-8f05-7a148002d9cd/18-full.jpg"", ""https://krisha-photos.kcdn.online/webp/81/81b6ddd9-b9e5-4d62-8f05-7a148002d9cd/27-full.jpg"", ""https://krisha-photos.kcdn.online/webp/81/81b6ddd9-b9e5-4d62-8f05-7a148002d9cd/20-full.jpg"", ""https://krisha-photos.kcdn.online/webp/81/81b6ddd9-b9e5-4d62-8f05-7a148002d9cd/22-full.jpg"", ""https://krisha-photos.kcdn.online/webp/81/81b6ddd9-b9e5-4d62-8f05-7a148002d9cd/28-full.jpg"", ""https://krisha-photos.kcdn.online/webp/81/81b6ddd9-b9e5-4d62-8f05-7a148002d9cd/29-full.jpg"", ""https://krisha-photos.kcdn.online/webp/81/81b6ddd9-b9e5-4d62-8f05-7a148002d9cd/30-full.jpg""]",13,7659e4dbbff03fe651a41e434ad2508bd4dbcac7b438770c50bd3f679d6dd320,,Хозяин,False,2026-08-07,2023-11-03,2026-08-07,live,2026-08-11T07:10:08+00:00,False,address_layout_dedup,"duplicate_address_layout (street='bekturova', house='4/6', floor='18', rooms='2', square within 1.0m2)"
698310610,https://krisha.kz/a/show/698310610,2-комнатная квартира · 61 м²,250000,за месяц,4098,2,61,,,Almaty_r-n,Astana,Kaldayakova,29,52.012681266187,72.053087366828,,,,полностью,"не новый, но аккуратный и чистый ремонт",нет,,,,"Очень тихий район, дом комфортный и соседи приятные. Квартира просторная и уютная. Чистая и светлая квартира, думаю для проживания идеальный вариант.","[""https://krisha-photos.kcdn.online/webp/be/be40eee1-ccbd-4a7e-85ce-0e620cabefa9/1-full.jpg"", ""https://krisha-photos.kcdn.online/webp/be/be40eee1-ccbd-4a7e-85ce-0e620cabefa9/2-full.jpg"", ""https://krisha-photos.kcdn.online/webp/be/be40eee1-ccbd-4a7e-85ce-0e620cabefa9/3-full.jpg"", ""https://krisha-photos.kcdn.online/webp/be/be40eee1-ccbd-4a7e-85ce-0e620cabefa9/4-full.jpg"", ""https://krisha-photos.kcdn.online/webp/be/be40eee1-ccbd-4a7e-85ce-0e620cabefa9/5-full.jpg"", ""https://krisha-photos.kcdn.online/webp/be/be40eee1-ccbd-4a7e-85ce-0e620cabefa9/6-full.jpg"", ""https://krisha-photos.kcdn.online/webp/be/be40eee1-ccbd-4a7e-85ce-0e620cabefa9/7-full.jpg"", ""https://krisha-photos.kcdn.online/webp/be/be40eee1-ccbd-4a7e-85ce-0e620cabefa9/8-full.jpg"", ""https://krisha-photos.kcdn.online/webp/be/be40eee1-ccbd-4a7e-85ce-0e620cabefa9/9-full.jpg"", ""https://krisha-photos.kcdn.online/webp/be/be40eee1-ccbd-4a7e-85ce-0e620cabefa9/10-full.jpg"", ""https://krisha-photos.kcdn.online/webp/be/be40eee1-ccbd-4a7e-85ce-0e620cabefa9/11-full.jpg""]",11,d8f0c9e91821a13826737d1cefa79bdd092768e3a52d0669ba5ed88be5cffc8e,,Хозяин,False,2026-08-08,2024-10-25,2026-08-08,live,2026-08-11T07:10:08+00:00,False,address_layout_dedup,"duplicate_address_layout (street='kaldayakova', house='29', floor='', rooms='2', square within 1.0m2)"
1008817738,https://krisha.kz/a/show/1008817738,2-комнатная квартира · 54 м² · 3/9 этаж,380000,за месяц,7037,2,54,3,9,Esilyskiy_r-n,Astana,E-899,1/1,51.132561205183,71.387504675872,13243157,greenlineaqua,GreenLine.Aqua Business,полностью,"свежий ремонт, новая мебель",,,,,"Сдам евродвушку в жк бизнес класса, на Green Line, рядом школа Quantum, Green Mall, Хан шатыр. + ком услуга.

Дом ориентировочно находится возле Әнет баба и Халифа Бен Заид аль-Нахаян","[""https://krisha-photos.kcdn.online/webp/9d/9d2dd2c9-49b2-4b3e-b2fa-c6d1253925a9/15-full.jpg"", ""https://krisha-photos.kcdn.online/webp/9d/9d2dd2c9-49b2-4b3e-b2fa-c6d1253925a9/16-full.jpg"", ""https://krisha-photos.kcdn.online/webp/9d/9d2dd2c9-49b2-4b3e-b2fa-c6d1253925a9/13-full.jpg"", ""https://krisha-photos.kcdn.online/webp/9d/9d2dd2c9-49b2-4b3e-b2fa-c6d1253925a9/17-full.jpg"", ""https://krisha-photos.kcdn.online/webp/9d/9d2dd2c9-49b2-4b3e-b2fa-c6d1253925a9/18-full.jpg"", ""https://krisha-photos.kcdn.online/webp/9d/9d2dd2c9-49b2-4b3e-b2fa-c6d1253925a9/11-full.jpg"", ""https://krisha-photos.kcdn.online/webp/9d/9d2dd2c9-49b2-4b3e-b2fa-c6d1253925a9/10-full.jpg"", ""https://krisha-photos.kcdn.online/webp/9d/9d2dd2c9-49b2-4b3e-b2fa-c6d1253925a9/5-full.jpg"", ""https://krisha-photos.kcdn.online/webp/9d/9d2dd2c9-49b2-4b3e-b2fa-c6d1253925a9/8-full.jpg"", ""https://krisha-photos.kcdn.online/webp/9d/9d2dd2c9-49b2-4b3e-b2fa-c6d1253925a9/14-full.jpg""]",10,d4b474795c229399ab8273e0abcbc90e54892deca82403a3d32a2d9b731b1814,,Хозяин,False,2026-08-07,2026-01-17,2026-08-07,live,2026-08-09T06:42:53+00:00,False,address_layout_dedup,"duplicate_address_layout (street='e-899', house='1/1', floor='3', rooms='2', square within 1.0m2)"
1014645449,https://krisha.kz/a/show/1014645449,1-комнатная квартира · 45 м² · 11/17 этаж,200000,за месяц,4444,1,45,11,17,Almaty_r-n,Astana,Kudayberdyuly,33,51.153546,71.50763,,,,полностью,"не новый, но аккуратный и чистый ремонт",,,,,"🏠 Агентство недвижимости PAZL 
 
⚠️ Стоимость услуг агентства — 60.000 тенге (разово, оплачивается после подписания договора аренды). 
⚠️ Депозит 40.000 тенге 
 
🔑 Сдаётся 1 комнатная квартира в ЖК Жастар 4 
 
📍Рядом находятся: 7 поликлиника, ТРЦ Аружан, ЕНУ, ТД Встреча, ТД Гульжан, 64 школа, 38 школа, Национальный научный медицинский центр 
 
✔️ Преимущества района: 
• Отличная транспортная развязка. 
• В шаговой доступности школы, детские сады, супермаркеты, магазины, аптеки, кафе, рестораны и больницы. 
 
✔️ О квартире: 
• Светлая, уютная, просторная и очень тёплая. 
 
💎 Наши гарантии: 
• Полное юридическое сопровождение сделки. 
• Полная безопасность и прозрачность на всех этапах. 
 
📞 Есть вопросы? Звоните или пишите — мы с радостью всё объясним!","[""https://krisha-photos.kcdn.online/webp/d6/d6cb2662-d56e-475a-a69e-be1a9d478fca/1-full.jpg"", ""https://krisha-photos.kcdn.online/webp/d6/d6cb2662-d56e-475a-a69e-be1a9d478fca/2-full.jpg"", ""https://krisha-photos.kcdn.online/webp/d6/d6cb2662-d56e-475a-a69e-be1a9d478fca/3-full.jpg"", ""https://krisha-photos.kcdn.online/webp/d6/d6cb2662-d56e-475a-a69e-be1a9d478fca/4-full.jpg""]",4,857eb5b8b0fa0964709abb0f3ad7b8b77a85fc03815d4fbe10f941f92eb04d83,,"Фазылов Азамат, компания « PAZL Estate»",False,2026-08-08,2026-08-08,2026-08-08,live,2026-08-09T05:54:23+00:00,False,address_layout_dedup,"duplicate_address_layout (street='kudayberdyuly', house='33', floor='11', rooms='1', square within 1.0m2)"
1013941532,https://krisha.kz/a/show/1013941532,3-комнатная квартира · 100 м² · 14/15 этаж,300000,за месяц,3000,3,100,14,15,Nura_r-n,Astana,Chingiz_Aytmatov,36,51.135990888265,71.364411493946,10832831,zhagalau3,Жагалау 3,полностью,"не новый, но аккуратный и чистый ремонт",,,,,,"[""https://krisha-photos.kcdn.online/webp/04/04ab40fe-da58-4fac-86c3-958a9601b9e5/1-full.jpg"", ""https://krisha-photos.kcdn.online/webp/04/04ab40fe-da58-4fac-86c3-958a9601b9e5/2-full.jpg"", ""https://krisha-photos.kcdn.online/webp/04/04ab40fe-da58-4fac-86c3-958a9601b9e5/3-full.jpg"", ""https://krisha-photos.kcdn.online/webp/04/04ab40fe-da58-4fac-86c3-958a9601b9e5/4-full.jpg"", ""https://krisha-photos.kcdn.online/webp/04/04ab40fe-da58-4fac-86c3-958a9601b9e5/5-full.jpg"", ""https://krisha-photos.kcdn.online/webp/04/04ab40fe-da58-4fac-86c3-958a9601b9e5/6-full.jpg"", ""https://krisha-photos.kcdn.online/webp/04/04ab40fe-da58-4fac-86c3-958a9601b9e5/7-full.jpg"", ""https://krisha-photos.kcdn.online/webp/04/04ab40fe-da58-4fac-86c3-958a9601b9e5/8-full.jpg""]",8,0ec98ba02212dff5c4d9d75738b20958bdf6106cd8582a85706d7c8723a78100,,Утебаева Светлана,False,2026-08-07,2026-07-14,2026-08-07,live,2026-08-09T06:42:53+00:00,False,address_layout_dedup,"duplicate_address_layout (street='chingiz_aytmatov', house='36', floor='14', rooms='3', square within 1.0m2)"
1014622420,https://krisha.kz/a/show/1014622420,2-комнатная квартира · 69 м² · 7/12 этаж,320000,за месяц,4638,2,69,7,12,,Astana,Turan,57/5,51.105230812822,71.393402905073,17013367,shattyq,Arena city,,"свежий ремонт, новая мебель",нет,,,,"🏡 Помесячная аренда | ЖК Arena City 
📍 г. Астана, пр. Туран, 57/5 
✅ Без комиссии 
✅ Без риелтора 
Сдается уютная, светлая и полностью меблированная квартира на длительный срок или помесячно. 
В квартире есть всё необходимое для комфортного проживания: 
• удобные спальные места; 
• Smart TV и Wi-Fi; 
• оборудованная кухня; 
• стиральная машина, утюг, фен; 
• вместительные шкафы для хранения. 
📍 Удобное расположение: рядом магазины, кафе, супермаркеты, аптеки, остановки общественного транспорта и всё необходимое для комфортной жизни. 
✅ Квартира полностью готова к заселению. 
✅ Подходит для одного человека, пары или семьи. 
✅ Заключаем договор. 
📲 Для получения подробной информации напишите .

Дом ориентировочно находится возле Бухар Жырау","[""https://krisha-photos.kcdn.online/webp/73/7314fb1a-bc5d-411d-8150-b857e018ed4a/1-full.jpg"", ""https://krisha-photos.kcdn.online/webp/73/7314fb1a-bc5d-411d-8150-b857e018ed4a/21-full.jpg"", ""https://krisha-photos.kcdn.online/webp/73/7314fb1a-bc5d-411d-8150-b857e018ed4a/10-full.jpg"", ""https://krisha-photos.kcdn.online/webp/73/7314fb1a-bc5d-411d-8150-b857e018ed4a/4-full.jpg"", ""https://krisha-photos.kcdn.online/webp/73/7314fb1a-bc5d-411d-8150-b857e018ed4a/16-full.jpg"", ""https://krisha-photos.kcdn.online/webp/73/7314fb1a-bc5d-411d-8150-b857e018ed4a/15-full.jpg"", ""https://krisha-photos.kcdn.online/webp/73/7314fb1a-bc5d-411d-8150-b857e018ed4a/5-full.jpg"", ""https://krisha-photos.kcdn.online/webp/73/7314fb1a-bc5d-411d-8150-b857e018ed4a/17-full.jpg"", ""https://krisha-photos.kcdn.online/webp/73/7314fb1a-bc5d-411d-8150-b857e018ed4a/18-full.jpg"", ""https://krisha-photos.kcdn.online/webp/73/7314fb1a-bc5d-411d-8150-b857e018ed4a/19-full.jpg"", ""https://krisha-photos.kcdn.online/webp/73/7314fb1a-bc5d-411d-8150-b857e018ed4a/6-full.jpg"", ""https://krisha-photos.kcdn.online/webp/73/7314fb1a-bc5d-411d-8150-b857e018ed4a/8-full.jpg"", ""https://krisha-photos.kcdn.online/webp/73/7314fb1a-bc5d-411d-8150-b857e018ed4a/9-full.jpg"", ""https://krisha-photos.kcdn.online/webp/73/7314fb1a-bc5d-411d-8150-b857e018ed4a/13-full.jpg"", ""https://krisha-photos.kcdn.online/webp/73/7314fb1a-bc5d-411d-8150-b857e018ed4a/14-full.jpg""]",15,5c65ca1149638838c136d69ec74198fcb6997aa85fab1aa11e64f52f9e745284,,Бейсембаев Даулет,False,2026-08-07,2026-08-07,2026-08-07,live,2026-08-11T07:10:08+00:00,False,address_layout_dedup,"duplicate_address_layout (street='turan', house='57/5', floor='7', rooms='2', square within 1.0m2)"
1014603614,https://krisha.kz/a/show/1014603614,3-комнатная квартира · 84 м² · 5/14 этаж,500000,за месяц,5952,3,84,5,14,Esilyskiy_r-n,Astana,Mangilik_El,24,51.113532173487,71.434919161626,8478688,,Авиценна-2,,"не новый, но аккуратный и чистый ремонт",нет,,,,"Локация топовая: практически во дворе детский садик, школа, 9 городская поликлиника, в соседнем подъезде супермаркет, парковочная зона, тихий и спокойный дом, квартира по типу книжкой и со всех сторон окна во двор. 
Два санузла, ремонт свежий в санузлах и прихожей, не курящие хозяева. 
Собаки и кошки в квартиру не приветствуются, депозит 500000, договор на аренду. 
Риелторов не беспокоит.","[""https://krisha-photos.kcdn.online/webp/81/814f54fe-299d-415e-9994-859e4fdc163e/1-full.jpg"", ""https://krisha-photos.kcdn.online/webp/81/814f54fe-299d-415e-9994-859e4fdc163e/2-full.jpg"", ""https://krisha-photos.kcdn.online/webp/81/814f54fe-299d-415e-9994-859e4fdc163e/3-full.jpg"", ""https://krisha-photos.kcdn.online/webp/81/814f54fe-299d-415e-9994-859e4fdc163e/4-full.jpg"", ""https://krisha-photos.kcdn.online/webp/81/814f54fe-299d-415e-9994-859e4fdc163e/5-full.jpg"", ""https://krisha-photos.kcdn.online/webp/81/814f54fe-299d-415e-9994-859e4fdc163e/6-full.jpg"", ""https://krisha-photos.kcdn.online/webp/81/814f54fe-299d-415e-9994-859e4fdc163e/7-full.jpg"", ""https://krisha-photos.kcdn.online/webp/81/814f54fe-299d-415e-9994-859e4fdc163e/8-full.jpg"", ""https://krisha-photos.kcdn.online/webp/81/814f54fe-299d-415e-9994-859e4fdc163e/9-full.jpg"", ""https://krisha-photos.kcdn.online/webp/81/814f54fe-299d-415e-9994-859e4fdc163e/10-full.jpg"", ""https://krisha-photos.kcdn.online/webp/81/814f54fe-299d-415e-9994-859e4fdc163e/11-full.jpg"", ""https://krisha-photos.kcdn.online/webp/81/814f54fe-299d-415e-9994-859e4fdc163e/12-full.jpg"", ""https://krisha-photos.kcdn.online/webp/81/814f54fe-299d-415e-9994-859e4fdc163e/13-full.jpg"", ""https://krisha-photos.kcdn.online/webp/81/814f54fe-299d-415e-9994-859e4fdc163e/14-full.jpg"", ""https://krisha-photos.kcdn.online/webp/81/814f54fe-299d-415e-9994-859e4fdc163e/15-full.jpg"", ""https://krisha-photos.kcdn.online/webp/81/814f54fe-299d-415e-9994-859e4fdc163e/16-full.jpg"", ""https://krisha-photos.kcdn.online/webp/81/814f54fe-299d-415e-9994-859e4fdc163e/17-full.jpg"", ""https://krisha-photos.kcdn.online/webp/81/814f54fe-299d-415e-9994-859e4fdc163e/18-full.jpg"", ""https://krisha-photos.kcdn.online/webp/81/814f54fe-299d-415e-9994-859e4fdc163e/19-full.jpg"", ""https://krisha-photos.kcdn.online/webp/81/814f54fe-299d-415e-9994-859e4fdc163e/20-full.jpg"", ""https://krisha-photos.kcdn.online/webp/81/814f54fe-299d-415e-9994-859e4fdc163e/21-full.jpg"", ""https://krisha-photos.kcdn.online/webp/81/814f54fe-299d-415e-9994-859e4fdc163e/22-full.jpg"", ""https://krisha-photos.kcdn.online/webp/81/814f54fe-299d-415e-9994-859e4fdc163e/23-full.jpg"", ""https://krisha-photos.kcdn.online/webp/81/814f54fe-299d-415e-9994-859e4fdc163e/24-full.jpg"", ""https://krisha-photos.kcdn.online/webp/81/814f54fe-299d-415e-9994-859e4fdc163e/25-full.jpg"", ""https://krisha-photos.kcdn.online/webp/81/814f54fe-299d-415e-9994-859e4fdc163e/26-full.jpg"", ""https://krisha-photos.kcdn.online/webp/81/814f54fe-299d-415e-9994-859e4fdc163e/27-full.jpg"", ""https://krisha-photos.kcdn.online/webp/81/814f54fe-299d-415e-9994-859e4fdc163e/28-full.jpg"", ""https://krisha-photos.kcdn.online/webp/81/814f54fe-299d-415e-9994-859e4fdc163e/29-full.jpg"", ""https://krisha-photos.kcdn.online/webp/81/814f54fe-299d-415e-9994-859e4fdc163e/30-full.jpg"", ""https://krisha-photos.kcdn.online/webp/81/814f54fe-299d-415e-9994-859e4fdc163e/31-full.jpg""]",31,64433f72e3c1dc8fbec7293a3224fbc2eb7ccef3ceea5622f3d3662f6e38e70b,,Хозяин,False,2026-08-06,2026-08-06,2026-08-06,live,2026-08-09T06:45:00+00:00,False,address_layout_dedup,"duplicate_address_layout (street='mangilik_el', house='24', floor='5', rooms='3', square within 1.0m2)"
1014705188,https://krisha.kz/a/show/1014705188,2-комнатная квартира · 56 м² · 8/19 этаж,280000,за месяц,5000,2,56,8,19,Esilyskiy_r-n,Astana,Sarayshyk,7/1,51.13609473016,71.428983494989,8477256,svetlyj,Светлый,полностью,"не новый, но аккуратный и чистый ремонт",,,,,"Сдам 2-комнатную квартиру в Астане 
📍 ул. Сарайшық, 7/1 
🏢 8 этаж из 19 
💰 280 000 тг/месяц 
Сдаётся уютная 2-комнатная квартира со всеми удобствами. Удобная локация, рядом магазины, супермаркеты, остановки и необходимая инфраструктура. 
✅ 2-комнатная квартира 
✅ 8 этаж 
✅ Полностью оборудована для комфортного проживания 
✅ Удобное расположение 
✅ Чистая и уютная квартира 
Также рассматриваю вариант субаренды — условия и сроки обсуждаются индивидуально.

Дом ориентировочно находится возле Байтерек дом министерства иностранных дел Сарайшық","[""https://krisha-photos.kcdn.online/webp/61/61f8c5e6-4e3d-462f-ac47-4ff28c576f22/1-full.jpg"", ""https://krisha-photos.kcdn.online/webp/61/61f8c5e6-4e3d-462f-ac47-4ff28c576f22/2-full.jpg"", ""https://krisha-photos.kcdn.online/webp/61/61f8c5e6-4e3d-462f-ac47-4ff28c576f22/3-full.jpg"", ""https://krisha-photos.kcdn.online/webp/61/61f8c5e6-4e3d-462f-ac47-4ff28c576f22/4-full.jpg"", ""https://krisha-photos.kcdn.online/webp/61/61f8c5e6-4e3d-462f-ac47-4ff28c576f22/5-full.jpg"", ""https://krisha-photos.kcdn.online/webp/61/61f8c5e6-4e3d-462f-ac47-4ff28c576f22/6-full.jpg"", ""https://krisha-photos.kcdn.online/webp/61/61f8c5e6-4e3d-462f-ac47-4ff28c576f22/7-full.jpg"", ""https://krisha-photos.kcdn.online/webp/61/61f8c5e6-4e3d-462f-ac47-4ff28c576f22/8-full.jpg"", ""https://krisha-photos.kcdn.online/webp/61/61f8c5e6-4e3d-462f-ac47-4ff28c576f22/9-full.jpg"", ""https://krisha-photos.kcdn.online/webp/61/61f8c5e6-4e3d-462f-ac47-4ff28c576f22/10-full.jpg"", ""https://krisha-photos.kcdn.online/webp/61/61f8c5e6-4e3d-462f-ac47-4ff28c576f22/11-full.jpg"", ""https://krisha-photos.kcdn.online/webp/61/61f8c5e6-4e3d-462f-ac47-4ff28c576f22/12-full.jpg"", ""https://krisha-photos.kcdn.online/webp/61/61f8c5e6-4e3d-462f-ac47-4ff28c576f22/13-full.jpg"", ""https://krisha-photos.kcdn.online/webp/61/61f8c5e6-4e3d-462f-ac47-4ff28c576f22/14-full.jpg"", ""https://krisha-photos.kcdn.online/webp/61/61f8c5e6-4e3d-462f-ac47-4ff28c576f22/15-full.jpg""]",15,9dcbbb4321b8104bfe66c200e9a408939a8bb3dc89d528adcf2770b63aad1320,,Хозяин,False,2026-08-10,2026-08-10,2026-08-10,live,2026-08-11T07:10:29+00:00,False,address_layout_dedup,"duplicate_address_layout (street='sarayshyk', house='7/1', floor='8', rooms='2', square within 1.0m2)"
689604762,https://krisha.kz/a/show/689604762,1-комнатная квартира · 18 м² · 5/5 этаж,65000,за месяц,33333,1,18,5,5,Almaty_r-n,Astana,Tauelsizdik,22,51.14467,71.462122,,,,частично,,да,,,,"сдается комната в общежитии Тауелсиздик 22, этаж 5, холодильник, диван шкаф, душ и туалет общий в коридоре, оплата 600 000/месяц + комуналка + 20 000 депозит, только на длительный срок. Только девушкам или семейным","[""https://krisha-photos.kcdn.online/webp/3e/3e615c31-2e23-4a95-8aa2-5ab2fe4f270f/153-full.jpg"", ""https://krisha-photos.kcdn.online/webp/3e/3e615c31-2e23-4a95-8aa2-5ab2fe4f270f/154-full.jpg"", ""https://krisha-photos.kcdn.online/webp/3e/3e615c31-2e23-4a95-8aa2-5ab2fe4f270f/155-full.jpg"", ""https://krisha-photos.kcdn.online/webp/3e/3e615c31-2e23-4a95-8aa2-5ab2fe4f270f/156-full.jpg"", ""https://krisha-photos.kcdn.online/webp/3e/3e615c31-2e23-4a95-8aa2-5ab2fe4f270f/157-full.jpg""]",5,17f17da800de24ef93782425b247188a52044a34b82fa7f37bf4f3a1d642eaff,,Хозяин,False,2026-08-03,2023-11-27,2026-08-03,live,2026-08-09T06:42:53+00:00,False,price_sanity,price_m2_too_high_hard (33333 > 30000)
1012514088,https://krisha.kz/a/show/1012514088,1-комнатная квартира · 9 м² · 8 этаж,240000,за месяц,26667,1,9,8,,r-n_Baykonur,Astana,Koshkarbaeva,,51.164347,71.437688,,,,полностью,"не новый, но аккуратный и чистый ремонт",нет,,,,,[],0,,,Хозяин,False,2026-08-05,2026-05-25,2026-08-05,live,2026-08-11T07:10:08+00:00,False,price_sanity,"price_m2_outlier_iqr (group=1, 26667 вне [770, 10640])"
689976416,https://krisha.kz/a/show/689976416,1-комнатная квартира · 41 м² · 4/10 этаж,550000,за месяц,13415,1,41,4,10,Esilyskiy_r-n,Astana,Kayym_Muhamedhanova,,51.137273354831,71.402574505985,8543554,,GreenLine.BI City Seoul,полностью,,нет,,,,"🤗Предлагаем апартамент в аренду на среднесрочную аренду от 1-6 месяцев. 
 
✅Апартамент расположен рядом с торгово-развлекательным центром Хан Шатыр. 
 
✅Просим вас написать количество проживающих, на какой период, и мы свяжемся с вами. 
 
✅В апартаменте предусмотрена еженедельная уборка. 
✅Стоимость коммунальных услуг и клиниг включено в стоимость. 
✅Также предоставляются документы для коммандировочных. 
 
По запросу отправим видео. 
 
Просим написать на для детальной информации. 
 
✅We are offering an apartment for medium-term rent (from 1 to 6 months). 
 
✅The apartment is located next to the Khan Shatyr shopping and entertainment center. 
 
✅Please let us know the number of residents and the rental period, and we will get in touch with you. 
 
✅Weekly cleaning is provided. 
Utility costs and cleaning services are included in the rental price. 
✅Business travel documents are available upon request. 
 
A video can be sent upon request. 
 
For detailed information, please contact us via .","[""https://krisha-photos.kcdn.online/webp/7d/7d4cd996-c4a1-4513-bc83-27ca0fe401d4/14-full.jpg"", ""https://krisha-photos.kcdn.online/webp/7d/7d4cd996-c4a1-4513-bc83-27ca0fe401d4/15-full.jpg"", ""https://krisha-photos.kcdn.online/webp/7d/7d4cd996-c4a1-4513-bc83-27ca0fe401d4/16-full.jpg"", ""https://krisha-photos.kcdn.online/webp/7d/7d4cd996-c4a1-4513-bc83-27ca0fe401d4/17-full.jpg"", ""https://krisha-photos.kcdn.online/webp/7d/7d4cd996-c4a1-4513-bc83-27ca0fe401d4/18-full.jpg"", ""https://krisha-photos.kcdn.online/webp/7d/7d4cd996-c4a1-4513-bc83-27ca0fe401d4/19-full.jpg"", ""https://krisha-photos.kcdn.online/webp/7d/7d4cd996-c4a1-4513-bc83-27ca0fe401d4/20-full.jpg"", ""https://krisha-photos.kcdn.online/webp/7d/7d4cd996-c4a1-4513-bc83-27ca0fe401d4/21-full.jpg"", ""https://krisha-photos.kcdn.online/webp/7d/7d4cd996-c4a1-4513-bc83-27ca0fe401d4/22-full.jpg"", ""https://krisha-photos.kcdn.online/webp/7d/7d4cd996-c4a1-4513-bc83-27ca0fe401d4/23-full.jpg"", ""https://krisha-photos.kcdn.online/webp/7d/7d4cd996-c4a1-4513-bc83-27ca0fe401d4/24-full.jpg"", ""https://krisha-photos.kcdn.online/webp/7d/7d4cd996-c4a1-4513-bc83-27ca0fe401d4/25-full.jpg"", ""https://krisha-photos.kcdn.online/webp/7d/7d4cd996-c4a1-4513-bc83-27ca0fe401d4/26-full.jpg"", ""https://krisha-photos.kcdn.online/webp/7d/7d4cd996-c4a1-4513-bc83-27ca0fe401d4/27-full.jpg"", ""https://krisha-photos.kcdn.online/webp/7d/7d4cd996-c4a1-4513-bc83-27ca0fe401d4/28-full.jpg"", ""https://krisha-photos.kcdn.online/webp/7d/7d4cd996-c4a1-4513-bc83-27ca0fe401d4/29-full.jpg"", ""https://krisha-photos.kcdn.online/webp/7d/7d4cd996-c4a1-4513-bc83-27ca0fe401d4/30-full.jpg"", ""https://krisha-photos.kcdn.online/webp/7d/7d4cd996-c4a1-4513-bc83-27ca0fe401d4/31-full.jpg"", ""https://krisha-photos.kcdn.online/webp/7d/7d4cd996-c4a1-4513-bc83-27ca0fe401d4/32-full.jpg"", ""https://krisha-photos.kcdn.online/webp/7d/7d4cd996-c4a1-4513-bc83-27ca0fe401d4/33-full.jpg"", ""https://krisha-photos.kcdn.online/webp/7d/7d4cd996-c4a1-4513-bc83-27ca0fe401d4/34-full.jpg""]",21,5e87075db6e59679cc21a0292382d4940d2db76e9c1fd17de29966ce0335a6c7,,Хозяин,False,2026-08-04,2023-12-13,2026-08-04,live,2026-08-11T07:10:08+00:00,False,price_sanity,"price_m2_outlier_iqr (group=1, 13415 вне [770, 10640])"
693144016,https://krisha.kz/a/show/693144016,1-комнатная квартира · 40 м² · 14/16 этаж,450000,за месяц,11250,1,40,14,16,Nura_r-n,Astana,Turar_Ryskulov,1,51.087445355583,71.403193473161,12950437,nexpoclassic,Nexpo Classic,полностью,"свежий ремонт, новая мебель",,,,,"Квартира ранее не сдавалась. Дизайнерский ремонт. 
 Жк бизнес класса в центре города Дорогой ремонт 
Состояние как на фото.

Дом ориентировочно находится возле Трц Mega Silk Way","[""https://krisha-photos.kcdn.online/webp/68/684b046d-22ed-4f54-9976-fac32bf6fd35/1-full.jpg"", ""https://krisha-photos.kcdn.online/webp/68/684b046d-22ed-4f54-9976-fac32bf6fd35/2-full.jpg"", ""https://krisha-photos.kcdn.online/webp/68/684b046d-22ed-4f54-9976-fac32bf6fd35/3-full.jpg"", ""https://krisha-photos.kcdn.online/webp/68/684b046d-22ed-4f54-9976-fac32bf6fd35/4-full.jpg"", ""https://krisha-photos.kcdn.online/webp/68/684b046d-22ed-4f54-9976-fac32bf6fd35/5-full.jpg"", ""https://krisha-photos.kcdn.online/webp/68/684b046d-22ed-4f54-9976-fac32bf6fd35/6-full.jpg""]",6,c5580cf5b891eb026b5bdd074bd7fd26e85865681c49e5f2a893966f1cd93a7a,,Хозяин,False,2026-08-05,2024-04-19,2026-08-05,live,2026-08-11T07:10:08+00:00,False,price_sanity,"price_m2_outlier_iqr (group=1, 11250 вне [770, 10640])"
1014359922,https://krisha.kz/a/show/1014359922,1-комнатная квартира · 44 м² · 6 этаж,550000,за месяц,12500,1,44,6,,Esilyskiy_r-n,Astana,Akmeshit,1,51.119984891233,71.424785258305,12515541,europecity,Europe City,полностью,"свежий ремонт, новая мебель",нет,,,,"В аренду на длительный срок сдается 1 комнатная уютная квартира полностью укомплектована мебелью, посудой, новыми шторами и кроватью. 
 
Коммунальные услуги, интернет включены в стоимость арендной платы.","[""https://krisha-photos.kcdn.online/webp/5a/5af2892f-f757-4a56-aa60-22d7d104181f/3-full.jpg"", ""https://krisha-photos.kcdn.online/webp/5a/5af2892f-f757-4a56-aa60-22d7d104181f/4-full.jpg"", ""https://krisha-photos.kcdn.online/webp/5a/5af2892f-f757-4a56-aa60-22d7d104181f/5-full.jpg"", ""https://krisha-photos.kcdn.online/webp/5a/5af2892f-f757-4a56-aa60-22d7d104181f/6-full.jpg"", ""https://krisha-photos.kcdn.online/webp/5a/5af2892f-f757-4a56-aa60-22d7d104181f/7-full.jpg"", ""https://krisha-photos.kcdn.online/webp/5a/5af2892f-f757-4a56-aa60-22d7d104181f/8-full.jpg"", ""https://krisha-photos.kcdn.online/webp/5a/5af2892f-f757-4a56-aa60-22d7d104181f/9-full.jpg"", ""https://krisha-photos.kcdn.online/webp/5a/5af2892f-f757-4a56-aa60-22d7d104181f/10-full.jpg"", ""https://krisha-photos.kcdn.online/webp/5a/5af2892f-f757-4a56-aa60-22d7d104181f/11-full.jpg"", ""https://krisha-photos.kcdn.online/webp/5a/5af2892f-f757-4a56-aa60-22d7d104181f/12-full.jpg""]",10,5d17e1137e282c4a4c4426d4224b78764be662f7d254125acfd866a1ce86ad8e,,"сейтаева дана, компания «Есентай И.А.»",False,2026-08-05,2026-07-29,2026-08-05,live,2026-08-11T07:10:08+00:00,False,price_sanity,"price_m2_outlier_iqr (group=1, 12500 вне [770, 10640])"
762201966,https://krisha.kz/a/show/762201966,1-комнатная квартира · 45 м² · 8/20 этаж,480000,за месяц,10667,1,45,8,20,Esilyskiy_r-n,Astana,Turar_Ryskulov,1,51.08743918505,71.403851504025,12950437,nexpoclassic,Nexpo Classic,полностью,"свежий ремонт, новая мебель",,,,,"ТОПОВЫЙ РАЙОН ЛЕВОГО БЕРЕГА‼️ 
ЖИЛОЙ КОМПЛЕКС «NEXPO CLASSIC» БИЗНЕС КЛАСС‼️ 
ЭКСПО, МЕГА, НАЗАРБАЕВ УНИВЕРСИТЕТ, НИШ, ГОР. БОЛЬНИЦА, GREEN CLINIC, УДП, нац. БАНК‼️Пешая доступность‼️ 
Красивая, Светлая, уютная, теплая квартира, на кухне раскладной диван, большая ванна, закрытый двор, развитая инфраструктура‼️ 
Всё необходимое для комфортного проживания предоставляется ‼️ 
Сдаю посуточно и помесячно‼️Возвратный депозит обговаривается‼️ 
Проживание с животными запрещено‼️ 
Штраф 10000‼️

Дом ориентировочно находится возле Кабанбай батыра","[""https://krisha-photos.kcdn.online/webp/85/850bbbae-238e-4c77-91cd-7879e74c8893/8-full.jpg"", ""https://krisha-photos.kcdn.online/webp/85/850bbbae-238e-4c77-91cd-7879e74c8893/1-full.jpg"", ""https://krisha-photos.kcdn.online/webp/85/850bbbae-238e-4c77-91cd-7879e74c8893/2-full.jpg"", ""https://krisha-photos.kcdn.online/webp/85/850bbbae-238e-4c77-91cd-7879e74c8893/3-full.jpg"", ""https://krisha-photos.kcdn.online/webp/85/850bbbae-238e-4c77-91cd-7879e74c8893/4-full.jpg"", ""https://krisha-photos.kcdn.online/webp/85/850bbbae-238e-4c77-91cd-7879e74c8893/5-full.jpg"", ""https://krisha-photos.kcdn.online/webp/85/850bbbae-238e-4c77-91cd-7879e74c8893/6-full.jpg"", ""https://krisha-photos.kcdn.online/webp/85/850bbbae-238e-4c77-91cd-7879e74c8893/7-full.jpg"", ""https://krisha-photos.kcdn.online/webp/85/850bbbae-238e-4c77-91cd-7879e74c8893/9-full.jpg""]",9,ead41ff6f12644e42b2e89a24b168d9be463e3b14e5d2239ce1f799da135750c,,Хозяин,False,2026-08-04,2025-03-20,2026-08-04,live,2026-08-09T06:42:53+00:00,False,price_sanity,"price_m2_outlier_iqr (group=1, 10667 вне [770, 10640])"
1003214302,https://krisha.kz/a/show/1003214302,1-комнатная квартира · 30 м²,600000,за месяц,20000,1,30,3,,Almaty_r-n,Astana,Baytursynova,5,51.127340288657,71.463165903482,,,,полностью,"свежий ремонт, новая мебель",,,,,"Ищете комфортное жильё на месяц и дольше? Наши полностью укомплектованные апарт-номера — идеальное решение для тех, кто ценит уют, свободу и высокий уровень сервиса. 
 
Что вас ждёт: 
 • Просторные апартаменты с дизайнерским интерьером 
• Вкусный завтрак в номер 
 • Уютная спальня с большой кроватью и качественным бельём 
 • Полностью оборудованная кухня — готовьте, как дома 
 • Смарт-ТВ и высокоскоростной Wi-Fi — для вашего комфорта и развлечений 
 • уборка и смена полотенец 
 • Прачечная, охрана, рецепция — всё, как в отеле 
 • Гибкие условия аренды от 1 месяца 
 
Мы подходим для командировок, временного проживания при переезде или просто для тех, кто хочет жить в комфорте без лишних хлопот. 
 
Проживайте в апарт-отеле, как дома — только лучше. 
Свяжитесь с нами прямо сейчас и узнайте о доступных номерах и условиях аренды","[""https://krisha-photos.kcdn.online/webp/12/12300d70-0aec-4af7-beb9-894216ffaceb/1-full.jpg"", ""https://krisha-photos.kcdn.online/webp/12/12300d70-0aec-4af7-beb9-894216ffaceb/2-full.jpg"", ""https://krisha-photos.kcdn.online/webp/12/12300d70-0aec-4af7-beb9-894216ffaceb/3-full.jpg"", ""https://krisha-photos.kcdn.online/webp/12/12300d70-0aec-4af7-beb9-894216ffaceb/4-full.jpg"", ""https://krisha-photos.kcdn.online/webp/12/12300d70-0aec-4af7-beb9-894216ffaceb/5-full.jpg"", ""https://krisha-photos.kcdn.online/webp/12/12300d70-0aec-4af7-beb9-894216ffaceb/6-full.jpg"", ""https://krisha-photos.kcdn.online/webp/12/12300d70-0aec-4af7-beb9-894216ffaceb/7-full.jpg"", ""https://krisha-photos.kcdn.online/webp/12/12300d70-0aec-4af7-beb9-894216ffaceb/8-full.jpg""]",8,4215741dbcbc4736d81dd44226257a97e6d30d230d20dbe0da17dc5db603de86,,Хозяин,False,2026-08-02,2025-07-06,2026-08-02,live,2026-08-11T07:10:08+00:00,False,price_sanity,"price_m2_outlier_iqr (group=1, 20000 вне [770, 10640])"
1014258466,https://krisha.kz/a/show/1014258466,1-комнатная квартира · 35 м² · 12/18 этаж,380000,за месяц,10857,1,35,12,18,Nura_r-n,Astana,Turan,39/3,51.1297041691,71.401375204427,17403217,evolution,Evolution,полностью,"свежий ремонт, новая мебель",,,,,"Евродвушка, квартира со свежим ремонтом и новой мебелью, практически не жили","[""https://krisha-photos.kcdn.online/webp/b5/b5f6fc2d-2659-49c3-899d-1a6c6bbeaae7/1-full.jpg"", ""https://krisha-photos.kcdn.online/webp/b5/b5f6fc2d-2659-49c3-899d-1a6c6bbeaae7/2-full.jpg"", ""https://krisha-photos.kcdn.online/webp/b5/b5f6fc2d-2659-49c3-899d-1a6c6bbeaae7/3-full.jpg"", ""https://krisha-photos.kcdn.online/webp/b5/b5f6fc2d-2659-49c3-899d-1a6c6bbeaae7/4-full.jpg"", ""https://krisha-photos.kcdn.online/webp/b5/b5f6fc2d-2659-49c3-899d-1a6c6bbeaae7/5-full.jpg"", ""https://krisha-photos.kcdn.online/webp/b5/b5f6fc2d-2659-49c3-899d-1a6c6bbeaae7/6-full.jpg"", ""https://krisha-photos.kcdn.online/webp/b5/b5f6fc2d-2659-49c3-899d-1a6c6bbeaae7/7-full.jpg"", ""https://krisha-photos.kcdn.online/webp/b5/b5f6fc2d-2659-49c3-899d-1a6c6bbeaae7/8-full.jpg"", ""https://krisha-photos.kcdn.online/webp/b5/b5f6fc2d-2659-49c3-899d-1a6c6bbeaae7/9-full.jpg"", ""https://krisha-photos.kcdn.online/webp/b5/b5f6fc2d-2659-49c3-899d-1a6c6bbeaae7/10-full.jpg"", ""https://krisha-photos.kcdn.online/webp/b5/b5f6fc2d-2659-49c3-899d-1a6c6bbeaae7/11-full.jpg"", ""https://krisha-photos.kcdn.online/webp/b5/b5f6fc2d-2659-49c3-899d-1a6c6bbeaae7/12-full.jpg"", ""https://krisha-photos.kcdn.online/webp/b5/b5f6fc2d-2659-49c3-899d-1a6c6bbeaae7/13-full.jpg"", ""https://krisha-photos.kcdn.online/webp/b5/b5f6fc2d-2659-49c3-899d-1a6c6bbeaae7/14-full.jpg"", ""https://krisha-photos.kcdn.online/webp/b5/b5f6fc2d-2659-49c3-899d-1a6c6bbeaae7/15-full.jpg"", ""https://krisha-photos.kcdn.online/webp/b5/b5f6fc2d-2659-49c3-899d-1a6c6bbeaae7/16-full.jpg""]",16,d060f939529ffa588616cdc7d13643eac9e8c7b240f6a1f6c1d02c0bb6ea7509,,Хозяин,False,2026-08-01,2026-07-25,2026-08-01,live,2026-08-11T07:10:08+00:00,False,price_sanity,"price_m2_outlier_iqr (group=1, 10857 вне [770, 10640])"
1011680661,https://krisha.kz/a/show/1011680661,3-комнатная квартира · 90 м² · 12 этаж,1600000,за месяц,17778,3,90,12,,Sarayshyk_r-n,Astana,Kaldayakova,,51.115647151636,71.485969345797,11592496,bravofamily,Bravo Family,полностью,"свежий ремонт, новая мебель",,,,,"Сдается новая полностью меблированная 3х комнатная квартира: 
- 1 парковочное место в здании 
- вся встроенная мебель сделанная из австрийского материала Еgger и фурнитуры Blum 
- установлены кондиционеры Electrolux во всех комнатах 
- вся техника техника на кухне Electrolux 
- посудомоечная машина, микроволновая печь, вытяжка, плита, духовка, большой холодильник 
- мелкая техника Bosch: чайник, тостер, пылесос, утюг и тд 
- стиральная машина с сушкой Bosch 
- установлены магистральные фильтры на холодную и горячую воду 
- 5ти ступенчатый фильтр Гейзер на питьевой воде 
- имеется вся посуда, техника и хозяйственные принадлежности для комфортного проживания 
 
2 bedroom and 2 full bath apartment (approx. 900sq.ft.) is available for a long term lease. The apartment is fully furnished and equipped for a very comfortable life. It is designed as a NYC industrial style. One underground parking space is available in the building. Please feel free to contact at anytime! We speak English!","[""https://krisha-photos.kcdn.online/webp/33/331cd952-2da9-4cf2-b609-77c80df11006/1-full.jpg"", ""https://krisha-photos.kcdn.online/webp/33/331cd952-2da9-4cf2-b609-77c80df11006/3-full.jpg"", ""https://krisha-photos.kcdn.online/webp/33/331cd952-2da9-4cf2-b609-77c80df11006/2-full.jpg"", ""https://krisha-photos.kcdn.online/webp/33/331cd952-2da9-4cf2-b609-77c80df11006/4-full.jpg"", ""https://krisha-photos.kcdn.online/webp/33/331cd952-2da9-4cf2-b609-77c80df11006/5-full.jpg"", ""https://krisha-photos.kcdn.online/webp/33/331cd952-2da9-4cf2-b609-77c80df11006/6-full.jpg"", ""https://krisha-photos.kcdn.online/webp/33/331cd952-2da9-4cf2-b609-77c80df11006/7-full.jpg"", ""https://krisha-photos.kcdn.online/webp/33/331cd952-2da9-4cf2-b609-77c80df11006/8-full.jpg"", ""https://krisha-photos.kcdn.online/webp/33/331cd952-2da9-4cf2-b609-77c80df11006/9-full.jpg"", ""https://krisha-photos.kcdn.online/webp/33/331cd952-2da9-4cf2-b609-77c80df11006/10-full.jpg"", ""https://krisha-photos.kcdn.online/webp/33/331cd952-2da9-4cf2-b609-77c80df11006/11-full.jpg"", ""https://krisha-photos.kcdn.online/webp/33/331cd952-2da9-4cf2-b609-77c80df11006/12-full.jpg"", ""https://krisha-photos.kcdn.online/webp/33/331cd952-2da9-4cf2-b609-77c80df11006/13-full.jpg"", ""https://krisha-photos.kcdn.online/webp/33/331cd952-2da9-4cf2-b609-77c80df11006/14-full.jpg"", ""https://krisha-photos.kcdn.online/webp/33/331cd952-2da9-4cf2-b609-77c80df11006/15-full.jpg"", ""https://krisha-photos.kcdn.online/webp/33/331cd952-2da9-4cf2-b609-77c80df11006/16-full.jpg"", ""https://krisha-photos.kcdn.online/webp/33/331cd952-2da9-4cf2-b609-77c80df11006/17-full.jpg"", ""https://krisha-photos.kcdn.online/webp/33/331cd952-2da9-4cf2-b609-77c80df11006/18-full.jpg"", ""https://krisha-photos.kcdn.online/webp/33/331cd952-2da9-4cf2-b609-77c80df11006/19-full.jpg""]",19,ca8cae9347f8d03a0af1bbb10b7c0f3d4b87ae1452c1fd5c6ed43c3a9d7ddf66,,Хозяин,False,2026-08-03,2026-04-26,2026-08-03,live,2026-08-11T07:10:08+00:00,False,price_sanity,"price_m2_outlier_iqr (group=3, 17778 вне [-3113, 14002])"
1011634246,https://krisha.kz/a/show/1011634246,3-комнатная квартира · 93 м²,1600000,за месяц,17204,3,93,22,,Esilyskiy_r-n,Astana,Dostyk,,51.128412008178,71.4193467324,8543616,,Ray Residence,полностью,,нет,,,,"Ray Residence | Премиальная 3-комнатная резиденция с панорамным видом 
 
Сдаётся в аренду на длительный срок роскошная 3-комнатная квартира в престижном жилом комплексе Ray Residence. 
 
Квартира полностью укомплектована: вся мебель и техника — итальянского производства, включая кофемашину. Интерьер выполнен в стиле итальянской неоклассики с изящными витражными элементами, подчёркивающими статус и эстетику пространства. 
 
Главная особенность — панорамные окна с захватывающим, по-настоящему роскошным видом на город, создающим уникальную атмосферу уюта и премиального уровня жизни. 
 
Оснащение: 
• изолированные комнаты, гардеробные 
• встроенная кухня премиум-класса 
• тёплые полы 
• высокоскоростной Wi-Fi 
 
Технологии и безопасность: 
• система Smart Home (управление через приложение) 
• датчики протечек с автоматической защитой 
• видеодомофон 
• круглосуточная охрана 
 
Идеальная локация: рядом Abu Dhabi Plaza, Хан Шатыр, ТРЦ Керуен и ключевые объекты инфраструктуры.","[""https://krisha-photos.kcdn.online/webp/d9/d9e24832-bc18-4021-8524-93e0ab6042d3/1-full.jpg"", ""https://krisha-photos.kcdn.online/webp/d9/d9e24832-bc18-4021-8524-93e0ab6042d3/2-full.jpg"", ""https://krisha-photos.kcdn.online/webp/d9/d9e24832-bc18-4021-8524-93e0ab6042d3/3-full.jpg"", ""https://krisha-photos.kcdn.online/webp/d9/d9e24832-bc18-4021-8524-93e0ab6042d3/4-full.jpg"", ""https://krisha-photos.kcdn.online/webp/d9/d9e24832-bc18-4021-8524-93e0ab6042d3/5-full.jpg"", ""https://krisha-photos.kcdn.online/webp/d9/d9e24832-bc18-4021-8524-93e0ab6042d3/6-full.jpg"", ""https://krisha-photos.kcdn.online/webp/d9/d9e24832-bc18-4021-8524-93e0ab6042d3/7-full.jpg"", ""https://krisha-photos.kcdn.online/webp/d9/d9e24832-bc18-4021-8524-93e0ab6042d3/8-full.jpg"", ""https://krisha-photos.kcdn.online/webp/d9/d9e24832-bc18-4021-8524-93e0ab6042d3/9-full.jpg"", ""https://krisha-photos.kcdn.online/webp/d9/d9e24832-bc18-4021-8524-93e0ab6042d3/10-full.jpg"", ""https://krisha-photos.kcdn.online/webp/d9/d9e24832-bc18-4021-8524-93e0ab6042d3/11-full.jpg""]",11,b57327fd5357b47393a93317d99cbbe74e84db87904372ec5fe5d224b39398e5,,"Солтанбекова Маржан, компания «ТОО ""VILLA TOWN""»",False,2026-07-31,2026-04-24,2026-07-31,live,2026-08-06T08:02:23+00:00,False,price_sanity,"price_m2_outlier_iqr (group=3, 17204 вне [-3113, 14002])"
1014583473,https://krisha.kz/a/show/1014583473,3-комнатная квартира · 82 м² · 7/20 этаж,1200000,за месяц,14634,3,82,7,20,Esilyskiy_r-n,Astana,Sarayshik,34/4,51.132271,71.433313,,,,полностью,"свежий ремонт, новая мебель",,,,,"🏙 Сдается в аренду изысканная евро 3-комнатная квартира в престижном ЖК «Dara Residence». 
 
📐 Площадь: 82 м² 
🏢 Этаж: 8 из 20 
 
Интерьер выполнен в современном стиле, продуманная планировка и просторные помещения создают атмосферу уюта, приватности и высокого уровня жизни. Эта квартира станет идеальным выбором для тех, кто привык к качеству без компромиссов. 
 
💎 Стоимость аренды: 1 200 000 ₸/месяц 
✅ Коммунальные услуги включены в стоимость. 
 
🔐 Страховой депозит: 1 200 000 ₸ 
 
📅 Квартира будет свободна с 13 августа. 
 
📍 ЖК Dara Residence — престижная локация, высокий уровень безопасности, благоустроенная территория и комфортная инфраструктура для жизни. 
 🤳🏼Фотографии запрашивать 
💼 Комиссия агентства недвижимости: 30% от стоимости аренды",[],0,,,Аубакирова Алия,False,2026-08-06,2026-08-06,2026-08-06,live,2026-08-11T07:10:08+00:00,False,price_sanity,"price_m2_outlier_iqr (group=3, 14634 вне [-3113, 14002])"
1014518555,https://krisha.kz/a/show/1014518555,3-комнатная квартира · 80 м² · 3/9 этаж,1200000,за месяц,18750,3,80,3,9,Almaty_r-n,Astana,Tauelsizdik,23/1,51.144077,71.458735,,,,полностью,"свежий ремонт, новая мебель",нет,,,,"сдам на год1транш оплата сразу за 3 месяца-4500 000 
депозит 2000 000 
можно посольствам","[""https://krisha-photos.kcdn.online/webp/a8/a8d4ff59-067e-48eb-89d8-1c11c5e6c9af/1-full.jpg"", ""https://krisha-photos.kcdn.online/webp/a8/a8d4ff59-067e-48eb-89d8-1c11c5e6c9af/2-full.jpg"", ""https://krisha-photos.kcdn.online/webp/a8/a8d4ff59-067e-48eb-89d8-1c11c5e6c9af/3-full.jpg"", ""https://krisha-photos.kcdn.online/webp/a8/a8d4ff59-067e-48eb-89d8-1c11c5e6c9af/4-full.jpg"", ""https://krisha-photos.kcdn.online/webp/a8/a8d4ff59-067e-48eb-89d8-1c11c5e6c9af/5-full.jpg"", ""https://krisha-photos.kcdn.online/webp/a8/a8d4ff59-067e-48eb-89d8-1c11c5e6c9af/6-full.jpg"", ""https://krisha-photos.kcdn.online/webp/a8/a8d4ff59-067e-48eb-89d8-1c11c5e6c9af/7-full.jpg"", ""https://krisha-photos.kcdn.online/webp/a8/a8d4ff59-067e-48eb-89d8-1c11c5e6c9af/8-full.jpg"", ""https://krisha-photos.kcdn.online/webp/a8/a8d4ff59-067e-48eb-89d8-1c11c5e6c9af/9-full.jpg"", ""https://krisha-photos.kcdn.online/webp/a8/a8d4ff59-067e-48eb-89d8-1c11c5e6c9af/10-full.jpg"", ""https://krisha-photos.kcdn.online/webp/a8/a8d4ff59-067e-48eb-89d8-1c11c5e6c9af/11-full.jpg"", ""https://krisha-photos.kcdn.online/webp/a8/a8d4ff59-067e-48eb-89d8-1c11c5e6c9af/12-full.jpg"", ""https://krisha-photos.kcdn.online/webp/a8/a8d4ff59-067e-48eb-89d8-1c11c5e6c9af/13-full.jpg"", ""https://krisha-photos.kcdn.online/webp/a8/a8d4ff59-067e-48eb-89d8-1c11c5e6c9af/14-full.jpg"", ""https://krisha-photos.kcdn.online/webp/a8/a8d4ff59-067e-48eb-89d8-1c11c5e6c9af/15-full.jpg"", ""https://krisha-photos.kcdn.online/webp/a8/a8d4ff59-067e-48eb-89d8-1c11c5e6c9af/16-full.jpg"", ""https://krisha-photos.kcdn.online/webp/a8/a8d4ff59-067e-48eb-89d8-1c11c5e6c9af/17-full.jpg""]",17,bc22d4a227f6da5f2c8b7ad56d0c618d875d1f9ab852d3ba02fa85a24128a09b,,Хозяин,False,2026-08-05,2026-08-04,2026-08-05,live,2026-08-11T07:10:08+00:00,False,price_sanity,"price_m2_outlier_iqr (group=3, 18750 вне [-3113, 14002])"
1014573813,https://krisha.kz/a/show/1014573813,3-комнатная квартира · 97 м² · 20 этаж,1500000,за месяц,15464,3,97,20,,Esilyskiy_r-n,Astana,Sarayshyk,34a,51.132733428658,71.432460444421,18840927,dararesidence,Dara Residence,полностью,"свежий ремонт, новая мебель",,,,,"Аренда‼️ готова к заеду 
оригинал ✅ 
3 сан узла, прачечная, зал кухня общая, 2 спальни.","[""https://krisha-photos.kcdn.online/webp/9b/9b094cf7-fea4-473a-91a7-323c9c838164/1-full.jpg"", ""https://krisha-photos.kcdn.online/webp/9b/9b094cf7-fea4-473a-91a7-323c9c838164/2-full.jpg"", ""https://krisha-photos.kcdn.online/webp/9b/9b094cf7-fea4-473a-91a7-323c9c838164/3-full.jpg"", ""https://krisha-photos.kcdn.online/webp/9b/9b094cf7-fea4-473a-91a7-323c9c838164/4-full.jpg"", ""https://krisha-photos.kcdn.online/webp/9b/9b094cf7-fea4-473a-91a7-323c9c838164/5-full.jpg"", ""https://krisha-photos.kcdn.online/webp/9b/9b094cf7-fea4-473a-91a7-323c9c838164/6-full.jpg"", ""https://krisha-photos.kcdn.online/webp/9b/9b094cf7-fea4-473a-91a7-323c9c838164/7-full.jpg"", ""https://krisha-photos.kcdn.online/webp/9b/9b094cf7-fea4-473a-91a7-323c9c838164/8-full.jpg""]",8,d1e9ebf399685af610055d0179e6e2be497304d67dea4b71a25538fb206165a0,,Сәлім Нұрәлім,False,2026-08-05,2026-08-05,2026-08-05,live,2026-08-09T06:42:53+00:00,False,price_sanity,"price_m2_outlier_iqr (group=3, 15464 вне [-3113, 14002])"
1013990422,https://krisha.kz/a/show/1013990422,3-комнатная квартира · 173 м² · 13/22 этаж,2800000,за месяц,16185,3,173,13,22,Esilyskiy_r-n,Astana,Sarayshyk,34a,51.132733428658,71.432460444421,18840927,dararesidence,Dara Residence,полностью,"свежий ремонт, новая мебель",,,,,"Сдается шикарная просторная 3-х комнатная квартира в ЖК Дара Резиденс Бизнес класса комплекс! С новым свежим ремонтом, в каждой спальне имеется свой сан узел и гардеробные, полностью с бытовой техникой, очень солнечная и светлая квартира. Квартира расположена в самом сердце Столице, в самом Деловом Административном Центе, рядом находится ТРЦ Керуен, Байтерек, Дом Министерств, Парк Жеты - Су, Триатлон Парк, школа лицей 66 через дорогу, топовая локация! Депозит! + ком услуги. Услуги агенства + 50%","[""https://krisha-photos.kcdn.online/webp/39/399158d7-6239-446e-a193-2bb3cc631c63/20-full.jpg"", ""https://krisha-photos.kcdn.online/webp/39/399158d7-6239-446e-a193-2bb3cc631c63/21-full.jpg"", ""https://krisha-photos.kcdn.online/webp/39/399158d7-6239-446e-a193-2bb3cc631c63/22-full.jpg"", ""https://krisha-photos.kcdn.online/webp/39/399158d7-6239-446e-a193-2bb3cc631c63/23-full.jpg"", ""https://krisha-photos.kcdn.online/webp/39/399158d7-6239-446e-a193-2bb3cc631c63/24-full.jpg"", ""https://krisha-photos.kcdn.online/webp/39/399158d7-6239-446e-a193-2bb3cc631c63/25-full.jpg"", ""https://krisha-photos.kcdn.online/webp/39/399158d7-6239-446e-a193-2bb3cc631c63/26-full.jpg"", ""https://krisha-photos.kcdn.online/webp/39/399158d7-6239-446e-a193-2bb3cc631c63/27-full.jpg"", ""https://krisha-photos.kcdn.online/webp/39/399158d7-6239-446e-a193-2bb3cc631c63/28-full.jpg"", ""https://krisha-photos.kcdn.online/webp/39/399158d7-6239-446e-a193-2bb3cc631c63/29-full.jpg"", ""https://krisha-photos.kcdn.online/webp/39/399158d7-6239-446e-a193-2bb3cc631c63/30-full.jpg"", ""https://krisha-photos.kcdn.online/webp/39/399158d7-6239-446e-a193-2bb3cc631c63/31-full.jpg"", ""https://krisha-photos.kcdn.online/webp/39/399158d7-6239-446e-a193-2bb3cc631c63/32-full.jpg"", ""https://krisha-photos.kcdn.online/webp/39/399158d7-6239-446e-a193-2bb3cc631c63/33-full.jpg"", ""https://krisha-photos.kcdn.online/webp/39/399158d7-6239-446e-a193-2bb3cc631c63/34-full.jpg"", ""https://krisha-photos.kcdn.online/webp/39/399158d7-6239-446e-a193-2bb3cc631c63/35-full.jpg"", ""https://krisha-photos.kcdn.online/webp/39/399158d7-6239-446e-a193-2bb3cc631c63/36-full.jpg"", ""https://krisha-photos.kcdn.online/webp/39/399158d7-6239-446e-a193-2bb3cc631c63/37-full.jpg"", ""https://krisha-photos.kcdn.online/webp/39/399158d7-6239-446e-a193-2bb3cc631c63/38-full.jpg"", ""https://krisha-photos.kcdn.online/webp/39/399158d7-6239-446e-a193-2bb3cc631c63/39-full.jpg"", ""https://krisha-photos.kcdn.online/webp/39/399158d7-6239-446e-a193-2bb3cc631c63/40-full.jpg"", ""https://krisha-photos.kcdn.online/webp/39/399158d7-6239-446e-a193-2bb3cc631c63/41-full.jpg"", ""https://krisha-photos.kcdn.online/webp/39/399158d7-6239-446e-a193-2bb3cc631c63/42-full.jpg"", ""https://krisha-photos.kcdn.online/webp/39/399158d7-6239-446e-a193-2bb3cc631c63/43-full.jpg"", ""https://krisha-photos.kcdn.online/webp/39/399158d7-6239-446e-a193-2bb3cc631c63/44-full.jpg"", ""https://krisha-photos.kcdn.online/webp/39/399158d7-6239-446e-a193-2bb3cc631c63/45-full.jpg""]",26,f2e6fce7734760b41666b685d5128eca042384a603378fa0c75e6e5ae5aa56ac,,"Котина Гульмира, компания «Жас Кала ХХІ»",True,2026-08-04,2026-07-16,2026-08-04,live,2026-08-09T06:42:53+00:00,False,price_sanity,"price_m2_outlier_iqr (group=3, 16185 вне [-3113, 14002])"
1013704427,https://krisha.kz/a/show/1013704427,3-комнатная квартира · 110 м² · 13/19 этаж,1800000,за месяц,16364,3,110,13,19,Esilyskiy_r-n,Astana,Narkesken,3,51.149483567324,71.429621116833,10092719,esilriverside,Esil Riverside,полностью,"свежий ремонт, новая мебель",нет,,,,Длительный срок. Гарантийный взнос.,"[""https://krisha-photos.kcdn.online/webp/f2/f24a0516-9079-4e33-ac90-b7f890ab253c/1-full.jpg"", ""https://krisha-photos.kcdn.online/webp/f2/f24a0516-9079-4e33-ac90-b7f890ab253c/2-full.jpg"", ""https://krisha-photos.kcdn.online/webp/f2/f24a0516-9079-4e33-ac90-b7f890ab253c/3-full.jpg"", ""https://krisha-photos.kcdn.online/webp/f2/f24a0516-9079-4e33-ac90-b7f890ab253c/4-full.jpg"", ""https://krisha-photos.kcdn.online/webp/f2/f24a0516-9079-4e33-ac90-b7f890ab253c/5-full.jpg"", ""https://krisha-photos.kcdn.online/webp/f2/f24a0516-9079-4e33-ac90-b7f890ab253c/6-full.jpg""]",6,2aa4411ca9b75e91d07e26a61e3bef4df2864421a4c2af1a7f4381c5c8ff66a7,,Хозяин,False,2026-08-04,2026-07-05,2026-08-04,live,2026-08-11T07:10:08+00:00,False,price_sanity,"price_m2_outlier_iqr (group=3, 16364 вне [-3113, 14002])"
1010739190,https://krisha.kz/a/show/1010739190,3-комнатная квартира · 130 м² · 6 этаж,2000000,за месяц,15385,3,130,6,,Almaty_r-n,Astana,Amman,21,51.148888587639,71.444069871747,11436912,akbulakriviera,Akbulak Riviera,полностью,"свежий ремонт, новая мебель",,,,,,"[""https://krisha-photos.kcdn.online/webp/27/27334dc7-3034-485f-863d-78db1c09999d/1-full.jpg"", ""https://krisha-photos.kcdn.online/webp/27/27334dc7-3034-485f-863d-78db1c09999d/2-full.jpg"", ""https://krisha-photos.kcdn.online/webp/27/27334dc7-3034-485f-863d-78db1c09999d/3-full.jpg"", ""https://krisha-photos.kcdn.online/webp/27/27334dc7-3034-485f-863d-78db1c09999d/4-full.jpg"", ""https://krisha-photos.kcdn.online/webp/27/27334dc7-3034-485f-863d-78db1c09999d/5-full.jpg"", ""https://krisha-photos.kcdn.online/webp/27/27334dc7-3034-485f-863d-78db1c09999d/6-full.jpg"", ""https://krisha-photos.kcdn.online/webp/27/27334dc7-3034-485f-863d-78db1c09999d/7-full.jpg"", ""https://krisha-photos.kcdn.online/webp/27/27334dc7-3034-485f-863d-78db1c09999d/8-full.jpg"", ""https://krisha-photos.kcdn.online/webp/27/27334dc7-3034-485f-863d-78db1c09999d/9-full.jpg"", ""https://krisha-photos.kcdn.online/webp/27/27334dc7-3034-485f-863d-78db1c09999d/10-full.jpg"", ""https://krisha-photos.kcdn.online/webp/27/27334dc7-3034-485f-863d-78db1c09999d/11-full.jpg"", ""https://krisha-photos.kcdn.online/webp/27/27334dc7-3034-485f-863d-78db1c09999d/12-full.jpg"", ""https://krisha-photos.kcdn.online/webp/27/27334dc7-3034-485f-863d-78db1c09999d/13-full.jpg"", ""https://krisha-photos.kcdn.online/webp/27/27334dc7-3034-485f-863d-78db1c09999d/14-full.jpg"", ""https://krisha-photos.kcdn.online/webp/27/27334dc7-3034-485f-863d-78db1c09999d/15-full.jpg"", ""https://krisha-photos.kcdn.online/webp/27/27334dc7-3034-485f-863d-78db1c09999d/16-full.jpg"", ""https://krisha-photos.kcdn.online/webp/27/27334dc7-3034-485f-863d-78db1c09999d/17-full.jpg"", ""https://krisha-photos.kcdn.online/webp/27/27334dc7-3034-485f-863d-78db1c09999d/18-full.jpg"", ""https://krisha-photos.kcdn.online/webp/27/27334dc7-3034-485f-863d-78db1c09999d/19-full.jpg"", ""https://krisha-photos.kcdn.online/webp/27/27334dc7-3034-485f-863d-78db1c09999d/20-full.jpg"", ""https://krisha-photos.kcdn.online/webp/27/27334dc7-3034-485f-863d-78db1c09999d/21-full.jpg"", ""https://krisha-photos.kcdn.online/webp/27/27334dc7-3034-485f-863d-78db1c09999d/22-full.jpg"", ""https://krisha-photos.kcdn.online/webp/27/27334dc7-3034-485f-863d-78db1c09999d/23-full.jpg"", ""https://krisha-photos.kcdn.online/webp/27/27334dc7-3034-485f-863d-78db1c09999d/24-full.jpg"", ""https://krisha-photos.kcdn.online/webp/27/27334dc7-3034-485f-863d-78db1c09999d/25-full.jpg""]",25,fc8ead70cb9403310f0aff0d391f9fea652186e32f20b1b1d70134b8095d4354,,"Кабдрахман Анет, компания «Қасымқанов Бекарыс»",False,2026-08-04,2026-03-26,2026-08-04,live,2026-08-11T07:10:08+00:00,False,price_sanity,"price_m2_outlier_iqr (group=3, 15385 вне [-3113, 14002])"
1006181349,https://krisha.kz/a/show/1006181349,3-комнатная квартира · 80 м² · 5/18 этаж,1200000,за месяц,15000,3,80,5,18,Esilyskiy_r-n,Astana,Akmeshit,1,51.119972180413,71.424596926931,12515541,europecity,Europe City,полностью,"свежий ремонт, новая мебель",,,,,"Сдаётся новая евро-трёхкомнатная квартира рядом с ТЦ «Абу-Даби»! 
Квартира абсолютно новая, чистая, с современным ремонтом, сделанным для себя — не под аренду. 
Паркинг и генеральная уборка 1 раз в месяц в подарок 
В аренду ранее не сдавалась 
Полностью укомплектована всем необходимым: 
встроенная кухня, техника, посуда, текстиль, вплоть до ложек — всё новое, качественное, подобрано со вкусом. 
Заезжай только со своими вещами и живи с удовольствием! 
Планировка — евро-трешка: просторная гостиная, две уютные спальни, гардеробная, санузел с современной сантехникой. 
Расположение — идеальное: дом находится возле торгового центра «Абу-Даби», в шаговой доступности аллея ресторанов, кафе, магазины, салоны красоты, аптеки и всё, что нужно для комфортной жизни. 
При этом дом очень тихий — отличная шумоизоляция, спокойные соседи, чистый и ухоженный подъезд. 
Депозит — 1 000 000 тг","[""https://krisha-photos.kcdn.online/webp/9e/9eb42a7b-e693-4a9e-ad5a-3f1f959db92f/1-full.jpg"", ""https://krisha-photos.kcdn.online/webp/9e/9eb42a7b-e693-4a9e-ad5a-3f1f959db92f/5-full.jpg"", ""https://krisha-photos.kcdn.online/webp/9e/9eb42a7b-e693-4a9e-ad5a-3f1f959db92f/26-full.jpg"", ""https://krisha-photos.kcdn.online/webp/9e/9eb42a7b-e693-4a9e-ad5a-3f1f959db92f/27-full.jpg"", ""https://krisha-photos.kcdn.online/webp/9e/9eb42a7b-e693-4a9e-ad5a-3f1f959db92f/28-full.jpg"", ""https://krisha-photos.kcdn.online/webp/9e/9eb42a7b-e693-4a9e-ad5a-3f1f959db92f/29-full.jpg"", ""https://krisha-photos.kcdn.online/webp/9e/9eb42a7b-e693-4a9e-ad5a-3f1f959db92f/30-full.jpg"", ""https://krisha-photos.kcdn.online/webp/9e/9eb42a7b-e693-4a9e-ad5a-3f1f959db92f/31-full.jpg"", ""https://krisha-photos.kcdn.online/webp/9e/9eb42a7b-e693-4a9e-ad5a-3f1f959db92f/32-full.jpg"", ""https://krisha-photos.kcdn.online/webp/9e/9eb42a7b-e693-4a9e-ad5a-3f1f959db92f/33-full.jpg"", ""https://krisha-photos.kcdn.online/webp/9e/9eb42a7b-e693-4a9e-ad5a-3f1f959db92f/34-full.jpg"", ""https://krisha-photos.kcdn.online/webp/9e/9eb42a7b-e693-4a9e-ad5a-3f1f959db92f/35-full.jpg"", ""https://krisha-photos.kcdn.online/webp/9e/9eb42a7b-e693-4a9e-ad5a-3f1f959db92f/36-full.jpg"", ""https://krisha-photos.kcdn.online/webp/9e/9eb42a7b-e693-4a9e-ad5a-3f1f959db92f/37-full.jpg"", ""https://krisha-photos.kcdn.online/webp/9e/9eb42a7b-e693-4a9e-ad5a-3f1f959db92f/38-full.jpg"", ""https://krisha-photos.kcdn.online/webp/9e/9eb42a7b-e693-4a9e-ad5a-3f1f959db92f/40-full.jpg"", ""https://krisha-photos.kcdn.online/webp/9e/9eb42a7b-e693-4a9e-ad5a-3f1f959db92f/41-full.jpg"", ""https://krisha-photos.kcdn.online/webp/9e/9eb42a7b-e693-4a9e-ad5a-3f1f959db92f/42-full.jpg""]",18,c6d98c89451325fda655b23cae60564f2eea3e4842ad6200020bf353992cf378,,"Құсайын Сәуле, компания « Панорама Group»",False,2026-08-03,2025-10-12,2026-08-03,live,2026-08-11T07:10:08+00:00,False,price_sanity,"price_m2_outlier_iqr (group=3, 15000 вне [-3113, 14002])"
1013628422,https://krisha.kz/a/show/1013628422,3-комнатная квартира · 85 м² · 12/22 этаж,1500000,за месяц,17647,3,85,12,22,Esilyskiy_r-n,Astana,Akmeshit,1,51.121496583673,71.424231327677,12515541,europecity,Europe City,полностью,"свежий ремонт, новая мебель",,,,,"Ұзақ уақытқа, ұқыпты адамдар болса

Дом ориентировочно находится возле Ақмешіт","[""https://krisha-photos.kcdn.online/webp/35/353e5280-42c4-4e1c-9c25-449edc1d4525/1-full.jpg"", ""https://krisha-photos.kcdn.online/webp/35/353e5280-42c4-4e1c-9c25-449edc1d4525/2-full.jpg"", ""https://krisha-photos.kcdn.online/webp/35/353e5280-42c4-4e1c-9c25-449edc1d4525/3-full.jpg"", ""https://krisha-photos.kcdn.online/webp/35/353e5280-42c4-4e1c-9c25-449edc1d4525/4-full.jpg"", ""https://krisha-photos.kcdn.online/webp/35/353e5280-42c4-4e1c-9c25-449edc1d4525/5-full.jpg"", ""https://krisha-photos.kcdn.online/webp/35/353e5280-42c4-4e1c-9c25-449edc1d4525/6-full.jpg"", ""https://krisha-photos.kcdn.online/webp/35/353e5280-42c4-4e1c-9c25-449edc1d4525/7-full.jpg"", ""https://krisha-photos.kcdn.online/webp/35/353e5280-42c4-4e1c-9c25-449edc1d4525/8-full.jpg"", ""https://krisha-photos.kcdn.online/webp/35/353e5280-42c4-4e1c-9c25-449edc1d4525/9-full.jpg"", ""https://krisha-photos.kcdn.online/webp/35/353e5280-42c4-4e1c-9c25-449edc1d4525/10-full.jpg"", ""https://krisha-photos.kcdn.online/webp/35/353e5280-42c4-4e1c-9c25-449edc1d4525/11-full.jpg"", ""https://krisha-photos.kcdn.online/webp/35/353e5280-42c4-4e1c-9c25-449edc1d4525/12-full.jpg"", ""https://krisha-photos.kcdn.online/webp/35/353e5280-42c4-4e1c-9c25-449edc1d4525/13-full.jpg"", ""https://krisha-photos.kcdn.online/webp/35/353e5280-42c4-4e1c-9c25-449edc1d4525/14-full.jpg"", ""https://krisha-photos.kcdn.online/webp/35/353e5280-42c4-4e1c-9c25-449edc1d4525/15-full.jpg"", ""https://krisha-photos.kcdn.online/webp/35/353e5280-42c4-4e1c-9c25-449edc1d4525/16-full.jpg"", ""https://krisha-photos.kcdn.online/webp/35/353e5280-42c4-4e1c-9c25-449edc1d4525/17-full.jpg"", ""https://krisha-photos.kcdn.online/webp/35/353e5280-42c4-4e1c-9c25-449edc1d4525/18-full.jpg"", ""https://krisha-photos.kcdn.online/webp/35/353e5280-42c4-4e1c-9c25-449edc1d4525/19-full.jpg"", ""https://krisha-photos.kcdn.online/webp/35/353e5280-42c4-4e1c-9c25-449edc1d4525/20-full.jpg"", ""https://krisha-photos.kcdn.online/webp/35/353e5280-42c4-4e1c-9c25-449edc1d4525/21-full.jpg"", ""https://krisha-photos.kcdn.online/webp/35/353e5280-42c4-4e1c-9c25-449edc1d4525/22-full.jpg"", ""https://krisha-photos.kcdn.online/webp/35/353e5280-42c4-4e1c-9c25-449edc1d4525/23-full.jpg"", ""https://krisha-photos.kcdn.online/webp/35/353e5280-42c4-4e1c-9c25-449edc1d4525/24-full.jpg"", ""https://krisha-photos.kcdn.online/webp/35/353e5280-42c4-4e1c-9c25-449edc1d4525/25-full.jpg""]",25,24def7b41545f9c28a12ea094e1e7b60f9e37e16b4a09c8ba48a78ebc8f7e023,,Хозяин,False,2026-08-03,2026-07-02,2026-08-03,live,2026-08-11T07:10:08+00:00,False,price_sanity,"price_m2_outlier_iqr (group=3, 17647 вне [-3113, 14002])"
1013670937,https://krisha.kz/a/show/1013670937,3-комнатная квартира · 105 м² · 12/20 этаж,1700000,за месяц,16190,3,105,12,20,Esilyskiy_r-n,Astana,Turar_Ryskulov,1,51.087445355583,71.403193473161,12950437,nexpoclassic,Nexpo Classic,полностью,"свежий ремонт, новая мебель",,,,,"Nexpo classic 
3х комнатная 
Площадь 105 м² 
Этаж 12 
Панорамный вид на город в две стороны 
 
*В квартире имеется:* 
- Посудомоечная машина 
- измельчитель 
- Фильтр для воды 
- кондиционер 
- Сушильная машина 
- 2 сан узла (ванна и душ) 
- прачечная 
- мастер спальня 
- гардероб 
 
- Ламинат 34 класс 12 мм 
- Теплый пол в мокрых зонах 
- Умный дом датчики протечки, дыма, движения, замка и тд. 
- Кухня electrolux, samsung, посудомоечная с автоматическим открыванием дверцы по завершению. 
- Кухня столешница кварц камень, санузлы камень 
- Сантехника Grohe, отображение температуры воды 
- Квартира очень светлая и приятная аура 
- Отдельная прачечная, lg thinq стиралка+сушка. 
- Мебель МДФ краска 
 
Рядом: 
- Mega silkway 
- Nazarbayev University 
- Green clinic/2 городская больница 
- ЛРТ станция университет 
- EXPO 
- AITU university 
- Quantum school 
- центральная мечеть 
До аэропорта на машине 15 минут, на лрт 12 минут 
До вокзала на лрт 30 минут 
 
Только на длительный срок, семейным. 
 
Депозит 1 500 000","[""https://krisha-photos.kcdn.online/webp/82/820da20c-bf8c-4d73-bf70-bdb465a8a387/1-full.jpg"", ""https://krisha-photos.kcdn.online/webp/82/820da20c-bf8c-4d73-bf70-bdb465a8a387/2-full.jpg"", ""https://krisha-photos.kcdn.online/webp/82/820da20c-bf8c-4d73-bf70-bdb465a8a387/3-full.jpg"", ""https://krisha-photos.kcdn.online/webp/82/820da20c-bf8c-4d73-bf70-bdb465a8a387/4-full.jpg"", ""https://krisha-photos.kcdn.online/webp/82/820da20c-bf8c-4d73-bf70-bdb465a8a387/5-full.jpg"", ""https://krisha-photos.kcdn.online/webp/82/820da20c-bf8c-4d73-bf70-bdb465a8a387/6-full.jpg"", ""https://krisha-photos.kcdn.online/webp/82/820da20c-bf8c-4d73-bf70-bdb465a8a387/7-full.jpg"", ""https://krisha-photos.kcdn.online/webp/82/820da20c-bf8c-4d73-bf70-bdb465a8a387/8-full.jpg"", ""https://krisha-photos.kcdn.online/webp/82/820da20c-bf8c-4d73-bf70-bdb465a8a387/9-full.jpg"", ""https://krisha-photos.kcdn.online/webp/82/820da20c-bf8c-4d73-bf70-bdb465a8a387/10-full.jpg"", ""https://krisha-photos.kcdn.online/webp/82/820da20c-bf8c-4d73-bf70-bdb465a8a387/11-full.jpg"", ""https://krisha-photos.kcdn.online/webp/82/820da20c-bf8c-4d73-bf70-bdb465a8a387/12-full.jpg"", ""https://krisha-photos.kcdn.online/webp/82/820da20c-bf8c-4d73-bf70-bdb465a8a387/13-full.jpg"", ""https://krisha-photos.kcdn.online/webp/82/820da20c-bf8c-4d73-bf70-bdb465a8a387/14-full.jpg"", ""https://krisha-photos.kcdn.online/webp/82/820da20c-bf8c-4d73-bf70-bdb465a8a387/15-full.jpg"", ""https://krisha-photos.kcdn.online/webp/82/820da20c-bf8c-4d73-bf70-bdb465a8a387/16-full.jpg"", ""https://krisha-photos.kcdn.online/webp/82/820da20c-bf8c-4d73-bf70-bdb465a8a387/17-full.jpg"", ""https://krisha-photos.kcdn.online/webp/82/820da20c-bf8c-4d73-bf70-bdb465a8a387/18-full.jpg"", ""https://krisha-photos.kcdn.online/webp/82/820da20c-bf8c-4d73-bf70-bdb465a8a387/19-full.jpg"", ""https://krisha-photos.kcdn.online/webp/82/820da20c-bf8c-4d73-bf70-bdb465a8a387/20-full.jpg"", ""https://krisha-photos.kcdn.online/webp/82/820da20c-bf8c-4d73-bf70-bdb465a8a387/21-full.jpg"", ""https://krisha-photos.kcdn.online/webp/82/820da20c-bf8c-4d73-bf70-bdb465a8a387/22-full.jpg"", ""https://krisha-photos.kcdn.online/webp/82/820da20c-bf8c-4d73-bf70-bdb465a8a387/23-full.jpg"", ""https://krisha-photos.kcdn.online/webp/82/820da20c-bf8c-4d73-bf70-bdb465a8a387/24-full.jpg"", ""https://krisha-photos.kcdn.online/webp/82/820da20c-bf8c-4d73-bf70-bdb465a8a387/25-full.jpg"", ""https://krisha-photos.kcdn.online/webp/82/820da20c-bf8c-4d73-bf70-bdb465a8a387/26-full.jpg"", ""https://krisha-photos.kcdn.online/webp/82/820da20c-bf8c-4d73-bf70-bdb465a8a387/27-full.jpg"", ""https://krisha-photos.kcdn.online/webp/82/820da20c-bf8c-4d73-bf70-bdb465a8a387/28-full.jpg""]",28,d6b6b475725570af92a6bc0560caa529dcdf9b0322ea6d1e2428aa9fcfa8b991,,Хозяин,False,2026-08-03,2026-07-04,2026-08-03,live,2026-08-11T07:10:08+00:00,False,price_sanity,"price_m2_outlier_iqr (group=3, 16190 вне [-3113, 14002])"
1014084361,https://krisha.kz/a/show/1014084361,3-комнатная квартира · 100 м² · 19/22 этаж,1500000,за месяц,15000,3,100,19,22,Esilyskiy_r-n,Astana,Dostyk,10/1,51.128412008178,71.4193467324,8543616,,Ray Residence,полностью,,,,,,"Предлагается комфортная квартира в хорошем доме, расположенном в самом центре города. 
✅ Отличное расположение 
✅ Тихий и спокойный двор 
✅ Чистый подъезд и хорошие соседи 
✅ Всё необходимое для комфортного проживания. 
Идеальный вариант для тех, кто ценит удобство, безопасность и комфорт. 
📞 Звоните или пишите, с удовольствием отвечу на все вопросы и договоримся о просмотре!","[""https://krisha-photos.kcdn.online/webp/fa/face4ba5-9ddc-4f7d-8cca-025ddb3df123/1-full.jpg"", ""https://krisha-photos.kcdn.online/webp/fa/face4ba5-9ddc-4f7d-8cca-025ddb3df123/2-full.jpg"", ""https://krisha-photos.kcdn.online/webp/fa/face4ba5-9ddc-4f7d-8cca-025ddb3df123/3-full.jpg"", ""https://krisha-photos.kcdn.online/webp/fa/face4ba5-9ddc-4f7d-8cca-025ddb3df123/4-full.jpg"", ""https://krisha-photos.kcdn.online/webp/fa/face4ba5-9ddc-4f7d-8cca-025ddb3df123/5-full.jpg"", ""https://krisha-photos.kcdn.online/webp/fa/face4ba5-9ddc-4f7d-8cca-025ddb3df123/6-full.jpg"", ""https://krisha-photos.kcdn.online/webp/fa/face4ba5-9ddc-4f7d-8cca-025ddb3df123/10-full.jpg"", ""https://krisha-photos.kcdn.online/webp/fa/face4ba5-9ddc-4f7d-8cca-025ddb3df123/13-full.jpg"", ""https://krisha-photos.kcdn.online/webp/fa/face4ba5-9ddc-4f7d-8cca-025ddb3df123/14-full.jpg"", ""https://krisha-photos.kcdn.online/webp/fa/face4ba5-9ddc-4f7d-8cca-025ddb3df123/15-full.jpg"", ""https://krisha-photos.kcdn.online/webp/fa/face4ba5-9ddc-4f7d-8cca-025ddb3df123/16-full.jpg""]",11,04a67ffcfc21bb26aaa93851ee5ac68e768f95af0b8a32965ea2c8f418035e0c,,Хозяин,False,2026-08-02,2026-07-19,2026-08-02,live,2026-08-11T07:10:08+00:00,False,price_sanity,"price_m2_outlier_iqr (group=3, 15000 вне [-3113, 14002])"
1014258081,https://krisha.kz/a/show/1014258081,3-комнатная квартира · 100 м² · 14/17 этаж,1500000,за месяц,15000,3,100,14,17,Nura_r-n,Astana,Abiken_Bekturova,11/1,51.123695281907,71.39730838409,15386925,turanlife,Turan Life,,"свежий ремонт, новая мебель",нет,,,,"🏡 Сдается шикарная 3-комнатная квартира с новым евроремонтом! 
 
📍 Отличное расположение — в самом центре Астаны, недалеко от Хан Шатыра. 
 
✨ Квартира абсолютно новая: 
• ранее никто не проживал; 
• ранее никогда не сдавалась; 
• современный качественный евроремонт; 
• полностью меблирована и оснащена всей необходимой техникой; 
• чистая, уютная, без посторонних запахов. 
 
Идеальный вариант для тех, кто ценит комфорт, чистоту и удобное расположение. 
 
📞 По всем вопросам обращайтесь в личные сообщения или по телефону

Дом ориентировочно находится возле Туран","[""https://krisha-photos.kcdn.online/webp/ad/adad39aa-e358-47d0-b6c8-5bcf394604b1/1-full.jpg"", ""https://krisha-photos.kcdn.online/webp/ad/adad39aa-e358-47d0-b6c8-5bcf394604b1/2-full.jpg"", ""https://krisha-photos.kcdn.online/webp/ad/adad39aa-e358-47d0-b6c8-5bcf394604b1/3-full.jpg"", ""https://krisha-photos.kcdn.online/webp/ad/adad39aa-e358-47d0-b6c8-5bcf394604b1/4-full.jpg"", ""https://krisha-photos.kcdn.online/webp/ad/adad39aa-e358-47d0-b6c8-5bcf394604b1/5-full.jpg"", ""https://krisha-photos.kcdn.online/webp/ad/adad39aa-e358-47d0-b6c8-5bcf394604b1/6-full.jpg"", ""https://krisha-photos.kcdn.online/webp/ad/adad39aa-e358-47d0-b6c8-5bcf394604b1/7-full.jpg"", ""https://krisha-photos.kcdn.online/webp/ad/adad39aa-e358-47d0-b6c8-5bcf394604b1/8-full.jpg"", ""https://krisha-photos.kcdn.online/webp/ad/adad39aa-e358-47d0-b6c8-5bcf394604b1/9-full.jpg"", ""https://krisha-photos.kcdn.online/webp/ad/adad39aa-e358-47d0-b6c8-5bcf394604b1/10-full.jpg"", ""https://krisha-photos.kcdn.online/webp/ad/adad39aa-e358-47d0-b6c8-5bcf394604b1/11-full.jpg"", ""https://krisha-photos.kcdn.online/webp/ad/adad39aa-e358-47d0-b6c8-5bcf394604b1/12-full.jpg"", ""https://krisha-photos.kcdn.online/webp/ad/adad39aa-e358-47d0-b6c8-5bcf394604b1/13-full.jpg"", ""https://krisha-photos.kcdn.online/webp/ad/adad39aa-e358-47d0-b6c8-5bcf394604b1/14-full.jpg""]",14,28c219296cc8c132a6d4b716608191a18b0f0a86f39b807a3c32091756388ff7,,Хозяин,False,2026-08-02,2026-07-25,2026-08-02,live,2026-08-11T07:10:08+00:00,False,price_sanity,"price_m2_outlier_iqr (group=3, 15000 вне [-3113, 14002])"
1014058062,https://krisha.kz/a/show/1014058062,3-комнатная квартира · 100 м² · 9/20 этаж,1500000,за месяц,15000,3,100,9,20,Esilyskiy_r-n,Astana,Turar_Ryskulova,1/1,51.08722000322,71.403873537929,19211067,nexpoclassicstyle,Nexpo Classic Style,полностью,,нет,,,,"Квартира находится в непосредственной близости от Экспо и ТРЦ Mega Silk Way. Рядом расположены Назарбаев Университет и остановка ЛРТ.

Дом ориентировочно находится возле Рыскулова 1/1","[""https://krisha-photos.kcdn.online/webp/21/21bf2d56-428d-447f-8940-179cc621a527/1-full.jpg"", ""https://krisha-photos.kcdn.online/webp/21/21bf2d56-428d-447f-8940-179cc621a527/2-full.jpg"", ""https://krisha-photos.kcdn.online/webp/21/21bf2d56-428d-447f-8940-179cc621a527/3-full.jpg"", ""https://krisha-photos.kcdn.online/webp/21/21bf2d56-428d-447f-8940-179cc621a527/4-full.jpg"", ""https://krisha-photos.kcdn.online/webp/21/21bf2d56-428d-447f-8940-179cc621a527/5-full.jpg"", ""https://krisha-photos.kcdn.online/webp/21/21bf2d56-428d-447f-8940-179cc621a527/6-full.jpg"", ""https://krisha-photos.kcdn.online/webp/21/21bf2d56-428d-447f-8940-179cc621a527/7-full.jpg"", ""https://krisha-photos.kcdn.online/webp/21/21bf2d56-428d-447f-8940-179cc621a527/8-full.jpg"", ""https://krisha-photos.kcdn.online/webp/21/21bf2d56-428d-447f-8940-179cc621a527/9-full.jpg"", ""https://krisha-photos.kcdn.online/webp/21/21bf2d56-428d-447f-8940-179cc621a527/10-full.jpg"", ""https://krisha-photos.kcdn.online/webp/21/21bf2d56-428d-447f-8940-179cc621a527/11-full.jpg"", ""https://krisha-photos.kcdn.online/webp/21/21bf2d56-428d-447f-8940-179cc621a527/12-full.jpg"", ""https://krisha-photos.kcdn.online/webp/21/21bf2d56-428d-447f-8940-179cc621a527/13-full.jpg"", ""https://krisha-photos.kcdn.online/webp/21/21bf2d56-428d-447f-8940-179cc621a527/14-full.jpg"", ""https://krisha-photos.kcdn.online/webp/21/21bf2d56-428d-447f-8940-179cc621a527/15-full.jpg"", ""https://krisha-photos.kcdn.online/webp/21/21bf2d56-428d-447f-8940-179cc621a527/16-full.jpg"", ""https://krisha-photos.kcdn.online/webp/21/21bf2d56-428d-447f-8940-179cc621a527/17-full.jpg"", ""https://krisha-photos.kcdn.online/webp/21/21bf2d56-428d-447f-8940-179cc621a527/18-full.jpg""]",18,a44d3affb0a7b682820964b2e0d1051de8d5bf49cc2726ab804f5c007265aafa,,Хозяин,False,2026-08-01,2026-07-18,2026-08-01,live,2026-08-11T07:10:08+00:00,False,price_sanity,"price_m2_outlier_iqr (group=3, 15000 вне [-3113, 14002])"
675053242,https://krisha.kz/a/show/675053242,3-комнатная квартира · 110 м² · 12/22 этаж,2000000,за месяц,18182,3,110,12,22,Esilyskiy_r-n,Astana,Dostyk,1_a,51.128884,71.418745,8543616,,Ray Residence,,,нет,,,,квартиру с ремонтом премиум класса,"[""https://krisha-photos.kcdn.online/webp/e1/e1e14f30-f1ed-4ec9-9baf-a2fce14ea1d5/1-full.jpg"", ""https://krisha-photos.kcdn.online/webp/e1/e1e14f30-f1ed-4ec9-9baf-a2fce14ea1d5/2-full.jpg"", ""https://krisha-photos.kcdn.online/webp/e1/e1e14f30-f1ed-4ec9-9baf-a2fce14ea1d5/3-full.jpg"", ""https://krisha-photos.kcdn.online/webp/e1/e1e14f30-f1ed-4ec9-9baf-a2fce14ea1d5/4-full.jpg"", ""https://krisha-photos.kcdn.online/webp/e1/e1e14f30-f1ed-4ec9-9baf-a2fce14ea1d5/5-full.jpg"", ""https://krisha-photos.kcdn.online/webp/e1/e1e14f30-f1ed-4ec9-9baf-a2fce14ea1d5/6-full.jpg"", ""https://krisha-photos.kcdn.online/webp/e1/e1e14f30-f1ed-4ec9-9baf-a2fce14ea1d5/7-full.jpg"", ""https://krisha-photos.kcdn.online/webp/e1/e1e14f30-f1ed-4ec9-9baf-a2fce14ea1d5/8-full.jpg"", ""https://krisha-photos.kcdn.online/webp/e1/e1e14f30-f1ed-4ec9-9baf-a2fce14ea1d5/9-full.jpg"", ""https://krisha-photos.kcdn.online/webp/e1/e1e14f30-f1ed-4ec9-9baf-a2fce14ea1d5/10-full.jpg""]",10,cf7229857751955dd79ff1300107d7384ba5d9f8056456c64f7b0e34a4542417,,Хозяин,False,2026-08-06,2022-04-12,2026-08-06,live,2026-08-11T07:10:08+00:00,False,price_sanity,"price_m2_outlier_iqr (group=3, 18182 вне [-3113, 14002])"
696547718,https://krisha.kz/a/show/696547718,3-комнатная квартира · 135 м² · 4/6 этаж,1900000,за месяц,14074,3,135,4,6,Esilyskiy_r-n,Astana,Zhiloy_massiv_​Ak-bulak-1,4,51.148494550169,71.443418127744,11436912,akbulakriviera,Akbulak Riviera,полностью,"свежий ремонт, новая мебель",,,,,"сдаётся в топовой локации 
В Доме Премиум класса 
рядом набережная, развита инфраструктура. 
Новая ранее не сдавалась. 
Дизайнерский ремонт 
Заезжай и живи. 
услуги АН 40% от арендной суммы","[""https://krisha-photos.kcdn.online/webp/e8/e8b69d81-5d98-4a36-8123-d56568ef6475/3-full.jpg"", ""https://krisha-photos.kcdn.online/webp/e8/e8b69d81-5d98-4a36-8123-d56568ef6475/5-full.jpg"", ""https://krisha-photos.kcdn.online/webp/e8/e8b69d81-5d98-4a36-8123-d56568ef6475/1-full.jpg"", ""https://krisha-photos.kcdn.online/webp/e8/e8b69d81-5d98-4a36-8123-d56568ef6475/2-full.jpg"", ""https://krisha-photos.kcdn.online/webp/e8/e8b69d81-5d98-4a36-8123-d56568ef6475/4-full.jpg"", ""https://krisha-photos.kcdn.online/webp/e8/e8b69d81-5d98-4a36-8123-d56568ef6475/6-full.jpg"", ""https://krisha-photos.kcdn.online/webp/e8/e8b69d81-5d98-4a36-8123-d56568ef6475/7-full.jpg"", ""https://krisha-photos.kcdn.online/webp/e8/e8b69d81-5d98-4a36-8123-d56568ef6475/8-full.jpg"", ""https://krisha-photos.kcdn.online/webp/e8/e8b69d81-5d98-4a36-8123-d56568ef6475/9-full.jpg""]",9,fc5cf2057b052f248b8094c1aa2480c3df86e970bbe85a7897eb632c194f20d7,,Кучурка Вера,False,2026-08-07,2024-08-20,2026-08-07,live,2026-08-11T07:10:08+00:00,False,price_sanity,"price_m2_outlier_iqr (group=3, 14074 вне [-3113, 14002])"
1014609712,https://krisha.kz/a/show/1014609712,3-комнатная квартира · 82 м² · 14/20 этаж,1300000,за месяц,15854,3,82,14,20,Esilyskiy_r-n,Astana,Sarayshyk,34/4,51.13230357449,71.433307077605,18840927,dararesidence,Dara Residence,полностью,"свежий ремонт, новая мебель",,,,,"Евро3 ком. (2 спальни, 2 санузла). 
 
Ремонт высшего уровня, дорогие материалы и оснащение дорогой техникой/мебелью. 
 
В долгосрочную аренду. 
Заезд в середине/в конце августа. 
 
Детали по телефону 📲

Дом ориентировочно находится возле Достык/Туркестан","[""https://krisha-photos.kcdn.online/webp/5a/5ac18194-3ac1-44dc-8f57-d085494299bc/1-full.jpg"", ""https://krisha-photos.kcdn.online/webp/5a/5ac18194-3ac1-44dc-8f57-d085494299bc/2-full.jpg"", ""https://krisha-photos.kcdn.online/webp/5a/5ac18194-3ac1-44dc-8f57-d085494299bc/3-full.jpg"", ""https://krisha-photos.kcdn.online/webp/5a/5ac18194-3ac1-44dc-8f57-d085494299bc/4-full.jpg"", ""https://krisha-photos.kcdn.online/webp/5a/5ac18194-3ac1-44dc-8f57-d085494299bc/5-full.jpg"", ""https://krisha-photos.kcdn.online/webp/5a/5ac18194-3ac1-44dc-8f57-d085494299bc/6-full.jpg"", ""https://krisha-photos.kcdn.online/webp/5a/5ac18194-3ac1-44dc-8f57-d085494299bc/7-full.jpg""]",7,808b5af652e0405a197f5c2b7ba0e93ff78715d16e497e5a463d3a00f8dcf8c9,,"Жаканова Саягуль, компания «PRIDE»",False,2026-08-06,2026-08-06,2026-08-06,live,2026-08-11T07:10:08+00:00,False,price_sanity,"price_m2_outlier_iqr (group=3, 15854 вне [-3113, 14002])"
1014375363,https://krisha.kz/a/show/1014375363,2-комнатная квартира · 50 м² · 12/18 этаж,650000,за месяц,13000,2,50,12,18,Almaty_r-n,Astana,Koshkarbaeva,,51.129258135817,71.463185923378,18023637,lavie,La Vie,полностью,"свежий ремонт, новая мебель",нет,,,,"Новая, дизайнерский ремонт, никто не жил

Дом ориентировочно находится возле Момышулы","[""https://krisha-photos.kcdn.online/webp/5b/5bd04409-f50f-4103-8b9e-c0ebee42f811/1-full.jpg""]",1,5d6b4ad1b495c0bf005618a67b5fd32f4dee082c84729b89065b3bc282bc4e1f,,Хозяин,False,2026-08-05,2026-07-29,2026-08-05,live,2026-08-11T07:10:08+00:00,False,price_sanity,"price_m2_outlier_iqr (group=2, 13000 вне [-1133, 12517])"
1013924701,https://krisha.kz/a/show/1013924701,2-комнатная квартира · 65.48 м² · 15/22 этаж,900000,за месяц,13745,2,65.48,15,22,Esilyskiy_r-n,Astana,Narkesken,,51.14889293702,71.42912775443,10092719,esilriverside,Esil Riverside,полностью,"свежий ремонт, новая мебель",,,,,"⭐ Новая 2-комнатная квартира Premium-класса | BI Group | Первая сдача | Smart Home | Вид на Есиль 
 
От собственника. Без комиссии. 
 
Сдаётся в долгосрочную аренду абсолютно новая полноценная 2-комнатная квартира Premium-класса в одном из лучших ЖК Астаны от BI Group (2 очередь, 2022 г. ) . 
 
Квартира приобреталась и ремонтировалась для собственного проживания. Использованы дорогие качественные материалы, премиальная мебель и бытовая техника. По семейным обстоятельствам в квартире практически не проживали, ранее никогда НЕ сдавалась. 
 
О квартире: 
• 15 этаж из 22; 
• потолки 3 м; 
• изолированные комнаты; 
• панорамные эркерные окна с видом на город и реку Есиль; 
• полностью меблирована; 
• тёплый пол (ванная, лоджия) ; 
• электронный кодовый замок; 
• система Smart Home (полностью подключено управление светом, шторами, водой и др. через приложение). 
 
Преимущества ЖК: 
✔️ дом Premium-класса BI Group; 
✔️ подземный паркинг; 
✔️ консьерж; 
✔️ видеонаблюдение; 
✔️ коворкинг; 
✔️ кардио-зал; 
✔️ детская игровая комната. 
Престижная локация на набережной реки Есиль, в центре города. 
 
Условия: 
• долгосрочная аренда; 
• предпочтение одному человеку, паре или семейной паре без маленьких детей; 
• без домашних животных; 
• курение (сигарет и пр. ), субаренда и шумные мероприятия запрещены. 
 
Оформление официальное: договор, акт приёма-передачи, подробная опись имущества. 
 
Гарантийный депозит — 1 месяц аренды (не является оплатой последнего месяца и возвращается при соблюдении условий договора). При необходимости предоставляем документы для работодателя или бухгалтерии. 
Стоимость: 900 000 ₸/месяц + коммунальные услуги. 
 
При обращении, пожалуйста, укажите: кто будет проживать, место работы, предполагаемый срок аренды и желаемую дату заселения. 
 
В случае, если не отвечаем на звонок, просим обращаться -мессенджеру.","[""https://krisha-photos.kcdn.online/webp/9b/9bead9fe-8cbe-4f4c-bee9-7c6a38b6b92c/1-full.jpg"", ""https://krisha-photos.kcdn.online/webp/9b/9bead9fe-8cbe-4f4c-bee9-7c6a38b6b92c/2-full.jpg"", ""https://krisha-photos.kcdn.online/webp/9b/9bead9fe-8cbe-4f4c-bee9-7c6a38b6b92c/3-full.jpg"", ""https://krisha-photos.kcdn.online/webp/9b/9bead9fe-8cbe-4f4c-bee9-7c6a38b6b92c/4-full.jpg"", ""https://krisha-photos.kcdn.online/webp/9b/9bead9fe-8cbe-4f4c-bee9-7c6a38b6b92c/5-full.jpg"", ""https://krisha-photos.kcdn.online/webp/9b/9bead9fe-8cbe-4f4c-bee9-7c6a38b6b92c/6-full.jpg"", ""https://krisha-photos.kcdn.online/webp/9b/9bead9fe-8cbe-4f4c-bee9-7c6a38b6b92c/7-full.jpg"", ""https://krisha-photos.kcdn.online/webp/9b/9bead9fe-8cbe-4f4c-bee9-7c6a38b6b92c/8-full.jpg"", ""https://krisha-photos.kcdn.online/webp/9b/9bead9fe-8cbe-4f4c-bee9-7c6a38b6b92c/9-full.jpg"", ""https://krisha-photos.kcdn.online/webp/9b/9bead9fe-8cbe-4f4c-bee9-7c6a38b6b92c/10-full.jpg"", ""https://krisha-photos.kcdn.online/webp/9b/9bead9fe-8cbe-4f4c-bee9-7c6a38b6b92c/13-full.jpg"", ""https://krisha-photos.kcdn.online/webp/9b/9bead9fe-8cbe-4f4c-bee9-7c6a38b6b92c/29-full.jpg"", ""https://krisha-photos.kcdn.online/webp/9b/9bead9fe-8cbe-4f4c-bee9-7c6a38b6b92c/12-full.jpg"", ""https://krisha-photos.kcdn.online/webp/9b/9bead9fe-8cbe-4f4c-bee9-7c6a38b6b92c/14-full.jpg"", ""https://krisha-photos.kcdn.online/webp/9b/9bead9fe-8cbe-4f4c-bee9-7c6a38b6b92c/15-full.jpg"", ""https://krisha-photos.kcdn.online/webp/9b/9bead9fe-8cbe-4f4c-bee9-7c6a38b6b92c/16-full.jpg"", ""https://krisha-photos.kcdn.online/webp/9b/9bead9fe-8cbe-4f4c-bee9-7c6a38b6b92c/17-full.jpg"", ""https://krisha-photos.kcdn.online/webp/9b/9bead9fe-8cbe-4f4c-bee9-7c6a38b6b92c/18-full.jpg"", ""https://krisha-photos.kcdn.online/webp/9b/9bead9fe-8cbe-4f4c-bee9-7c6a38b6b92c/30-full.jpg"", ""https://krisha-photos.kcdn.online/webp/9b/9bead9fe-8cbe-4f4c-bee9-7c6a38b6b92c/20-full.jpg"", ""https://krisha-photos.kcdn.online/webp/9b/9bead9fe-8cbe-4f4c-bee9-7c6a38b6b92c/21-full.jpg"", ""https://krisha-photos.kcdn.online/webp/9b/9bead9fe-8cbe-4f4c-bee9-7c6a38b6b92c/22-full.jpg"", ""https://krisha-photos.kcdn.online/webp/9b/9bead9fe-8cbe-4f4c-bee9-7c6a38b6b92c/23-full.jpg"", ""https://krisha-photos.kcdn.online/webp/9b/9bead9fe-8cbe-4f4c-bee9-7c6a38b6b92c/24-full.jpg"", ""https://krisha-photos.kcdn.online/webp/9b/9bead9fe-8cbe-4f4c-bee9-7c6a38b6b92c/19-full.jpg"", ""https://krisha-photos.kcdn.online/webp/9b/9bead9fe-8cbe-4f4c-bee9-7c6a38b6b92c/31-full.jpg"", ""https://krisha-photos.kcdn.online/webp/9b/9bead9fe-8cbe-4f4c-bee9-7c6a38b6b92c/25-full.jpg"", ""https://krisha-photos.kcdn.online/webp/9b/9bead9fe-8cbe-4f4c-bee9-7c6a38b6b92c/27-full.jpg"", ""https://krisha-photos.kcdn.online/webp/9b/9bead9fe-8cbe-4f4c-bee9-7c6a38b6b92c/26-full.jpg"", ""https://krisha-photos.kcdn.online/webp/9b/9bead9fe-8cbe-4f4c-bee9-7c6a38b6b92c/28-full.jpg""]",30,24634dec7829120443a7867d39cc4f58bcf1cd9388a0e6072654452535e94220,,Хозяин,False,2026-08-03,2026-07-13,2026-08-03,live,2026-08-11T07:10:08+00:00,False,price_sanity,"price_m2_outlier_iqr (group=2, 13745 вне [-1133, 12517])"
1013343193,https://krisha.kz/a/show/1013343193,2-комнатная квартира · 50 м² · 12/18 этаж,650000,за месяц,13000,2,50,12,18,Almaty_r-n,Astana,Koshkarbaeva,,51.129270623626,71.463632422125,18023637,lavie,La Vie,полностью,"свежий ремонт, новая мебель",,,,,"✨ Сдается абсолютно новая стильная квартира в элитном ЖК ✨ 
 
Если вы давно искали квартиру, в которую хочется возвращаться каждый день, — это именно она. 
 
✔️ Абсолютно новая. Никто не жил. 
✔️ Дизайнерский ремонт выполнен для себя — без экономии на материалах и деталях. 
✔️ Стильный, современный интерьер, который выглядит как с Pinterest или gram. 
✔️ Продуманная планировка для максимально комфортной жизни. 
 
В квартире есть всё, чтобы заехать с одним чемоданом: 
• посудомоечная машина; 
• стиральная машина с функцией сушки; 
• ванна и отдельная душевая; 
• гигиенический душ; 
• просторная гардеробная; 
• качественная техника, мебель и множество приятных мелочей для комфортной жизни. 
 
🏙 Преимущества жилого комплекса: 
• собственный фитнес-центр для жителей; 
• уютный кинозал; 
• игровая зона с PlayStation, настольным теннисом и другими развлечениями; 
• коворкинг; 
• оборудованные BBQ-зоны; 
• дизайнерские холлы; 
• закрытая территория и высокий уровень комфорта. 
 
📍Локация — одна из лучших в городе: 
• отличная транспортная развязка; 
• прогулочная аллея Highvill Astana; 
• два парка в пешей доступности; 
• вся необходимая инфраструктура рядом. 
 
📅 Сдается только на длительный срок — от 6 месяцев. 
 
Мы уезжаем на полгода, поэтому ищем аккуратных, ответственных жильцов, которые будут относиться к квартире так же бережно, как и мы. 
 
💰 Возвратный депозит — 1 000 000 ₸ (возвращается при соблюдении условий договора и сохранности имущества). 
 
✔️ Коммунальные услуги оплачиваются арендатором. 
🤝 Торг возможен для достойных арендаторов. 
 
📩 пишите в любое время — с удовольствием покажем квартиру и ответим на все вопросы. 
 
Звоните в дневные часы 🌸

Дом ориентировочно находится возле Момышулы","[""https://krisha-photos.kcdn.online/webp/3b/3be941b9-259c-4012-999a-e74a34657fcc/22-full.jpg"", ""https://krisha-photos.kcdn.online/webp/3b/3be941b9-259c-4012-999a-e74a34657fcc/12-full.jpg"", ""https://krisha-photos.kcdn.online/webp/3b/3be941b9-259c-4012-999a-e74a34657fcc/15-full.jpg"", ""https://krisha-photos.kcdn.online/webp/3b/3be941b9-259c-4012-999a-e74a34657fcc/23-full.jpg"", ""https://krisha-photos.kcdn.online/webp/3b/3be941b9-259c-4012-999a-e74a34657fcc/24-full.jpg"", ""https://krisha-photos.kcdn.online/webp/3b/3be941b9-259c-4012-999a-e74a34657fcc/14-full.jpg"", ""https://krisha-photos.kcdn.online/webp/3b/3be941b9-259c-4012-999a-e74a34657fcc/13-full.jpg"", ""https://krisha-photos.kcdn.online/webp/3b/3be941b9-259c-4012-999a-e74a34657fcc/25-full.jpg"", ""https://krisha-photos.kcdn.online/webp/3b/3be941b9-259c-4012-999a-e74a34657fcc/26-full.jpg"", ""https://krisha-photos.kcdn.online/webp/3b/3be941b9-259c-4012-999a-e74a34657fcc/27-full.jpg"", ""https://krisha-photos.kcdn.online/webp/3b/3be941b9-259c-4012-999a-e74a34657fcc/28-full.jpg"", ""https://krisha-photos.kcdn.online/webp/3b/3be941b9-259c-4012-999a-e74a34657fcc/29-full.jpg"", ""https://krisha-photos.kcdn.online/webp/3b/3be941b9-259c-4012-999a-e74a34657fcc/30-full.jpg"", ""https://krisha-photos.kcdn.online/webp/3b/3be941b9-259c-4012-999a-e74a34657fcc/31-full.jpg"", ""https://krisha-photos.kcdn.online/webp/3b/3be941b9-259c-4012-999a-e74a34657fcc/32-full.jpg"", ""https://krisha-photos.kcdn.online/webp/3b/3be941b9-259c-4012-999a-e74a34657fcc/33-full.jpg"", ""https://krisha-photos.kcdn.online/webp/3b/3be941b9-259c-4012-999a-e74a34657fcc/34-full.jpg"", ""https://krisha-photos.kcdn.online/webp/3b/3be941b9-259c-4012-999a-e74a34657fcc/35-full.jpg"", ""https://krisha-photos.kcdn.online/webp/3b/3be941b9-259c-4012-999a-e74a34657fcc/36-full.jpg"", ""https://krisha-photos.kcdn.online/webp/3b/3be941b9-259c-4012-999a-e74a34657fcc/37-full.jpg"", ""https://krisha-photos.kcdn.online/webp/3b/3be941b9-259c-4012-999a-e74a34657fcc/19-full.jpg"", ""https://krisha-photos.kcdn.online/webp/3b/3be941b9-259c-4012-999a-e74a34657fcc/38-full.jpg"", ""https://krisha-photos.kcdn.online/webp/3b/3be941b9-259c-4012-999a-e74a34657fcc/39-full.jpg"", ""https://krisha-photos.kcdn.online/webp/3b/3be941b9-259c-4012-999a-e74a34657fcc/40-full.jpg"", ""https://krisha-photos.kcdn.online/webp/3b/3be941b9-259c-4012-999a-e74a34657fcc/41-full.jpg"", ""https://krisha-photos.kcdn.online/webp/3b/3be941b9-259c-4012-999a-e74a34657fcc/42-full.jpg"", ""https://krisha-photos.kcdn.online/webp/3b/3be941b9-259c-4012-999a-e74a34657fcc/43-full.jpg"", ""https://krisha-photos.kcdn.online/webp/3b/3be941b9-259c-4012-999a-e74a34657fcc/44-full.jpg"", ""https://krisha-photos.kcdn.online/webp/3b/3be941b9-259c-4012-999a-e74a34657fcc/45-full.jpg"", ""https://krisha-photos.kcdn.online/webp/3b/3be941b9-259c-4012-999a-e74a34657fcc/46-full.jpg"", ""https://krisha-photos.kcdn.online/webp/3b/3be941b9-259c-4012-999a-e74a34657fcc/47-full.jpg""]",31,165c71320d8a204058ae3e95f8b0a2ee5fcaa656bbf6cb03606b9dc15eff6dc3,,Хозяин,False,2026-08-08,2026-06-22,2026-08-08,live,2026-08-11T07:10:08+00:00,False,price_sanity,"price_m2_outlier_iqr (group=2, 13000 вне [-1133, 12517])"
1013983233,https://krisha.kz/a/show/1013983233,2-комнатная квартира · 50 м² · 10/12 этаж,690000,за месяц,13800,2,50,10,12,Esilyskiy_r-n,Astana,Turar_Ryskulov,9a,51.08497181287,71.419043540736,18142785,nexpotrend,Nexpo Trend,полностью,"свежий ремонт, новая мебель",,,,,"Сдается шикарная 2-комнатная квартира в доме бизнес класса от BI group “Nexpo Trend”. 
 
Абсолютно новая, уютная и полностью готовая к проживанию: 
 
- просторная спальня с большим встроенным шкафом и туалетным столиком; 
- кухня-гостиная с кондиционером, смарт-тв, широким диваном. На кухне установлена вся необходимая техника (посудомоечная машина, фильтр для воды, варочная поверхность и духовка) ; 
- санузел с душевой, стиральной машинкой. 
 
В пешей доступности находятся Expo, Mega SilkWay, МЦФА, школа Quantum, НацБанк. 
 
Ищем добросовестных арендаторов на долгий срок. 
 
По всем вопросам обращаться по телефону","[""https://krisha-photos.kcdn.online/webp/86/8631fda6-9e3e-46c8-8927-b3e078864370/1-full.jpg"", ""https://krisha-photos.kcdn.online/webp/86/8631fda6-9e3e-46c8-8927-b3e078864370/2-full.jpg"", ""https://krisha-photos.kcdn.online/webp/86/8631fda6-9e3e-46c8-8927-b3e078864370/3-full.jpg"", ""https://krisha-photos.kcdn.online/webp/86/8631fda6-9e3e-46c8-8927-b3e078864370/4-full.jpg"", ""https://krisha-photos.kcdn.online/webp/86/8631fda6-9e3e-46c8-8927-b3e078864370/5-full.jpg"", ""https://krisha-photos.kcdn.online/webp/86/8631fda6-9e3e-46c8-8927-b3e078864370/6-full.jpg"", ""https://krisha-photos.kcdn.online/webp/86/8631fda6-9e3e-46c8-8927-b3e078864370/7-full.jpg"", ""https://krisha-photos.kcdn.online/webp/86/8631fda6-9e3e-46c8-8927-b3e078864370/8-full.jpg"", ""https://krisha-photos.kcdn.online/webp/86/8631fda6-9e3e-46c8-8927-b3e078864370/9-full.jpg"", ""https://krisha-photos.kcdn.online/webp/86/8631fda6-9e3e-46c8-8927-b3e078864370/10-full.jpg"", ""https://krisha-photos.kcdn.online/webp/86/8631fda6-9e3e-46c8-8927-b3e078864370/11-full.jpg"", ""https://krisha-photos.kcdn.online/webp/86/8631fda6-9e3e-46c8-8927-b3e078864370/12-full.jpg"", ""https://krisha-photos.kcdn.online/webp/86/8631fda6-9e3e-46c8-8927-b3e078864370/13-full.jpg"", ""https://krisha-photos.kcdn.online/webp/86/8631fda6-9e3e-46c8-8927-b3e078864370/14-full.jpg""]",14,e4f12df43832a7ba176c2dcab9aae2392ddab003e03243329bb308122b5cabff,,Хозяин,False,2026-08-06,2026-07-15,2026-08-06,live,2026-08-11T07:10:08+00:00,False,price_sanity,"price_m2_outlier_iqr (group=2, 13800 вне [-1133, 12517])"
1013597434,https://krisha.kz/a/show/1013597434,2-комнатная квартира · 67 м² · 15/16 этаж,1000000,за месяц,14925,2,67,15,16,Esilyskiy_r-n,Astana,Uly_dala,37,51.098921040913,71.407266855131,17403261,zangar,Zangar,,"свежий ремонт, новая мебель",нет,,,,"Квартира расположена на 15 этаже из 16 с шикарным панорамным видом на город. Выполнен современный дизайнерский ремонт из качественных материалов. Полностью укомплектована премиальной техникой и мебелью для комфортного проживания. 
✔ Просторная гардеробная 
✔ Дорогая мебель и техника 
✔ Светлая и уютная квартира 
✔ Высокий этаж и красивый вид 
✔ Полностью готова к заселению 
Главное преимущество — остановка ЛРТ прямо у выхода из подъезда, что обеспечивает удобную транспортную доступность в любую часть города. 
В шаговой доступности Ботанический сад, кафе, магазины, фитнес-клубы и вся необходимая инфраструктура. 
Квартира идеально подойдёт для тех, кто ценит комфорт, стиль и удобное расположение.","[""https://krisha-photos.kcdn.online/webp/ee/ee873892-cfca-45c6-ab77-bd882ad60fae/1-full.jpg"", ""https://krisha-photos.kcdn.online/webp/ee/ee873892-cfca-45c6-ab77-bd882ad60fae/2-full.jpg"", ""https://krisha-photos.kcdn.online/webp/ee/ee873892-cfca-45c6-ab77-bd882ad60fae/3-full.jpg"", ""https://krisha-photos.kcdn.online/webp/ee/ee873892-cfca-45c6-ab77-bd882ad60fae/4-full.jpg"", ""https://krisha-photos.kcdn.online/webp/ee/ee873892-cfca-45c6-ab77-bd882ad60fae/5-full.jpg"", ""https://krisha-photos.kcdn.online/webp/ee/ee873892-cfca-45c6-ab77-bd882ad60fae/6-full.jpg"", ""https://krisha-photos.kcdn.online/webp/ee/ee873892-cfca-45c6-ab77-bd882ad60fae/7-full.jpg"", ""https://krisha-photos.kcdn.online/webp/ee/ee873892-cfca-45c6-ab77-bd882ad60fae/8-full.jpg"", ""https://krisha-photos.kcdn.online/webp/ee/ee873892-cfca-45c6-ab77-bd882ad60fae/9-full.jpg"", ""https://krisha-photos.kcdn.online/webp/ee/ee873892-cfca-45c6-ab77-bd882ad60fae/10-full.jpg"", ""https://krisha-photos.kcdn.online/webp/ee/ee873892-cfca-45c6-ab77-bd882ad60fae/11-full.jpg"", ""https://krisha-photos.kcdn.online/webp/ee/ee873892-cfca-45c6-ab77-bd882ad60fae/12-full.jpg"", ""https://krisha-photos.kcdn.online/webp/ee/ee873892-cfca-45c6-ab77-bd882ad60fae/13-full.jpg"", ""https://krisha-photos.kcdn.online/webp/ee/ee873892-cfca-45c6-ab77-bd882ad60fae/14-full.jpg"", ""https://krisha-photos.kcdn.online/webp/ee/ee873892-cfca-45c6-ab77-bd882ad60fae/15-full.jpg"", ""https://krisha-photos.kcdn.online/webp/ee/ee873892-cfca-45c6-ab77-bd882ad60fae/16-full.jpg"", ""https://krisha-photos.kcdn.online/webp/ee/ee873892-cfca-45c6-ab77-bd882ad60fae/17-full.jpg""]",17,03dce30314502a28ef993ba77bb4f1897abad83590731dd2e58163e8e8fbe108,,Хозяин,False,2026-08-05,2026-07-01,2026-08-05,live,2026-08-11T07:10:08+00:00,False,price_sanity,"price_m2_outlier_iqr (group=2, 14925 вне [-1133, 12517])"
1007182125,https://krisha.kz/a/show/1007182125,2-комнатная квартира · 74.6 м² · 15/16 этаж,1000000,за месяц,13405,2,74.6,15,16,Nura_r-n,Astana,Turan,39a,51.128140450334,71.403662610669,15848157,fourseasons,Four Seasons,полностью,"свежий ремонт, новая мебель",,,,,"Видовая 2-комнатная квартира в престижной локации — сдаётся на долгий срок 
 
Сдается светлая и уютная 2-комнатная квартира с прекрасным видом и продуманной планировкой. Идеальный вариант для тех, кто ищет комфортное жильё в перспективном и удобном районе. 
 
Квартира находится в одной из лучших локаций города: в шаговой доступности стильные кофейни, популярные рестораны, бизнес-центры, магазины и удобные транспортные развязки. Район безопасный, развитый и идеально подходит для тех, кто ценит качество жизни. 
 
В квартире: 
• просторная гостиная и отдельная спальня 
• современная кухня 
• большие окна и много естественного света 
• чистая, аккуратная обстановка. 
. умный дом- Алиса 
• всё необходимое для комфортного проживания 
 
Квартира предназначена для проживания 1-2 человека, сдаётся только на долгий срок ответственным и аккуратным арендаторам. 
 
Депозит обязателен по стоимости месячной аренды, коммунальные услуги оплачиваются отдельно. 
 
Готова к заселению

Дом ориентировочно находится возле Туран- Сыганак","[""https://krisha-photos.kcdn.online/webp/6e/6eff1fad-2546-4942-9a61-5f8d40499e9a/1-full.jpg"", ""https://krisha-photos.kcdn.online/webp/6e/6eff1fad-2546-4942-9a61-5f8d40499e9a/2-full.jpg"", ""https://krisha-photos.kcdn.online/webp/6e/6eff1fad-2546-4942-9a61-5f8d40499e9a/3-full.jpg"", ""https://krisha-photos.kcdn.online/webp/6e/6eff1fad-2546-4942-9a61-5f8d40499e9a/4-full.jpg"", ""https://krisha-photos.kcdn.online/webp/6e/6eff1fad-2546-4942-9a61-5f8d40499e9a/5-full.jpg"", ""https://krisha-photos.kcdn.online/webp/6e/6eff1fad-2546-4942-9a61-5f8d40499e9a/6-full.jpg"", ""https://krisha-photos.kcdn.online/webp/6e/6eff1fad-2546-4942-9a61-5f8d40499e9a/7-full.jpg"", ""https://krisha-photos.kcdn.online/webp/6e/6eff1fad-2546-4942-9a61-5f8d40499e9a/8-full.jpg"", ""https://krisha-photos.kcdn.online/webp/6e/6eff1fad-2546-4942-9a61-5f8d40499e9a/9-full.jpg"", ""https://krisha-photos.kcdn.online/webp/6e/6eff1fad-2546-4942-9a61-5f8d40499e9a/10-full.jpg"", ""https://krisha-photos.kcdn.online/webp/6e/6eff1fad-2546-4942-9a61-5f8d40499e9a/11-full.jpg"", ""https://krisha-photos.kcdn.online/webp/6e/6eff1fad-2546-4942-9a61-5f8d40499e9a/12-full.jpg"", ""https://krisha-photos.kcdn.online/webp/6e/6eff1fad-2546-4942-9a61-5f8d40499e9a/13-full.jpg"", ""https://krisha-photos.kcdn.online/webp/6e/6eff1fad-2546-4942-9a61-5f8d40499e9a/14-full.jpg"", ""https://krisha-photos.kcdn.online/webp/6e/6eff1fad-2546-4942-9a61-5f8d40499e9a/15-full.jpg"", ""https://krisha-photos.kcdn.online/webp/6e/6eff1fad-2546-4942-9a61-5f8d40499e9a/16-full.jpg"", ""https://krisha-photos.kcdn.online/webp/6e/6eff1fad-2546-4942-9a61-5f8d40499e9a/17-full.jpg"", ""https://krisha-photos.kcdn.online/webp/6e/6eff1fad-2546-4942-9a61-5f8d40499e9a/18-full.jpg"", ""https://krisha-photos.kcdn.online/webp/6e/6eff1fad-2546-4942-9a61-5f8d40499e9a/19-full.jpg"", ""https://krisha-photos.kcdn.online/webp/6e/6eff1fad-2546-4942-9a61-5f8d40499e9a/20-full.jpg"", ""https://krisha-photos.kcdn.online/webp/6e/6eff1fad-2546-4942-9a61-5f8d40499e9a/21-full.jpg"", ""https://krisha-photos.kcdn.online/webp/6e/6eff1fad-2546-4942-9a61-5f8d40499e9a/22-full.jpg"", ""https://krisha-photos.kcdn.online/webp/6e/6eff1fad-2546-4942-9a61-5f8d40499e9a/23-full.jpg"", ""https://krisha-photos.kcdn.online/webp/6e/6eff1fad-2546-4942-9a61-5f8d40499e9a/24-full.jpg"", ""https://krisha-photos.kcdn.online/webp/6e/6eff1fad-2546-4942-9a61-5f8d40499e9a/25-full.jpg"", ""https://krisha-photos.kcdn.online/webp/6e/6eff1fad-2546-4942-9a61-5f8d40499e9a/26-full.jpg"", ""https://krisha-photos.kcdn.online/webp/6e/6eff1fad-2546-4942-9a61-5f8d40499e9a/27-full.jpg"", ""https://krisha-photos.kcdn.online/webp/6e/6eff1fad-2546-4942-9a61-5f8d40499e9a/28-full.jpg"", ""https://krisha-photos.kcdn.online/webp/6e/6eff1fad-2546-4942-9a61-5f8d40499e9a/29-full.jpg"", ""https://krisha-photos.kcdn.online/webp/6e/6eff1fad-2546-4942-9a61-5f8d40499e9a/30-full.jpg"", ""https://krisha-photos.kcdn.online/webp/6e/6eff1fad-2546-4942-9a61-5f8d40499e9a/31-full.jpg"", ""https://krisha-photos.kcdn.online/webp/6e/6eff1fad-2546-4942-9a61-5f8d40499e9a/32-full.jpg"", ""https://krisha-photos.kcdn.online/webp/6e/6eff1fad-2546-4942-9a61-5f8d40499e9a/33-full.jpg"", ""https://krisha-photos.kcdn.online/webp/6e/6eff1fad-2546-4942-9a61-5f8d40499e9a/34-full.jpg"", ""https://krisha-photos.kcdn.online/webp/6e/6eff1fad-2546-4942-9a61-5f8d40499e9a/35-full.jpg"", ""https://krisha-photos.kcdn.online/webp/6e/6eff1fad-2546-4942-9a61-5f8d40499e9a/36-full.jpg""]",36,dc3e6972d9344942c900f7af0c4ec223bada830be30bbdccfccd26c4133c7ddd,,Хозяин,False,2026-08-01,2025-11-16,2026-08-01,live,2026-08-06T07:51:12+00:00,False,price_sanity,"price_m2_outlier_iqr (group=2, 13405 вне [-1133, 12517])"
1014549898,https://krisha.kz/a/show/1014549898,2-комнатная квартира · 58 м² · 17/18 этаж,900000,за месяц,15517,2,58,17,18,Esilyskiy_r-n,Astana,Akmeshit,1,51.120027967195,71.424677195225,12515541,europecity,Europe City,полностью,"свежий ремонт, новая мебель",,,,,"Квартира готова к проживанию 
Продуманная и уютная 
свежий ремонт 
Кровать piercarden bedding 
Массажное кресло casa&more 
PS5 
Вся техника

Дом ориентировочно находится возле Абу-Даби Плаза","[""https://krisha-photos.kcdn.online/webp/0f/0f69b9b0-afdd-47f6-9a4d-a5c6324733b7/1-full.jpg"", ""https://krisha-photos.kcdn.online/webp/0f/0f69b9b0-afdd-47f6-9a4d-a5c6324733b7/2-full.jpg"", ""https://krisha-photos.kcdn.online/webp/0f/0f69b9b0-afdd-47f6-9a4d-a5c6324733b7/3-full.jpg"", ""https://krisha-photos.kcdn.online/webp/0f/0f69b9b0-afdd-47f6-9a4d-a5c6324733b7/4-full.jpg"", ""https://krisha-photos.kcdn.online/webp/0f/0f69b9b0-afdd-47f6-9a4d-a5c6324733b7/5-full.jpg"", ""https://krisha-photos.kcdn.online/webp/0f/0f69b9b0-afdd-47f6-9a4d-a5c6324733b7/6-full.jpg"", ""https://krisha-photos.kcdn.online/webp/0f/0f69b9b0-afdd-47f6-9a4d-a5c6324733b7/7-full.jpg"", ""https://krisha-photos.kcdn.online/webp/0f/0f69b9b0-afdd-47f6-9a4d-a5c6324733b7/8-full.jpg"", ""https://krisha-photos.kcdn.online/webp/0f/0f69b9b0-afdd-47f6-9a4d-a5c6324733b7/9-full.jpg"", ""https://krisha-photos.kcdn.online/webp/0f/0f69b9b0-afdd-47f6-9a4d-a5c6324733b7/10-full.jpg"", ""https://krisha-photos.kcdn.online/webp/0f/0f69b9b0-afdd-47f6-9a4d-a5c6324733b7/11-full.jpg"", ""https://krisha-photos.kcdn.online/webp/0f/0f69b9b0-afdd-47f6-9a4d-a5c6324733b7/12-full.jpg"", ""https://krisha-photos.kcdn.online/webp/0f/0f69b9b0-afdd-47f6-9a4d-a5c6324733b7/13-full.jpg"", ""https://krisha-photos.kcdn.online/webp/0f/0f69b9b0-afdd-47f6-9a4d-a5c6324733b7/14-full.jpg"", ""https://krisha-photos.kcdn.online/webp/0f/0f69b9b0-afdd-47f6-9a4d-a5c6324733b7/15-full.jpg""]",15,219b67ddd93f63ce0cfd9057717b21e3564e8b20c7cdb6a491e9ee5aa9e37803,,Хозяин,False,2026-08-05,2026-08-05,2026-08-05,live,2026-08-11T07:10:08+00:00,False,price_sanity,"price_m2_outlier_iqr (group=2, 15517 вне [-1133, 12517])"
1014647070,https://krisha.kz/a/show/1014647070,2-комнатная квартира · 80 м² · 7 этаж,1500000,за месяц,18750,2,80,7,,Esilyskiy_r-n,Astana,Sarayshyk,34a,51.132733428658,71.432460444421,18840927,dararesidence,Dara Residence,полностью,,нет,,,,"СДАЁТСЯ ЭЛИТНАЯ 2-КОМНАТНАЯ КВАРТИРА | DARA RESIDENCE 
 
80 м² безупречного комфорта и эстетики. 
 
• Авторский дизайнерский ремонт 
• Полностью укомплектована мебелью и техникой 
• Продуманная планировка 
• Стильный интерьер и премиальные материалы 
• Есть абсолютно всё для комфортного проживания 
• Элитный жилой комплекс 
• Сдаётся только на длительный срок 
 
Квартира действительно «конфетка» — состояние идеальное. Можно заехать и сразу наслаждаться комфортом. 
 
Для тех, кто ценит уровень, эстетику и качество жизни.","[""https://krisha-photos.kcdn.online/webp/00/00bb6ca2-72ab-4ccc-a64f-615bc117e2cd/1-full.jpg"", ""https://krisha-photos.kcdn.online/webp/00/00bb6ca2-72ab-4ccc-a64f-615bc117e2cd/2-full.jpg"", ""https://krisha-photos.kcdn.online/webp/00/00bb6ca2-72ab-4ccc-a64f-615bc117e2cd/3-full.jpg"", ""https://krisha-photos.kcdn.online/webp/00/00bb6ca2-72ab-4ccc-a64f-615bc117e2cd/4-full.jpg"", ""https://krisha-photos.kcdn.online/webp/00/00bb6ca2-72ab-4ccc-a64f-615bc117e2cd/5-full.jpg"", ""https://krisha-photos.kcdn.online/webp/00/00bb6ca2-72ab-4ccc-a64f-615bc117e2cd/6-full.jpg"", ""https://krisha-photos.kcdn.online/webp/00/00bb6ca2-72ab-4ccc-a64f-615bc117e2cd/7-full.jpg"", ""https://krisha-photos.kcdn.online/webp/00/00bb6ca2-72ab-4ccc-a64f-615bc117e2cd/8-full.jpg"", ""https://krisha-photos.kcdn.online/webp/00/00bb6ca2-72ab-4ccc-a64f-615bc117e2cd/9-full.jpg"", ""https://krisha-photos.kcdn.online/webp/00/00bb6ca2-72ab-4ccc-a64f-615bc117e2cd/10-full.jpg"", ""https://krisha-photos.kcdn.online/webp/00/00bb6ca2-72ab-4ccc-a64f-615bc117e2cd/11-full.jpg"", ""https://krisha-photos.kcdn.online/webp/00/00bb6ca2-72ab-4ccc-a64f-615bc117e2cd/12-full.jpg"", ""https://krisha-photos.kcdn.online/webp/00/00bb6ca2-72ab-4ccc-a64f-615bc117e2cd/13-full.jpg"", ""https://krisha-photos.kcdn.online/webp/00/00bb6ca2-72ab-4ccc-a64f-615bc117e2cd/14-full.jpg"", ""https://krisha-photos.kcdn.online/webp/00/00bb6ca2-72ab-4ccc-a64f-615bc117e2cd/15-full.jpg"", ""https://krisha-photos.kcdn.online/webp/00/00bb6ca2-72ab-4ccc-a64f-615bc117e2cd/16-full.jpg"", ""https://krisha-photos.kcdn.online/webp/00/00bb6ca2-72ab-4ccc-a64f-615bc117e2cd/17-full.jpg"", ""https://krisha-photos.kcdn.online/webp/00/00bb6ca2-72ab-4ccc-a64f-615bc117e2cd/18-full.jpg"", ""https://krisha-photos.kcdn.online/webp/00/00bb6ca2-72ab-4ccc-a64f-615bc117e2cd/19-full.jpg"", ""https://krisha-photos.kcdn.online/webp/00/00bb6ca2-72ab-4ccc-a64f-615bc117e2cd/20-full.jpg"", ""https://krisha-photos.kcdn.online/webp/00/00bb6ca2-72ab-4ccc-a64f-615bc117e2cd/21-full.jpg"", ""https://krisha-photos.kcdn.online/webp/00/00bb6ca2-72ab-4ccc-a64f-615bc117e2cd/22-full.jpg"", ""https://krisha-photos.kcdn.online/webp/00/00bb6ca2-72ab-4ccc-a64f-615bc117e2cd/23-full.jpg"", ""https://krisha-photos.kcdn.online/webp/00/00bb6ca2-72ab-4ccc-a64f-615bc117e2cd/24-full.jpg"", ""https://krisha-photos.kcdn.online/webp/00/00bb6ca2-72ab-4ccc-a64f-615bc117e2cd/25-full.jpg"", ""https://krisha-photos.kcdn.online/webp/00/00bb6ca2-72ab-4ccc-a64f-615bc117e2cd/26-full.jpg"", ""https://krisha-photos.kcdn.online/webp/00/00bb6ca2-72ab-4ccc-a64f-615bc117e2cd/27-full.jpg"", ""https://krisha-photos.kcdn.online/webp/00/00bb6ca2-72ab-4ccc-a64f-615bc117e2cd/28-full.jpg"", ""https://krisha-photos.kcdn.online/webp/00/00bb6ca2-72ab-4ccc-a64f-615bc117e2cd/29-full.jpg"", ""https://krisha-photos.kcdn.online/webp/00/00bb6ca2-72ab-4ccc-a64f-615bc117e2cd/30-full.jpg"", ""https://krisha-photos.kcdn.online/webp/00/00bb6ca2-72ab-4ccc-a64f-615bc117e2cd/31-full.jpg"", ""https://krisha-photos.kcdn.online/webp/00/00bb6ca2-72ab-4ccc-a64f-615bc117e2cd/32-full.jpg"", ""https://krisha-photos.kcdn.online/webp/00/00bb6ca2-72ab-4ccc-a64f-615bc117e2cd/33-full.jpg"", ""https://krisha-photos.kcdn.online/webp/00/00bb6ca2-72ab-4ccc-a64f-615bc117e2cd/34-full.jpg"", ""https://krisha-photos.kcdn.online/webp/00/00bb6ca2-72ab-4ccc-a64f-615bc117e2cd/35-full.jpg"", ""https://krisha-photos.kcdn.online/webp/00/00bb6ca2-72ab-4ccc-a64f-615bc117e2cd/36-full.jpg"", ""https://krisha-photos.kcdn.online/webp/00/00bb6ca2-72ab-4ccc-a64f-615bc117e2cd/37-full.jpg"", ""https://krisha-photos.kcdn.online/webp/00/00bb6ca2-72ab-4ccc-a64f-615bc117e2cd/38-full.jpg"", ""https://krisha-photos.kcdn.online/webp/00/00bb6ca2-72ab-4ccc-a64f-615bc117e2cd/39-full.jpg"", ""https://krisha-photos.kcdn.online/webp/00/00bb6ca2-72ab-4ccc-a64f-615bc117e2cd/40-full.jpg"", ""https://krisha-photos.kcdn.online/webp/00/00bb6ca2-72ab-4ccc-a64f-615bc117e2cd/41-full.jpg"", ""https://krisha-photos.kcdn.online/webp/00/00bb6ca2-72ab-4ccc-a64f-615bc117e2cd/42-full.jpg"", ""https://krisha-photos.kcdn.online/webp/00/00bb6ca2-72ab-4ccc-a64f-615bc117e2cd/43-full.jpg"", ""https://krisha-photos.kcdn.online/webp/00/00bb6ca2-72ab-4ccc-a64f-615bc117e2cd/44-full.jpg"", ""https://krisha-photos.kcdn.online/webp/00/00bb6ca2-72ab-4ccc-a64f-615bc117e2cd/45-full.jpg"", ""https://krisha-photos.kcdn.online/webp/00/00bb6ca2-72ab-4ccc-a64f-615bc117e2cd/46-full.jpg"", ""https://krisha-photos.kcdn.online/webp/00/00bb6ca2-72ab-4ccc-a64f-615bc117e2cd/47-full.jpg"", ""https://krisha-photos.kcdn.online/webp/00/00bb6ca2-72ab-4ccc-a64f-615bc117e2cd/48-full.jpg"", ""https://krisha-photos.kcdn.online/webp/00/00bb6ca2-72ab-4ccc-a64f-615bc117e2cd/49-full.jpg""]",49,5a5a72063e9e69c5cb4a906ac137e7a58771c49ea7a0875ba1443709f4681995,,Assel_baigeldi,False,2026-08-08,2026-08-08,2026-08-08,live,2026-08-11T07:10:08+00:00,False,price_sanity,"price_m2_outlier_iqr (group=2, 18750 вне [-1133, 12517])"
1013758763,https://krisha.kz/a/show/1013758763,2-комнатная квартира · 77 м² · 15/22 этаж,1000000,за месяц,12987,2,77,15,22,Esilyskiy_r-n,Astana,Narkesken,3,51.14889293702,71.42912775443,10092719,esilriverside,Esil Riverside,полностью,,,,,,"На длительный срок от 1 года, гарантийный взнос. Esil Riverside 1, наркескен 1.","[""https://krisha-photos.kcdn.online/webp/d4/d4241ae8-d90e-4ded-a6d7-04f43d324fd0/1-full.jpg"", ""https://krisha-photos.kcdn.online/webp/d4/d4241ae8-d90e-4ded-a6d7-04f43d324fd0/2-full.jpg"", ""https://krisha-photos.kcdn.online/webp/d4/d4241ae8-d90e-4ded-a6d7-04f43d324fd0/3-full.jpg"", ""https://krisha-photos.kcdn.online/webp/d4/d4241ae8-d90e-4ded-a6d7-04f43d324fd0/4-full.jpg"", ""https://krisha-photos.kcdn.online/webp/d4/d4241ae8-d90e-4ded-a6d7-04f43d324fd0/5-full.jpg"", ""https://krisha-photos.kcdn.online/webp/d4/d4241ae8-d90e-4ded-a6d7-04f43d324fd0/6-full.jpg"", ""https://krisha-photos.kcdn.online/webp/d4/d4241ae8-d90e-4ded-a6d7-04f43d324fd0/7-full.jpg"", ""https://krisha-photos.kcdn.online/webp/d4/d4241ae8-d90e-4ded-a6d7-04f43d324fd0/8-full.jpg"", ""https://krisha-photos.kcdn.online/webp/d4/d4241ae8-d90e-4ded-a6d7-04f43d324fd0/9-full.jpg"", ""https://krisha-photos.kcdn.online/webp/d4/d4241ae8-d90e-4ded-a6d7-04f43d324fd0/10-full.jpg"", ""https://krisha-photos.kcdn.online/webp/d4/d4241ae8-d90e-4ded-a6d7-04f43d324fd0/11-full.jpg"", ""https://krisha-photos.kcdn.online/webp/d4/d4241ae8-d90e-4ded-a6d7-04f43d324fd0/12-full.jpg"", ""https://krisha-photos.kcdn.online/webp/d4/d4241ae8-d90e-4ded-a6d7-04f43d324fd0/13-full.jpg""]",13,ecf2d9539fe60fff5ef75f79493d08f9f8f8f55800c9c477bf0214a05c61e8ab,,Хозяин,False,2026-08-03,2026-07-07,2026-08-03,live,2026-08-11T07:10:08+00:00,False,price_sanity,"price_m2_outlier_iqr (group=2, 12987 вне [-1133, 12517])"
1002798413,https://krisha.kz/a/show/1002798413,2-комнатная квартира · 55.4 м² · 7/9 этаж,800000,за месяц,14440,2,55.4,7,9,Esilyskiy_r-n,Astana,Kunaeva,5,51.133627752704,71.419725403917,9812683,atlant,Atlant,полностью,"свежий ремонт, новая мебель",,,,,"Сдаётся 2-комнатная квартира в ЖК «Атлан» с новым дизайнерским ремонтом! 
 
📍 Локация: ЖК «Атлант», ул. Конаева, 5 
🏠 Площадь: 55, 4 кв. м 
🛋 Формат: Евро-двушка (просторная кухня-гостиная + отдельная спальня), гардеробная 
 
 Шикарный вид с окна 
 
🆕 Квартира абсолютно новая, после получения ключей — никто не жил! 
✨ Современный качественный ремонт в светлых тонах. 
 
✅ Полностью укомплектована новой мебелью и техникой 
✅ Просторный санузел, лоджия 
✅ Чистый подъезд, ухоженная территория 
 
🌟 Инфраструктура рядом: 
— В пешей доступности — ТРЦ «Азия Парк», «Хан Шатыр», «Aspan Plaza»; кафе, рестораны, супермаркеты Magnum, Small, Анвар 
— Рядом школы, детские сады, поликлиника 
— Удобная транспортная развязка, остановки общественного транспорта 
— Зеленые зоны и скверы для прогулок 
 
💼 Сдаётся только семейной паре без детей 
❌ Без животных 
📅 Долгосрочная аренда 
 
💰 Цена: 800000+ коммунальные услуги

Дом ориентировочно находится возле Кунаева 5","[""https://krisha-photos.kcdn.online/webp/c6/c61cf064-c01a-4030-a779-07a32866e944/1-full.jpg"", ""https://krisha-photos.kcdn.online/webp/c6/c61cf064-c01a-4030-a779-07a32866e944/2-full.jpg"", ""https://krisha-photos.kcdn.online/webp/c6/c61cf064-c01a-4030-a779-07a32866e944/5-full.jpg"", ""https://krisha-photos.kcdn.online/webp/c6/c61cf064-c01a-4030-a779-07a32866e944/6-full.jpg"", ""https://krisha-photos.kcdn.online/webp/c6/c61cf064-c01a-4030-a779-07a32866e944/7-full.jpg"", ""https://krisha-photos.kcdn.online/webp/c6/c61cf064-c01a-4030-a779-07a32866e944/8-full.jpg"", ""https://krisha-photos.kcdn.online/webp/c6/c61cf064-c01a-4030-a779-07a32866e944/9-full.jpg"", ""https://krisha-photos.kcdn.online/webp/c6/c61cf064-c01a-4030-a779-07a32866e944/10-full.jpg"", ""https://krisha-photos.kcdn.online/webp/c6/c61cf064-c01a-4030-a779-07a32866e944/11-full.jpg"", ""https://krisha-photos.kcdn.online/webp/c6/c61cf064-c01a-4030-a779-07a32866e944/12-full.jpg"", ""https://krisha-photos.kcdn.online/webp/c6/c61cf064-c01a-4030-a779-07a32866e944/13-full.jpg"", ""https://krisha-photos.kcdn.online/webp/c6/c61cf064-c01a-4030-a779-07a32866e944/14-full.jpg"", ""https://krisha-photos.kcdn.online/webp/c6/c61cf064-c01a-4030-a779-07a32866e944/15-full.jpg""]",13,2ec6a337c76c875507e44cea36ae9b894e25b3c67998029e18f08c088da85482,,Хозяин,False,2026-08-02,2025-06-22,2026-08-02,live,2026-08-11T07:10:08+00:00,False,price_sanity,"price_m2_outlier_iqr (group=2, 14440 вне [-1133, 12517])"
696824533,https://krisha.kz/a/show/696824533,2-комнатная квартира · 63 м²,900000,за месяц,14286,2,63,17,,Nura_r-n,Astana,Turan,44B,51.113243753071,71.401922106743,15619379,parasat,Parasat,полностью,"свежий ремонт, новая мебель",,,,,"Сдается на 3 месяца, с возможным продлением. Вся мебель и техника новые, дизайнерский ремонт, блэкаут шторы, гардеробная, есть все необходимое для комфортного проживания. Кодовый замок, face id. Отличный район, безопасный двор, рядом аптеки, магазины, рестораны, Магнум 24/7, в шаговой доступности Ботанический сад. 
Сдаётся семейной паре, либо одному человеку. Имеется депозит + комм. услуги. 
Риелторов просьба не беспокоить.

Дом ориентировочно находится возле Орынбор","[""https://krisha-photos.kcdn.online/webp/78/78feeed2-332e-4efa-b920-600bb39b1c20/24-full.jpg"", ""https://krisha-photos.kcdn.online/webp/78/78feeed2-332e-4efa-b920-600bb39b1c20/2-full.jpg"", ""https://krisha-photos.kcdn.online/webp/78/78feeed2-332e-4efa-b920-600bb39b1c20/3-full.jpg"", ""https://krisha-photos.kcdn.online/webp/78/78feeed2-332e-4efa-b920-600bb39b1c20/4-full.jpg"", ""https://krisha-photos.kcdn.online/webp/78/78feeed2-332e-4efa-b920-600bb39b1c20/5-full.jpg"", ""https://krisha-photos.kcdn.online/webp/78/78feeed2-332e-4efa-b920-600bb39b1c20/6-full.jpg"", ""https://krisha-photos.kcdn.online/webp/78/78feeed2-332e-4efa-b920-600bb39b1c20/7-full.jpg"", ""https://krisha-photos.kcdn.online/webp/78/78feeed2-332e-4efa-b920-600bb39b1c20/8-full.jpg"", ""https://krisha-photos.kcdn.online/webp/78/78feeed2-332e-4efa-b920-600bb39b1c20/9-full.jpg"", ""https://krisha-photos.kcdn.online/webp/78/78feeed2-332e-4efa-b920-600bb39b1c20/10-full.jpg"", ""https://krisha-photos.kcdn.online/webp/78/78feeed2-332e-4efa-b920-600bb39b1c20/11-full.jpg"", ""https://krisha-photos.kcdn.online/webp/78/78feeed2-332e-4efa-b920-600bb39b1c20/12-full.jpg"", ""https://krisha-photos.kcdn.online/webp/78/78feeed2-332e-4efa-b920-600bb39b1c20/13-full.jpg"", ""https://krisha-photos.kcdn.online/webp/78/78feeed2-332e-4efa-b920-600bb39b1c20/14-full.jpg"", ""https://krisha-photos.kcdn.online/webp/78/78feeed2-332e-4efa-b920-600bb39b1c20/15-full.jpg"", ""https://krisha-photos.kcdn.online/webp/78/78feeed2-332e-4efa-b920-600bb39b1c20/16-full.jpg"", ""https://krisha-photos.kcdn.online/webp/78/78feeed2-332e-4efa-b920-600bb39b1c20/17-full.jpg"", ""https://krisha-photos.kcdn.online/webp/78/78feeed2-332e-4efa-b920-600bb39b1c20/18-full.jpg"", ""https://krisha-photos.kcdn.online/webp/78/78feeed2-332e-4efa-b920-600bb39b1c20/19-full.jpg"", ""https://krisha-photos.kcdn.online/webp/78/78feeed2-332e-4efa-b920-600bb39b1c20/20-full.jpg"", ""https://krisha-photos.kcdn.online/webp/78/78feeed2-332e-4efa-b920-600bb39b1c20/21-full.jpg"", ""https://krisha-photos.kcdn.online/webp/78/78feeed2-332e-4efa-b920-600bb39b1c20/22-full.jpg"", ""https://krisha-photos.kcdn.online/webp/78/78feeed2-332e-4efa-b920-600bb39b1c20/23-full.jpg""]",23,3aa4665b23b21f6d8cc40104a5cbedfb902e622072a56f823924e1df9ce3674a,,Хозяин,False,2026-08-02,2024-08-30,2026-08-02,live,2026-08-11T07:10:08+00:00,False,price_sanity,"price_m2_outlier_iqr (group=2, 14286 вне [-1133, 12517])"
1013324049,https://krisha.kz/a/show/1013324049,2-комнатная квартира · 47 м² · 9/12 этаж,600000,за месяц,12766,2,47,9,12,Nura_r-n,Astana,Tole_bi,25/1,51.100069624836,71.386447535103,12533181,homeland,Homeland,полностью,"свежий ремонт, новая мебель",,,,,"✨ Сдается на 1–3 месяца. Бескомпромиссный люкс для тех, кто ценит стиль и заезжает только с чемоданом. 
​Вы приходите сюда и мгновенно забываете о суете, наслаждаясь каждой деталью элитного лофта 1+1: 
​✔️ Истинное наслаждение: дизайнерский тропический душ, бьющий прямо из потолка, для идеального релакса. 
​✔️ Визуальный восторг: кинематографичный вайб, парящие потолки, трендовое стекло и благородный изумрудный концепт. 
​✔️ Безупречный отдых: изолированная тихая спальня с анатомическим матрасом. 
​✔️ Полная беззаботность: прачечная зона с сушильной машиной (вещи сухие за час), кондиционер, Smart-TV и полностью укомплектованная кухня с красивой посудой. 💎 
​Идеально для экспатов и деловых поездок. Без комиссии. Имеется депозит. Звоните!

Дом ориентировочно находится возле Luxury Loft apartment","[""https://krisha-photos.kcdn.online/webp/0f/0f343651-c98c-4b7b-830e-db255cd339ed/1-full.jpg"", ""https://krisha-photos.kcdn.online/webp/0f/0f343651-c98c-4b7b-830e-db255cd339ed/2-full.jpg"", ""https://krisha-photos.kcdn.online/webp/0f/0f343651-c98c-4b7b-830e-db255cd339ed/3-full.jpg"", ""https://krisha-photos.kcdn.online/webp/0f/0f343651-c98c-4b7b-830e-db255cd339ed/4-full.jpg"", ""https://krisha-photos.kcdn.online/webp/0f/0f343651-c98c-4b7b-830e-db255cd339ed/5-full.jpg"", ""https://krisha-photos.kcdn.online/webp/0f/0f343651-c98c-4b7b-830e-db255cd339ed/6-full.jpg"", ""https://krisha-photos.kcdn.online/webp/0f/0f343651-c98c-4b7b-830e-db255cd339ed/7-full.jpg"", ""https://krisha-photos.kcdn.online/webp/0f/0f343651-c98c-4b7b-830e-db255cd339ed/8-full.jpg"", ""https://krisha-photos.kcdn.online/webp/0f/0f343651-c98c-4b7b-830e-db255cd339ed/9-full.jpg"", ""https://krisha-photos.kcdn.online/webp/0f/0f343651-c98c-4b7b-830e-db255cd339ed/10-full.jpg"", ""https://krisha-photos.kcdn.online/webp/0f/0f343651-c98c-4b7b-830e-db255cd339ed/11-full.jpg"", ""https://krisha-photos.kcdn.online/webp/0f/0f343651-c98c-4b7b-830e-db255cd339ed/12-full.jpg"", ""https://krisha-photos.kcdn.online/webp/0f/0f343651-c98c-4b7b-830e-db255cd339ed/13-full.jpg"", ""https://krisha-photos.kcdn.online/webp/0f/0f343651-c98c-4b7b-830e-db255cd339ed/14-full.jpg"", ""https://krisha-photos.kcdn.online/webp/0f/0f343651-c98c-4b7b-830e-db255cd339ed/15-full.jpg"", ""https://krisha-photos.kcdn.online/webp/0f/0f343651-c98c-4b7b-830e-db255cd339ed/16-full.jpg"", ""https://krisha-photos.kcdn.online/webp/0f/0f343651-c98c-4b7b-830e-db255cd339ed/17-full.jpg"", ""https://krisha-photos.kcdn.online/webp/0f/0f343651-c98c-4b7b-830e-db255cd339ed/18-full.jpg""]",18,4a2ae0e7fd06b92cb5ed89dbaea2c457da9d82a131b41de907a002cf0abd609e,,Хозяин,False,2026-08-02,2026-06-22,2026-08-02,live,2026-08-11T07:10:08+00:00,False,price_sanity,"price_m2_outlier_iqr (group=2, 12766 вне [-1133, 12517])"
1008868322,https://krisha.kz/a/show/1008868322,2-комнатная квартира · 76 м² · 13 этаж,1000000,за месяц,13158,2,76,13,,Esilyskiy_r-n,Astana,Akmeshit,1,51.120813755506,71.424500940921,12515541,europecity,Europe City,полностью,,,,,,"⭕️ ЖК Europa city 
▪︎ 2х ком 
▪︎ Кухня Отдельно 
▪︎ бизнес класса 
▪︎ евро ремонт 
▪︎ 2 сан узла (ванна и душ) 
▪︎ Вся бытовая техника 
▪︎ Квартира полностью укомплектованная 
Квартира абсолютно новая 
❗️ЦЕНА 1 000 000 тг 
Паркинг 1 место входит в стоимость 
❗️Депозит имеется 
❗️Услуги АН 30% 
 
⭕️ ПРЕИМУЩЕСТВА: 
▪︎ В подъезде для жителей комплекса имеется 
- кинорум 
- комната Пула 
- игровая комната 
- йога зал 
- гостевая комната 
▪︎ Система умного дома 
▪︎ Электронные замки - Face ID и Touch ID 
▪︎ Закрытая территория 
▪︎ Видеонаблюдение 
▪︎ Паркинг.подземный, гостевой 
▪︎ Дизайнерские холлы и подъезды 
▪︎ Потолки 3.3 метра 
▪︎ Охрана 
 
По всем вопросам звонить по номеру телефона ⬇️","[""https://krisha-photos.kcdn.online/webp/e5/e500ac90-9fc3-4318-ba57-98e31e0957ec/1-full.jpg"", ""https://krisha-photos.kcdn.online/webp/e5/e500ac90-9fc3-4318-ba57-98e31e0957ec/2-full.jpg"", ""https://krisha-photos.kcdn.online/webp/e5/e500ac90-9fc3-4318-ba57-98e31e0957ec/3-full.jpg"", ""https://krisha-photos.kcdn.online/webp/e5/e500ac90-9fc3-4318-ba57-98e31e0957ec/4-full.jpg"", ""https://krisha-photos.kcdn.online/webp/e5/e500ac90-9fc3-4318-ba57-98e31e0957ec/5-full.jpg"", ""https://krisha-photos.kcdn.online/webp/e5/e500ac90-9fc3-4318-ba57-98e31e0957ec/6-full.jpg"", ""https://krisha-photos.kcdn.online/webp/e5/e500ac90-9fc3-4318-ba57-98e31e0957ec/7-full.jpg"", ""https://krisha-photos.kcdn.online/webp/e5/e500ac90-9fc3-4318-ba57-98e31e0957ec/8-full.jpg"", ""https://krisha-photos.kcdn.online/webp/e5/e500ac90-9fc3-4318-ba57-98e31e0957ec/9-full.jpg"", ""https://krisha-photos.kcdn.online/webp/e5/e500ac90-9fc3-4318-ba57-98e31e0957ec/10-full.jpg""]",10,6a861517c91a7468388d711ee8d621e57977cfd2635aa2b827c32b30a16001f6,,Естекова Альфия,False,2026-08-07,2026-01-19,2026-08-07,live,2026-08-11T07:10:08+00:00,False,price_sanity,"price_m2_outlier_iqr (group=2, 13158 вне [-1133, 12517])"
1008854350,https://krisha.kz/a/show/1008854350,2-комнатная квартира · 75 м² · 11 этаж,1000000,за месяц,13333,2,75,11,,,Astana,Akmeshit,1,51.120813755506,71.424500940921,12515541,europecity,Europe City,полностью,,нет,,,,,"[""https://krisha-photos.kcdn.online/webp/bb/bb590783-0e62-46a4-8b00-85c0dffdf2c4/16-full.jpg"", ""https://krisha-photos.kcdn.online/webp/bb/bb590783-0e62-46a4-8b00-85c0dffdf2c4/2-full.jpg"", ""https://krisha-photos.kcdn.online/webp/bb/bb590783-0e62-46a4-8b00-85c0dffdf2c4/3-full.jpg"", ""https://krisha-photos.kcdn.online/webp/bb/bb590783-0e62-46a4-8b00-85c0dffdf2c4/4-full.jpg"", ""https://krisha-photos.kcdn.online/webp/bb/bb590783-0e62-46a4-8b00-85c0dffdf2c4/5-full.jpg"", ""https://krisha-photos.kcdn.online/webp/bb/bb590783-0e62-46a4-8b00-85c0dffdf2c4/6-full.jpg"", ""https://krisha-photos.kcdn.online/webp/bb/bb590783-0e62-46a4-8b00-85c0dffdf2c4/7-full.jpg"", ""https://krisha-photos.kcdn.online/webp/bb/bb590783-0e62-46a4-8b00-85c0dffdf2c4/9-full.jpg"", ""https://krisha-photos.kcdn.online/webp/bb/bb590783-0e62-46a4-8b00-85c0dffdf2c4/10-full.jpg"", ""https://krisha-photos.kcdn.online/webp/bb/bb590783-0e62-46a4-8b00-85c0dffdf2c4/11-full.jpg"", ""https://krisha-photos.kcdn.online/webp/bb/bb590783-0e62-46a4-8b00-85c0dffdf2c4/12-full.jpg"", ""https://krisha-photos.kcdn.online/webp/bb/bb590783-0e62-46a4-8b00-85c0dffdf2c4/13-full.jpg"", ""https://krisha-photos.kcdn.online/webp/bb/bb590783-0e62-46a4-8b00-85c0dffdf2c4/14-full.jpg"", ""https://krisha-photos.kcdn.online/webp/bb/bb590783-0e62-46a4-8b00-85c0dffdf2c4/15-full.jpg""]",14,128d9ea98a044309cbe76ac9841463d1ea08d521f0cdd948309339e5db97aed1,,Realty EXPERT Astana,True,2026-08-10,2026-01-19,2026-08-10,live,2026-08-11T07:12:53+00:00,False,price_sanity,"price_m2_outlier_iqr (group=2, 13333 вне [-1133, 12517])"
1014427057,https://krisha.kz/a/show/1014427057,4-комнатная квартира · 178 м² · 10/18 этаж,3500000,за месяц,19663,4,178,10,18,Esilyskiy_r-n,Astana,Dinmuhameda_Kunaeva,8a,51.129934015228,71.42451189287,19659242,theone,The One,полностью,,нет,,,,,[],0,,,Хозяин,False,2026-07-31,2026-07-31,2026-07-31,live,2026-08-06T08:03:11+00:00,False,price_sanity,"price_m2_outlier_iqr (group=4, 19663 вне [-6104, 18662])"
1011010337,https://krisha.kz/a/show/1011010337,4-комнатная квартира · 340 м² · 24 этаж,8000000,за месяц,23529,4,340,24,,,Astana,Dostyk,16,51.124630998994,71.431532043383,,,,полностью,"свежий ремонт, новая мебель",нет,,,,"🔥RITZ CARLTON ASTANA🔥 
Сдается роскошная четырехкомнатная квартира в престижном комплексе Ritz Carlton в Астане. 
Площадь квартиры составляет 340 квадратных метров, что обеспечивает простор и комфорт для проживания. 
Внутренняя планировка квартиры продумана до мелочей: светлая гостиная с панорамными окнами, где открывается захватывающий вид на город. 
Просторная кухня оснащена современной бытовой техникой премиум-класса и дизайнерскими элементами интерьера. В квартире также есть три спальни, каждая из которых имеет собственную ванную комнату с высококачественной сантехникой и отделкой. 
Особое внимание уделено удобствам и деталям: полы с подогревом, централизованная система кондиционирования и вентиляции, высокие потолки и большие окна, наполняющие помещения естественным светом. 
 
Жители комплекса Ritz Carlton могут пользоваться всеми преимуществами пятизвездочного сервиса: круглосуточная охрана, консьерж-сервис, спа и фитнес-центр, бассейн, ресторан и бар. 
Эта квартира идеально подходит для тех, кто ценит комфорт, роскошь и высокое качество жизни в самом центре столицы. 
💵 8.000.000 цене коммунальные услуги и сервисный сбор 
💵 депозит составляет 8.000.000","[""https://krisha-photos.kcdn.online/webp/4a/4a511f43-7a6a-437c-bf8e-9d7ee31cf97c/1-full.jpg"", ""https://krisha-photos.kcdn.online/webp/4a/4a511f43-7a6a-437c-bf8e-9d7ee31cf97c/2-full.jpg"", ""https://krisha-photos.kcdn.online/webp/4a/4a511f43-7a6a-437c-bf8e-9d7ee31cf97c/3-full.jpg"", ""https://krisha-photos.kcdn.online/webp/4a/4a511f43-7a6a-437c-bf8e-9d7ee31cf97c/4-full.jpg"", ""https://krisha-photos.kcdn.online/webp/4a/4a511f43-7a6a-437c-bf8e-9d7ee31cf97c/5-full.jpg"", ""https://krisha-photos.kcdn.online/webp/4a/4a511f43-7a6a-437c-bf8e-9d7ee31cf97c/6-full.jpg""]",6,56bd17e77926ca83dd39fa8cd7199a7b8299c08cd95d038e3dd3512615f6daaa,,"Нургалиев Замир, компания «FORTUNA»",True,2026-08-08,2026-04-03,2026-08-08,live,2026-08-11T07:10:08+00:00,False,price_sanity,"price_m2_outlier_iqr (group=4, 23529 вне [-6104, 18662])"
1014505965,https://krisha.kz/a/show/1014505965,4-комнатная квартира · 162 м² · 2/7 этаж,3500000,за месяц,21605,4,162,2,7,Almaty_r-n,Astana,Amman,21,51.147798979411,71.442789220813,11436912,akbulakriviera,Akbulak Riviera,полностью,"свежий ремонт, новая мебель",,,,,"Новая шикарная квартира с очень дорогим ремонтом, мебелью, система умный дом, умная система кондиционирования. 
Лобби круглосуточно, охрана, видеонаблюдение, во дворе стильный ландшавтный дизайн, игровые площадки для разных возрастов, зона барбекю, теннисный корт, футбольное поле, детская игровая комната, свой кинотеатр. Свой выход к набережной. Снизу кафе, рестораны. Удобное месторасположение 
Пол паркет дуб 
Двери массив натурального дуба 
Вся мебель авторская из премиальных материалов и 
механизмов 
Полностью система умный дом через Алису и приложение 
Умная система кондиционирования 
Делали для себя, поэтому выбирали все самое лучшее 
Потрясающая локация с выходом на набережную. Полная тишина во дворе и ощущение уединенности. Собственный кинотеатр, просторная игровая комната для деток, несколько игровых площадок, теннисный корт, футбольное поле, барбекю зона, охрана и множество дополнительных удобств, включая обслуживание 
Снизу хорошие кафе, кофейни 
Парковочное место в паркинге входит в стоимость

Дом ориентировочно находится возле Аскар Токпанов","[""https://krisha-photos.kcdn.online/webp/d7/d7bea139-5614-43ea-aeb8-8ff8e6542117/36-full.jpg"", ""https://krisha-photos.kcdn.online/webp/d7/d7bea139-5614-43ea-aeb8-8ff8e6542117/37-full.jpg"", ""https://krisha-photos.kcdn.online/webp/d7/d7bea139-5614-43ea-aeb8-8ff8e6542117/2-full.jpg"", ""https://krisha-photos.kcdn.online/webp/d7/d7bea139-5614-43ea-aeb8-8ff8e6542117/3-full.jpg"", ""https://krisha-photos.kcdn.online/webp/d7/d7bea139-5614-43ea-aeb8-8ff8e6542117/4-full.jpg"", ""https://krisha-photos.kcdn.online/webp/d7/d7bea139-5614-43ea-aeb8-8ff8e6542117/5-full.jpg"", ""https://krisha-photos.kcdn.online/webp/d7/d7bea139-5614-43ea-aeb8-8ff8e6542117/6-full.jpg"", ""https://krisha-photos.kcdn.online/webp/d7/d7bea139-5614-43ea-aeb8-8ff8e6542117/7-full.jpg"", ""https://krisha-photos.kcdn.online/webp/d7/d7bea139-5614-43ea-aeb8-8ff8e6542117/8-full.jpg"", ""https://krisha-photos.kcdn.online/webp/d7/d7bea139-5614-43ea-aeb8-8ff8e6542117/9-full.jpg"", ""https://krisha-photos.kcdn.online/webp/d7/d7bea139-5614-43ea-aeb8-8ff8e6542117/10-full.jpg"", ""https://krisha-photos.kcdn.online/webp/d7/d7bea139-5614-43ea-aeb8-8ff8e6542117/11-full.jpg"", ""https://krisha-photos.kcdn.online/webp/d7/d7bea139-5614-43ea-aeb8-8ff8e6542117/12-full.jpg"", ""https://krisha-photos.kcdn.online/webp/d7/d7bea139-5614-43ea-aeb8-8ff8e6542117/13-full.jpg"", ""https://krisha-photos.kcdn.online/webp/d7/d7bea139-5614-43ea-aeb8-8ff8e6542117/14-full.jpg"", ""https://krisha-photos.kcdn.online/webp/d7/d7bea139-5614-43ea-aeb8-8ff8e6542117/15-full.jpg"", ""https://krisha-photos.kcdn.online/webp/d7/d7bea139-5614-43ea-aeb8-8ff8e6542117/16-full.jpg"", ""https://krisha-photos.kcdn.online/webp/d7/d7bea139-5614-43ea-aeb8-8ff8e6542117/17-full.jpg"", ""https://krisha-photos.kcdn.online/webp/d7/d7bea139-5614-43ea-aeb8-8ff8e6542117/18-full.jpg"", ""https://krisha-photos.kcdn.online/webp/d7/d7bea139-5614-43ea-aeb8-8ff8e6542117/19-full.jpg"", ""https://krisha-photos.kcdn.online/webp/d7/d7bea139-5614-43ea-aeb8-8ff8e6542117/20-full.jpg"", ""https://krisha-photos.kcdn.online/webp/d7/d7bea139-5614-43ea-aeb8-8ff8e6542117/21-full.jpg"", ""https://krisha-photos.kcdn.online/webp/d7/d7bea139-5614-43ea-aeb8-8ff8e6542117/22-full.jpg"", ""https://krisha-photos.kcdn.online/webp/d7/d7bea139-5614-43ea-aeb8-8ff8e6542117/23-full.jpg"", ""https://krisha-photos.kcdn.online/webp/d7/d7bea139-5614-43ea-aeb8-8ff8e6542117/24-full.jpg"", ""https://krisha-photos.kcdn.online/webp/d7/d7bea139-5614-43ea-aeb8-8ff8e6542117/25-full.jpg"", ""https://krisha-photos.kcdn.online/webp/d7/d7bea139-5614-43ea-aeb8-8ff8e6542117/26-full.jpg"", ""https://krisha-photos.kcdn.online/webp/d7/d7bea139-5614-43ea-aeb8-8ff8e6542117/27-full.jpg"", ""https://krisha-photos.kcdn.online/webp/d7/d7bea139-5614-43ea-aeb8-8ff8e6542117/28-full.jpg"", ""https://krisha-photos.kcdn.online/webp/d7/d7bea139-5614-43ea-aeb8-8ff8e6542117/29-full.jpg"", ""https://krisha-photos.kcdn.online/webp/d7/d7bea139-5614-43ea-aeb8-8ff8e6542117/30-full.jpg"", ""https://krisha-photos.kcdn.online/webp/d7/d7bea139-5614-43ea-aeb8-8ff8e6542117/31-full.jpg"", ""https://krisha-photos.kcdn.online/webp/d7/d7bea139-5614-43ea-aeb8-8ff8e6542117/32-full.jpg"", ""https://krisha-photos.kcdn.online/webp/d7/d7bea139-5614-43ea-aeb8-8ff8e6542117/33-full.jpg"", ""https://krisha-photos.kcdn.online/webp/d7/d7bea139-5614-43ea-aeb8-8ff8e6542117/34-full.jpg"", ""https://krisha-photos.kcdn.online/webp/d7/d7bea139-5614-43ea-aeb8-8ff8e6542117/35-full.jpg"", ""https://krisha-photos.kcdn.online/webp/d7/d7bea139-5614-43ea-aeb8-8ff8e6542117/38-full.jpg"", ""https://krisha-photos.kcdn.online/webp/d7/d7bea139-5614-43ea-aeb8-8ff8e6542117/39-full.jpg"", ""https://krisha-photos.kcdn.online/webp/d7/d7bea139-5614-43ea-aeb8-8ff8e6542117/40-full.jpg"", ""https://krisha-photos.kcdn.online/webp/d7/d7bea139-5614-43ea-aeb8-8ff8e6542117/41-full.jpg"", ""https://krisha-photos.kcdn.online/webp/d7/d7bea139-5614-43ea-aeb8-8ff8e6542117/42-full.jpg"", ""https://krisha-photos.kcdn.online/webp/d7/d7bea139-5614-43ea-aeb8-8ff8e6542117/43-full.jpg"", ""https://krisha-photos.kcdn.online/webp/d7/d7bea139-5614-43ea-aeb8-8ff8e6542117/44-full.jpg"", ""https://krisha-photos.kcdn.online/webp/d7/d7bea139-5614-43ea-aeb8-8ff8e6542117/45-full.jpg""]",44,726eea00d45028e05369032cd992616b61ed27318592603991a79cf67e940883,,"Ибраев Айдархан, компания «PREMIER»",False,2026-08-03,2026-08-03,2026-08-03,live,2026-08-06T07:16:08+00:00,False,price_sanity,"price_m2_outlier_iqr (group=4, 21605 вне [-6104, 18662])"
1014075232,https://krisha.kz/a/show/1014075232,5-комнатная квартира · 250 м²,4000000,за месяц,16000,5,250,,,Sarayshyk_r-n,Astana,Baytursynova,9,51.125872369852,71.466346275064,8477146,hajvil-astana,Хайвил Астана,полностью,,,,,,,[],0,,,Мурат Айгерим,False,2026-07-30,2026-07-19,2026-07-30,live,2026-08-11T07:10:08+00:00,False,price_sanity,"price_m2_outlier_iqr (group=5, 16000 вне [-1878, 15727])"
688758179,https://krisha.kz/a/show/688758179,5-комнатная квартира · 310 м²,2000000,за месяц,6452,5,310,,,Almaty_r-n,Astana,Baytursynova,9,51.125855,71.467278,8477146,hajvil-astana,Хайвил Астана,полностью,"свежий ремонт, новая мебель",нет,,,,"полностью упакованная квартира 
ранее не сдавалась 
состояние как на фото","[""https://krisha-photos.kcdn.online/webp/f1/f11cdbfa-b9de-4152-a51f-99e5f333eeed/34-full.jpg"", ""https://krisha-photos.kcdn.online/webp/f1/f11cdbfa-b9de-4152-a51f-99e5f333eeed/29-full.jpg"", ""https://krisha-photos.kcdn.online/webp/f1/f11cdbfa-b9de-4152-a51f-99e5f333eeed/4-full.jpg"", ""https://krisha-photos.kcdn.online/webp/f1/f11cdbfa-b9de-4152-a51f-99e5f333eeed/35-full.jpg"", ""https://krisha-photos.kcdn.online/webp/f1/f11cdbfa-b9de-4152-a51f-99e5f333eeed/32-full.jpg"", ""https://krisha-photos.kcdn.online/webp/f1/f11cdbfa-b9de-4152-a51f-99e5f333eeed/16-full.jpg"", ""https://krisha-photos.kcdn.online/webp/f1/f11cdbfa-b9de-4152-a51f-99e5f333eeed/5-full.jpg"", ""https://krisha-photos.kcdn.online/webp/f1/f11cdbfa-b9de-4152-a51f-99e5f333eeed/22-full.jpg"", ""https://krisha-photos.kcdn.online/webp/f1/f11cdbfa-b9de-4152-a51f-99e5f333eeed/3-full.jpg"", ""https://krisha-photos.kcdn.online/webp/f1/f11cdbfa-b9de-4152-a51f-99e5f333eeed/2-full.jpg"", ""https://krisha-photos.kcdn.online/webp/f1/f11cdbfa-b9de-4152-a51f-99e5f333eeed/14-full.jpg"", ""https://krisha-photos.kcdn.online/webp/f1/f11cdbfa-b9de-4152-a51f-99e5f333eeed/12-full.jpg"", ""https://krisha-photos.kcdn.online/webp/f1/f11cdbfa-b9de-4152-a51f-99e5f333eeed/1-full.jpg"", ""https://krisha-photos.kcdn.online/webp/f1/f11cdbfa-b9de-4152-a51f-99e5f333eeed/9-full.jpg"", ""https://krisha-photos.kcdn.online/webp/f1/f11cdbfa-b9de-4152-a51f-99e5f333eeed/6-full.jpg"", ""https://krisha-photos.kcdn.online/webp/f1/f11cdbfa-b9de-4152-a51f-99e5f333eeed/7-full.jpg"", ""https://krisha-photos.kcdn.online/webp/f1/f11cdbfa-b9de-4152-a51f-99e5f333eeed/8-full.jpg"", ""https://krisha-photos.kcdn.online/webp/f1/f11cdbfa-b9de-4152-a51f-99e5f333eeed/10-full.jpg"", ""https://krisha-photos.kcdn.online/webp/f1/f11cdbfa-b9de-4152-a51f-99e5f333eeed/11-full.jpg"", ""https://krisha-photos.kcdn.online/webp/f1/f11cdbfa-b9de-4152-a51f-99e5f333eeed/13-full.jpg"", ""https://krisha-photos.kcdn.online/webp/f1/f11cdbfa-b9de-4152-a51f-99e5f333eeed/15-full.jpg"", ""https://krisha-photos.kcdn.online/webp/f1/f11cdbfa-b9de-4152-a51f-99e5f333eeed/17-full.jpg"", ""https://krisha-photos.kcdn.online/webp/f1/f11cdbfa-b9de-4152-a51f-99e5f333eeed/18-full.jpg"", ""https://krisha-photos.kcdn.online/webp/f1/f11cdbfa-b9de-4152-a51f-99e5f333eeed/19-full.jpg"", ""https://krisha-photos.kcdn.online/webp/f1/f11cdbfa-b9de-4152-a51f-99e5f333eeed/20-full.jpg"", ""https://krisha-photos.kcdn.online/webp/f1/f11cdbfa-b9de-4152-a51f-99e5f333eeed/21-full.jpg"", ""https://krisha-photos.kcdn.online/webp/f1/f11cdbfa-b9de-4152-a51f-99e5f333eeed/23-full.jpg"", ""https://krisha-photos.kcdn.online/webp/f1/f11cdbfa-b9de-4152-a51f-99e5f333eeed/24-full.jpg"", ""https://krisha-photos.kcdn.online/webp/f1/f11cdbfa-b9de-4152-a51f-99e5f333eeed/25-full.jpg"", ""https://krisha-photos.kcdn.online/webp/f1/f11cdbfa-b9de-4152-a51f-99e5f333eeed/26-full.jpg"", ""https://krisha-photos.kcdn.online/webp/f1/f11cdbfa-b9de-4152-a51f-99e5f333eeed/27-full.jpg"", ""https://krisha-photos.kcdn.online/webp/f1/f11cdbfa-b9de-4152-a51f-99e5f333eeed/28-full.jpg"", ""https://krisha-photos.kcdn.online/webp/f1/f11cdbfa-b9de-4152-a51f-99e5f333eeed/30-full.jpg"", ""https://krisha-photos.kcdn.online/webp/f1/f11cdbfa-b9de-4152-a51f-99e5f333eeed/31-full.jpg"", ""https://krisha-photos.kcdn.online/webp/f1/f11cdbfa-b9de-4152-a51f-99e5f333eeed/33-full.jpg"", ""https://krisha-photos.kcdn.online/webp/f1/f11cdbfa-b9de-4152-a51f-99e5f333eeed/36-full.jpg"", ""https://krisha-photos.kcdn.online/webp/f1/f11cdbfa-b9de-4152-a51f-99e5f333eeed/37-full.jpg"", ""https://krisha-photos.kcdn.online/webp/f1/f11cdbfa-b9de-4152-a51f-99e5f333eeed/38-full.jpg""]",38,2160ec294430585cc04b0f3d76bdbee980b84eabe601d06105a80d3e1825d9d2,,Садманов Жарбол,False,2026-08-06,2023-10-23,2026-08-06,live,2026-08-11T07:10:08+00:00,False,square_sanity,square_m2_too_high_hard (310 > 300)
1014130128,https://krisha.kz/a/show/1014130128,5-комнатная квартира · 325 м² · 18/20 этаж,2500000,за месяц,7692,5,325,18,20,Almaty_r-n,Astana,ul__Zhүmeken_Nәzhіmedenov,2,51.120175116684,71.456652800722,10194009,highvillgoldishim,Highvill Gold Ishim,полностью,"свежий ремонт, новая мебель",,,,,,"[""https://krisha-photos.kcdn.online/webp/1d/1df62548-37e9-4d2c-9b88-ec59424969a1/1-full.jpg"", ""https://krisha-photos.kcdn.online/webp/1d/1df62548-37e9-4d2c-9b88-ec59424969a1/2-full.jpg"", ""https://krisha-photos.kcdn.online/webp/1d/1df62548-37e9-4d2c-9b88-ec59424969a1/3-full.jpg"", ""https://krisha-photos.kcdn.online/webp/1d/1df62548-37e9-4d2c-9b88-ec59424969a1/4-full.jpg""]",4,b1ffb674cd63a1469446761f8b33ae0c683241c057f50af3f480986a2a0c1166,,PARK AVENUE ASTANA,False,2026-08-06,2026-07-21,2026-08-06,live,2026-08-11T07:10:08+00:00,False,square_sanity,square_m2_too_high_hard (325 > 300)
1000389962,https://krisha.kz/a/show/1000389962,5-комнатная квартира · 360 м² · 20/20 этаж,600000,за месяц,1667,5,360,20,20,Almaty_r-n,Astana,Kenesary,42/1,51.165572,71.43563,,,,полностью,"не новый, но аккуратный и чистый ремонт",,,,,"Пишите, на сайте или. Мы владельцы квартиры проживаем в данный момент не в стране. Квартира пентхаус, терраса 180 кв., прекрасный вид на город, охрана при въезде, консьерж. 1 месяц оплата на перед (как залог) при съезде возвращается. По договору на длительный срок

Дом ориентировочно находится возле Иманбаева","[""https://krisha-photos.kcdn.online/webp/06/06b8c967-6bbb-4a68-9f88-c69e0108998a/33-full.jpg"", ""https://krisha-photos.kcdn.online/webp/06/06b8c967-6bbb-4a68-9f88-c69e0108998a/27-full.jpg"", ""https://krisha-photos.kcdn.online/webp/06/06b8c967-6bbb-4a68-9f88-c69e0108998a/4-full.jpg"", ""https://krisha-photos.kcdn.online/webp/06/06b8c967-6bbb-4a68-9f88-c69e0108998a/5-full.jpg"", ""https://krisha-photos.kcdn.online/webp/06/06b8c967-6bbb-4a68-9f88-c69e0108998a/11-full.jpg"", ""https://krisha-photos.kcdn.online/webp/06/06b8c967-6bbb-4a68-9f88-c69e0108998a/12-full.jpg"", ""https://krisha-photos.kcdn.online/webp/06/06b8c967-6bbb-4a68-9f88-c69e0108998a/14-full.jpg"", ""https://krisha-photos.kcdn.online/webp/06/06b8c967-6bbb-4a68-9f88-c69e0108998a/16-full.jpg"", ""https://krisha-photos.kcdn.online/webp/06/06b8c967-6bbb-4a68-9f88-c69e0108998a/17-full.jpg"", ""https://krisha-photos.kcdn.online/webp/06/06b8c967-6bbb-4a68-9f88-c69e0108998a/18-full.jpg"", ""https://krisha-photos.kcdn.online/webp/06/06b8c967-6bbb-4a68-9f88-c69e0108998a/19-full.jpg"", ""https://krisha-photos.kcdn.online/webp/06/06b8c967-6bbb-4a68-9f88-c69e0108998a/20-full.jpg"", ""https://krisha-photos.kcdn.online/webp/06/06b8c967-6bbb-4a68-9f88-c69e0108998a/21-full.jpg"", ""https://krisha-photos.kcdn.online/webp/06/06b8c967-6bbb-4a68-9f88-c69e0108998a/22-full.jpg"", ""https://krisha-photos.kcdn.online/webp/06/06b8c967-6bbb-4a68-9f88-c69e0108998a/23-full.jpg"", ""https://krisha-photos.kcdn.online/webp/06/06b8c967-6bbb-4a68-9f88-c69e0108998a/25-full.jpg"", ""https://krisha-photos.kcdn.online/webp/06/06b8c967-6bbb-4a68-9f88-c69e0108998a/26-full.jpg"", ""https://krisha-photos.kcdn.online/webp/06/06b8c967-6bbb-4a68-9f88-c69e0108998a/28-full.jpg"", ""https://krisha-photos.kcdn.online/webp/06/06b8c967-6bbb-4a68-9f88-c69e0108998a/29-full.jpg"", ""https://krisha-photos.kcdn.online/webp/06/06b8c967-6bbb-4a68-9f88-c69e0108998a/30-full.jpg"", ""https://krisha-photos.kcdn.online/webp/06/06b8c967-6bbb-4a68-9f88-c69e0108998a/31-full.jpg"", ""https://krisha-photos.kcdn.online/webp/06/06b8c967-6bbb-4a68-9f88-c69e0108998a/32-full.jpg"", ""https://krisha-photos.kcdn.online/webp/06/06b8c967-6bbb-4a68-9f88-c69e0108998a/34-full.jpg"", ""https://krisha-photos.kcdn.online/webp/06/06b8c967-6bbb-4a68-9f88-c69e0108998a/35-full.jpg"", ""https://krisha-photos.kcdn.online/webp/06/06b8c967-6bbb-4a68-9f88-c69e0108998a/36-full.jpg"", ""https://krisha-photos.kcdn.online/webp/06/06b8c967-6bbb-4a68-9f88-c69e0108998a/37-full.jpg"", ""https://krisha-photos.kcdn.online/webp/06/06b8c967-6bbb-4a68-9f88-c69e0108998a/38-full.jpg"", ""https://krisha-photos.kcdn.online/webp/06/06b8c967-6bbb-4a68-9f88-c69e0108998a/39-full.jpg"", ""https://krisha-photos.kcdn.online/webp/06/06b8c967-6bbb-4a68-9f88-c69e0108998a/40-full.jpg""]",29,f48e12dcfc2740e8eaa223b558ffb14df98bba999950931d9960076cb6dd59f1,,Хозяин,False,2026-08-06,2025-04-04,2026-08-06,live,2026-08-11T07:10:08+00:00,False,square_sanity,square_m2_too_high_hard (360 > 300)
1011513589,https://krisha.kz/a/show/1011513589,5-комнатная квартира · 420 м²,2500000,за месяц,5952,5,420,6,,Nura_r-n,Astana,Shosse_Korgalzhyn,5,51.145551816567,71.40425579769,19901848,castlehouse,Castle House,полностью,,нет,,,,,"[""https://krisha-photos.kcdn.online/webp/f6/f642355b-200b-4137-9a0e-6937d2d3094b/14-full.jpg"", ""https://krisha-photos.kcdn.online/webp/f6/f642355b-200b-4137-9a0e-6937d2d3094b/12-full.jpg"", ""https://krisha-photos.kcdn.online/webp/f6/f642355b-200b-4137-9a0e-6937d2d3094b/13-full.jpg"", ""https://krisha-photos.kcdn.online/webp/f6/f642355b-200b-4137-9a0e-6937d2d3094b/15-full.jpg"", ""https://krisha-photos.kcdn.online/webp/f6/f642355b-200b-4137-9a0e-6937d2d3094b/16-full.jpg"", ""https://krisha-photos.kcdn.online/webp/f6/f642355b-200b-4137-9a0e-6937d2d3094b/17-full.jpg"", ""https://krisha-photos.kcdn.online/webp/f6/f642355b-200b-4137-9a0e-6937d2d3094b/18-full.jpg"", ""https://krisha-photos.kcdn.online/webp/f6/f642355b-200b-4137-9a0e-6937d2d3094b/19-full.jpg""]",8,b86b4f73aa932538749c2643e57a86dd795409b051e2232608ddd2846a116373,,"Аманжол Аяулым, компания «Продажа квартир»",False,2026-08-04,2026-04-20,2026-08-04,live,2026-08-09T06:42:53+00:00,False,square_sanity,square_m2_too_high_hard (420 > 300)
1010326597,https://krisha.kz/a/show/1010326597,5-комнатная квартира · 328 м² · 6/10 этаж,900000,за месяц,2744,5,328,6,10,Saryarka_r-n,Astana,Mambetova,10,51.160607,71.425003,,,,полностью,,,,,,"Сдается премиальная 5-комнатная квартира на Набережной реки Есиль, в центре Астана 
 
328 м² пространства, 6/10 этаж, панорамный вид на набережную — квартира для тех, кто ценит комфорт, тишину и статус. 
 
— 4 просторные спальни 
— 4 санузла 
— собственная сауна 
— огромная гостиная с видом на набережную 
— полностью меблирована 
— гардеробная и прачечная 
— видеонаблюдение 
— 1 квартира на площадке 
— паркоместо 
 
📍 Локация: район набережной, рядом с Военно-исторический музей Вооружённых сил Республики Казахстан и проспектом Проспект Республики. 
 
Депозит + коммунальные услуги (Коммунальные услуги 35-120 тыс тг) отдельно. 
Сдается на длительный срок порядочным арендаторам. 
 
📞 Показ по предварительной договоренности. 
Услуги агентства.","[""https://krisha-photos.kcdn.online/webp/3b/3b0d3446-45d0-4239-9a5b-eef49ac0fc49/1-full.jpg"", ""https://krisha-photos.kcdn.online/webp/3b/3b0d3446-45d0-4239-9a5b-eef49ac0fc49/2-full.jpg"", ""https://krisha-photos.kcdn.online/webp/3b/3b0d3446-45d0-4239-9a5b-eef49ac0fc49/3-full.jpg"", ""https://krisha-photos.kcdn.online/webp/3b/3b0d3446-45d0-4239-9a5b-eef49ac0fc49/4-full.jpg"", ""https://krisha-photos.kcdn.online/webp/3b/3b0d3446-45d0-4239-9a5b-eef49ac0fc49/5-full.jpg"", ""https://krisha-photos.kcdn.online/webp/3b/3b0d3446-45d0-4239-9a5b-eef49ac0fc49/6-full.jpg"", ""https://krisha-photos.kcdn.online/webp/3b/3b0d3446-45d0-4239-9a5b-eef49ac0fc49/7-full.jpg"", ""https://krisha-photos.kcdn.online/webp/3b/3b0d3446-45d0-4239-9a5b-eef49ac0fc49/8-full.jpg"", ""https://krisha-photos.kcdn.online/webp/3b/3b0d3446-45d0-4239-9a5b-eef49ac0fc49/9-full.jpg"", ""https://krisha-photos.kcdn.online/webp/3b/3b0d3446-45d0-4239-9a5b-eef49ac0fc49/10-full.jpg"", ""https://krisha-photos.kcdn.online/webp/3b/3b0d3446-45d0-4239-9a5b-eef49ac0fc49/11-full.jpg"", ""https://krisha-photos.kcdn.online/webp/3b/3b0d3446-45d0-4239-9a5b-eef49ac0fc49/12-full.jpg"", ""https://krisha-photos.kcdn.online/webp/3b/3b0d3446-45d0-4239-9a5b-eef49ac0fc49/13-full.jpg"", ""https://krisha-photos.kcdn.online/webp/3b/3b0d3446-45d0-4239-9a5b-eef49ac0fc49/14-full.jpg"", ""https://krisha-photos.kcdn.online/webp/3b/3b0d3446-45d0-4239-9a5b-eef49ac0fc49/15-full.jpg""]",15,51b6adf3ed0ab19d1b602244b3f23b643a22a0c9d8229ad904ac539ee7732cba,,"Танатарова Жанар, компания «""Luxury Life"" International Real Estate and Consultancy»",False,2026-07-31,2026-03-10,2026-07-31,live,2026-08-06T08:01:36+00:00,False,square_sanity,square_m2_too_high_hard (328 > 300)
1013362187,https://krisha.kz/a/show/1013362187,5-комнатная квартира · 403 м² · 17/20 этаж,1000000,за месяц,2481,5,403,17,20,Esilyskiy_r-n,Astana,Kabanbay_batyra,6/3,51.145755,71.424455,8477478,kaskad,Каскад,полностью,,нет,,,,"Сдается просторная 4-комнатная квартира площадью 403 м2 
Квартира полностью готова для комфортного проживания: имеется вся необходимая мебель и техника - кровати, диваны, телевизоры, ковры, шкафы, оборудованная кухня и многое другое. 
Преимущества: 
• Площадь - 403 м2 
• 4 санузла 
・2 балкона 
• Кондиционеры 
• Теплая и уютная квартира 
• Просторные комнаты с хорошим ремонтом 
• Большая гостиная для отдыха всей семьи 
• Полностью меблирована и оснащена бытовой техникой 
Подойдет для большой семьи, сотрудников компании или долгосрочного проживания. 
 
Стоимость аренды: 1 000 000 тенге в месяц. 
Заезд с 21.07 
По всем вопросам и для организации просмотра обращайтесь по телефону.","[""https://krisha-photos.kcdn.online/webp/fe/fe054275-98d9-4303-8058-e63aef31795e/1-full.jpg"", ""https://krisha-photos.kcdn.online/webp/fe/fe054275-98d9-4303-8058-e63aef31795e/2-full.jpg"", ""https://krisha-photos.kcdn.online/webp/fe/fe054275-98d9-4303-8058-e63aef31795e/3-full.jpg"", ""https://krisha-photos.kcdn.online/webp/fe/fe054275-98d9-4303-8058-e63aef31795e/4-full.jpg"", ""https://krisha-photos.kcdn.online/webp/fe/fe054275-98d9-4303-8058-e63aef31795e/5-full.jpg"", ""https://krisha-photos.kcdn.online/webp/fe/fe054275-98d9-4303-8058-e63aef31795e/6-full.jpg"", ""https://krisha-photos.kcdn.online/webp/fe/fe054275-98d9-4303-8058-e63aef31795e/7-full.jpg"", ""https://krisha-photos.kcdn.online/webp/fe/fe054275-98d9-4303-8058-e63aef31795e/8-full.jpg"", ""https://krisha-photos.kcdn.online/webp/fe/fe054275-98d9-4303-8058-e63aef31795e/9-full.jpg"", ""https://krisha-photos.kcdn.online/webp/fe/fe054275-98d9-4303-8058-e63aef31795e/10-full.jpg"", ""https://krisha-photos.kcdn.online/webp/fe/fe054275-98d9-4303-8058-e63aef31795e/11-full.jpg"", ""https://krisha-photos.kcdn.online/webp/fe/fe054275-98d9-4303-8058-e63aef31795e/12-full.jpg"", ""https://krisha-photos.kcdn.online/webp/fe/fe054275-98d9-4303-8058-e63aef31795e/13-full.jpg"", ""https://krisha-photos.kcdn.online/webp/fe/fe054275-98d9-4303-8058-e63aef31795e/14-full.jpg"", ""https://krisha-photos.kcdn.online/webp/fe/fe054275-98d9-4303-8058-e63aef31795e/15-full.jpg"", ""https://krisha-photos.kcdn.online/webp/fe/fe054275-98d9-4303-8058-e63aef31795e/16-full.jpg"", ""https://krisha-photos.kcdn.online/webp/fe/fe054275-98d9-4303-8058-e63aef31795e/17-full.jpg"", ""https://krisha-photos.kcdn.online/webp/fe/fe054275-98d9-4303-8058-e63aef31795e/18-full.jpg"", ""https://krisha-photos.kcdn.online/webp/fe/fe054275-98d9-4303-8058-e63aef31795e/19-full.jpg"", ""https://krisha-photos.kcdn.online/webp/fe/fe054275-98d9-4303-8058-e63aef31795e/20-full.jpg"", ""https://krisha-photos.kcdn.online/webp/fe/fe054275-98d9-4303-8058-e63aef31795e/21-full.jpg"", ""https://krisha-photos.kcdn.online/webp/fe/fe054275-98d9-4303-8058-e63aef31795e/22-full.jpg""]",22,f28cae91d71a9cf4a2a052f22a8dfb8c46c1c09851e4a072571c0654d5ede755,,"Алтынбеков Ильяс, компания «Royal Invest»",False,2026-08-02,2026-06-23,2026-08-02,live,2026-08-09T06:42:53+00:00,False,square_sanity,square_m2_too_high_hard (403 > 300)
1005211576,https://krisha.kz/a/show/1005211576,7-комнатная квартира · 450 м² · 4/8 этаж,2000000,за месяц,4444,7,450,4,8,Esilyskiy_r-n,Astana,Kunaeva,,51.12883309826,71.43578290607,8477344,nursaja,Нурсая,полностью,"не новый, но аккуратный и чистый ремонт",,,,,"Элитная 7-комнатная квартира в сердце города — с классическим интерьером и персональным доступом на этаж 
 
Сдаётся в аренду просторная 7-комнатная квартира с изысканным классическим ремонтом: 
✔️ натуральный паркет 
✔️ гипсовая лепнина 
✔️ качественная мебель — полностью меблирована, заезжай и живи 
 
🔹 5 санузлов — комфорт для большой семьи или персонала 
🔹 Персональный доступ на этаж напрямую из лифта 
🔹 Консьерж-сервис и круглосуточная охрана 
🔹 Изолированный двор с шлагбаумом для въезда только жильцов 
🔹 Современная детская площадка прямо во дворе 
🔹 Прогулочная зона с музыкальным фонтаном в шаговой доступности 
🔹 Рядом — Байтерек, ключевые объекты инфраструктуры 
 
Идеально подойдёт для семьи, ценящей комфорт, приватность и эстетику классического стиля. 
📍 Расположение — престижный район, центр города. 
 
💰 Условия аренды и фото — по запросу. 
📞 Звоните или пишите — с удовольствием организуем просмотр!

Дом ориентировочно находится возле Возле Байтерека","[""https://krisha-photos.kcdn.online/webp/a7/a71685bb-d432-448e-a3fd-ccca10822b3f/21-full.jpg"", ""https://krisha-photos.kcdn.online/webp/a7/a71685bb-d432-448e-a3fd-ccca10822b3f/8-full.jpg"", ""https://krisha-photos.kcdn.online/webp/a7/a71685bb-d432-448e-a3fd-ccca10822b3f/5-full.jpg"", ""https://krisha-photos.kcdn.online/webp/a7/a71685bb-d432-448e-a3fd-ccca10822b3f/6-full.jpg"", ""https://krisha-photos.kcdn.online/webp/a7/a71685bb-d432-448e-a3fd-ccca10822b3f/7-full.jpg"", ""https://krisha-photos.kcdn.online/webp/a7/a71685bb-d432-448e-a3fd-ccca10822b3f/9-full.jpg"", ""https://krisha-photos.kcdn.online/webp/a7/a71685bb-d432-448e-a3fd-ccca10822b3f/10-full.jpg"", ""https://krisha-photos.kcdn.online/webp/a7/a71685bb-d432-448e-a3fd-ccca10822b3f/11-full.jpg"", ""https://krisha-photos.kcdn.online/webp/a7/a71685bb-d432-448e-a3fd-ccca10822b3f/12-full.jpg"", ""https://krisha-photos.kcdn.online/webp/a7/a71685bb-d432-448e-a3fd-ccca10822b3f/13-full.jpg"", ""https://krisha-photos.kcdn.online/webp/a7/a71685bb-d432-448e-a3fd-ccca10822b3f/14-full.jpg"", ""https://krisha-photos.kcdn.online/webp/a7/a71685bb-d432-448e-a3fd-ccca10822b3f/15-full.jpg"", ""https://krisha-photos.kcdn.online/webp/a7/a71685bb-d432-448e-a3fd-ccca10822b3f/16-full.jpg"", ""https://krisha-photos.kcdn.online/webp/a7/a71685bb-d432-448e-a3fd-ccca10822b3f/17-full.jpg"", ""https://krisha-photos.kcdn.online/webp/a7/a71685bb-d432-448e-a3fd-ccca10822b3f/18-full.jpg"", ""https://krisha-photos.kcdn.online/webp/a7/a71685bb-d432-448e-a3fd-ccca10822b3f/19-full.jpg"", ""https://krisha-photos.kcdn.online/webp/a7/a71685bb-d432-448e-a3fd-ccca10822b3f/20-full.jpg"", ""https://krisha-photos.kcdn.online/webp/a7/a71685bb-d432-448e-a3fd-ccca10822b3f/22-full.jpg"", ""https://krisha-photos.kcdn.online/webp/a7/a71685bb-d432-448e-a3fd-ccca10822b3f/23-full.jpg"", ""https://krisha-photos.kcdn.online/webp/a7/a71685bb-d432-448e-a3fd-ccca10822b3f/24-full.jpg"", ""https://krisha-photos.kcdn.online/webp/a7/a71685bb-d432-448e-a3fd-ccca10822b3f/26-full.jpg"", ""https://krisha-photos.kcdn.online/webp/a7/a71685bb-d432-448e-a3fd-ccca10822b3f/27-full.jpg"", ""https://krisha-photos.kcdn.online/webp/a7/a71685bb-d432-448e-a3fd-ccca10822b3f/28-full.jpg"", ""https://krisha-photos.kcdn.online/webp/a7/a71685bb-d432-448e-a3fd-ccca10822b3f/29-full.jpg"", ""https://krisha-photos.kcdn.online/webp/a7/a71685bb-d432-448e-a3fd-ccca10822b3f/1-full.jpg"", ""https://krisha-photos.kcdn.online/webp/a7/a71685bb-d432-448e-a3fd-ccca10822b3f/2-full.jpg"", ""https://krisha-photos.kcdn.online/webp/a7/a71685bb-d432-448e-a3fd-ccca10822b3f/3-full.jpg"", ""https://krisha-photos.kcdn.online/webp/a7/a71685bb-d432-448e-a3fd-ccca10822b3f/4-full.jpg"", ""https://krisha-photos.kcdn.online/webp/a7/a71685bb-d432-448e-a3fd-ccca10822b3f/30-full.jpg"", ""https://krisha-photos.kcdn.online/webp/a7/a71685bb-d432-448e-a3fd-ccca10822b3f/31-full.jpg"", ""https://krisha-photos.kcdn.online/webp/a7/a71685bb-d432-448e-a3fd-ccca10822b3f/32-full.jpg"", ""https://krisha-photos.kcdn.online/webp/a7/a71685bb-d432-448e-a3fd-ccca10822b3f/33-full.jpg"", ""https://krisha-photos.kcdn.online/webp/a7/a71685bb-d432-448e-a3fd-ccca10822b3f/34-full.jpg"", ""https://krisha-photos.kcdn.online/webp/a7/a71685bb-d432-448e-a3fd-ccca10822b3f/35-full.jpg"", ""https://krisha-photos.kcdn.online/webp/a7/a71685bb-d432-448e-a3fd-ccca10822b3f/36-full.jpg"", ""https://krisha-photos.kcdn.online/webp/a7/a71685bb-d432-448e-a3fd-ccca10822b3f/37-full.jpg"", ""https://krisha-photos.kcdn.online/webp/a7/a71685bb-d432-448e-a3fd-ccca10822b3f/38-full.jpg"", ""https://krisha-photos.kcdn.online/webp/a7/a71685bb-d432-448e-a3fd-ccca10822b3f/39-full.jpg"", ""https://krisha-photos.kcdn.online/webp/a7/a71685bb-d432-448e-a3fd-ccca10822b3f/40-full.jpg""]",39,e07721f15d829141b8f10264a915318e9fba480200e05d3ea42dce59319ffdd7,,Хозяин,False,2026-08-04,2025-09-10,2026-08-04,live,2026-08-11T07:10:08+00:00,False,square_sanity,square_m2_too_high_hard (450 > 300)
1002773653,https://krisha.kz/a/show/1002773653,7-комнатная квартира · 320 м² · 7/9 этаж,900000,за месяц,2813,7,320,7,9,Saryarka_r-n,Astana,Mambetova,2\1,51.158772,71.427034,,,,полностью,"свежий ремонт, новая мебель",нет,,,,"Сердце столицы — всё в шаговой доступности! Арбат, Центральный парк, лучшие рестораны города, исторические достопримечательности и познавательные музеи. С балкона открывается живописный вид на реку Ишим. 
 
Каждое утро, распахнув окна и наслаждаясь чашкой ароматного кофе, вы будете ощущать свежий речной воздух. Здесь каждый день начинается с вдохновения, наполняет энергией и создает атмосферу, которая задает настроение для новых побед и ярких впечатлений.

Дом ориентировочно находится возле Набережная реки «Есиль», мост «Атырау»","[""https://krisha-photos.kcdn.online/webp/2b/2b93fcd3-f1ef-4849-9711-14e4336f06a4/38-full.jpg"", ""https://krisha-photos.kcdn.online/webp/2b/2b93fcd3-f1ef-4849-9711-14e4336f06a4/39-full.jpg"", ""https://krisha-photos.kcdn.online/webp/2b/2b93fcd3-f1ef-4849-9711-14e4336f06a4/40-full.jpg"", ""https://krisha-photos.kcdn.online/webp/2b/2b93fcd3-f1ef-4849-9711-14e4336f06a4/41-full.jpg"", ""https://krisha-photos.kcdn.online/webp/2b/2b93fcd3-f1ef-4849-9711-14e4336f06a4/42-full.jpg"", ""https://krisha-photos.kcdn.online/webp/2b/2b93fcd3-f1ef-4849-9711-14e4336f06a4/43-full.jpg"", ""https://krisha-photos.kcdn.online/webp/2b/2b93fcd3-f1ef-4849-9711-14e4336f06a4/44-full.jpg"", ""https://krisha-photos.kcdn.online/webp/2b/2b93fcd3-f1ef-4849-9711-14e4336f06a4/45-full.jpg"", ""https://krisha-photos.kcdn.online/webp/2b/2b93fcd3-f1ef-4849-9711-14e4336f06a4/46-full.jpg"", ""https://krisha-photos.kcdn.online/webp/2b/2b93fcd3-f1ef-4849-9711-14e4336f06a4/47-full.jpg"", ""https://krisha-photos.kcdn.online/webp/2b/2b93fcd3-f1ef-4849-9711-14e4336f06a4/48-full.jpg"", ""https://krisha-photos.kcdn.online/webp/2b/2b93fcd3-f1ef-4849-9711-14e4336f06a4/49-full.jpg"", ""https://krisha-photos.kcdn.online/webp/2b/2b93fcd3-f1ef-4849-9711-14e4336f06a4/50-full.jpg"", ""https://krisha-photos.kcdn.online/webp/2b/2b93fcd3-f1ef-4849-9711-14e4336f06a4/51-full.jpg"", ""https://krisha-photos.kcdn.online/webp/2b/2b93fcd3-f1ef-4849-9711-14e4336f06a4/52-full.jpg"", ""https://krisha-photos.kcdn.online/webp/2b/2b93fcd3-f1ef-4849-9711-14e4336f06a4/53-full.jpg"", ""https://krisha-photos.kcdn.online/webp/2b/2b93fcd3-f1ef-4849-9711-14e4336f06a4/54-full.jpg"", ""https://krisha-photos.kcdn.online/webp/2b/2b93fcd3-f1ef-4849-9711-14e4336f06a4/55-full.jpg"", ""https://krisha-photos.kcdn.online/webp/2b/2b93fcd3-f1ef-4849-9711-14e4336f06a4/56-full.jpg"", ""https://krisha-photos.kcdn.online/webp/2b/2b93fcd3-f1ef-4849-9711-14e4336f06a4/57-full.jpg"", ""https://krisha-photos.kcdn.online/webp/2b/2b93fcd3-f1ef-4849-9711-14e4336f06a4/58-full.jpg"", ""https://krisha-photos.kcdn.online/webp/2b/2b93fcd3-f1ef-4849-9711-14e4336f06a4/59-full.jpg"", ""https://krisha-photos.kcdn.online/webp/2b/2b93fcd3-f1ef-4849-9711-14e4336f06a4/60-full.jpg"", ""https://krisha-photos.kcdn.online/webp/2b/2b93fcd3-f1ef-4849-9711-14e4336f06a4/61-full.jpg"", ""https://krisha-photos.kcdn.online/webp/2b/2b93fcd3-f1ef-4849-9711-14e4336f06a4/62-full.jpg"", ""https://krisha-photos.kcdn.online/webp/2b/2b93fcd3-f1ef-4849-9711-14e4336f06a4/63-full.jpg""]",26,5f228b7dc27ccd328bf3eebcb742cd8a6d9d26348be89a87390ba81cbd421f37,,"Темербек Асхат, компания «GRAND company»",False,2026-07-30,2025-06-21,2026-07-30,live,2026-08-11T07:10:08+00:00,False,square_sanity,square_m2_too_high_hard (320 > 300)
1014363379,https://krisha.kz/a/show/1014363379,8-комнатная квартира · 400 м²,3000000,за месяц,7500,8,400,7,,Esilyskiy_r-n,Astana,Orynbor,23,51.110312697198,71.431194132015,8478538,yantarnyy,Янтарный,полностью,"свежий ремонт, новая мебель",,,,,,[],0,,,"Аманжол Аяулым, компания «Продажа квартир»",False,2026-08-01,2026-07-29,2026-08-01,live,2026-08-06T07:48:20+00:00,False,square_sanity,square_m2_too_high_hard (400 > 300)
1014131457,https://krisha.kz/a/show/1014131457,8-комнатная квартира · 520 м² · 4/5 этаж,3000000,за месяц,5769,8,520,4,5,Esilyskiy_r-n,Astana,Karashash_ana,31,51.142010370368,71.396944771289,8477624,grin-viladzh,Green Village,полностью,"свежий ремонт, новая мебель",,,,,,"[""https://krisha-photos.kcdn.online/webp/17/17299910-3920-4f61-b671-3f282b895263/20-full.jpg"", ""https://krisha-photos.kcdn.online/webp/17/17299910-3920-4f61-b671-3f282b895263/21-full.jpg"", ""https://krisha-photos.kcdn.online/webp/17/17299910-3920-4f61-b671-3f282b895263/11-full.jpg"", ""https://krisha-photos.kcdn.online/webp/17/17299910-3920-4f61-b671-3f282b895263/13-full.jpg"", ""https://krisha-photos.kcdn.online/webp/17/17299910-3920-4f61-b671-3f282b895263/14-full.jpg"", ""https://krisha-photos.kcdn.online/webp/17/17299910-3920-4f61-b671-3f282b895263/15-full.jpg"", ""https://krisha-photos.kcdn.online/webp/17/17299910-3920-4f61-b671-3f282b895263/16-full.jpg"", ""https://krisha-photos.kcdn.online/webp/17/17299910-3920-4f61-b671-3f282b895263/17-full.jpg"", ""https://krisha-photos.kcdn.online/webp/17/17299910-3920-4f61-b671-3f282b895263/18-full.jpg"", ""https://krisha-photos.kcdn.online/webp/17/17299910-3920-4f61-b671-3f282b895263/19-full.jpg"", ""https://krisha-photos.kcdn.online/webp/17/17299910-3920-4f61-b671-3f282b895263/12-full.jpg""]",11,f60018f9e581a3fa5b28c8ae9cdf7b01948460023e8d1dc3818550144dc0cbcc,,PARK AVENUE ASTANA,False,2026-08-06,2026-07-21,2026-08-06,live,2026-08-11T07:10:08+00:00,False,square_sanity,square_m2_too_high_hard (520 > 300)
1013938324,https://krisha.kz/a/show/1013938324,8-комнатная квартира · 360 м² · 10/31 этаж,3000000,за месяц,8333,8,360,10,31,Sarayshyk_r-n,Astana,Ahmet_Baytursynuly,9,51.126162041012,71.466343246092,8477146,hajvil-astana,Хайвил Астана,полностью,,нет,,,,"⭐⭐⭐⭐⭐ • Brand NEW Luxury Apartment in Highvill AStana🏢 Block – F • квартира класса – люкс, на длительный срок, в престижном районе города • полностью меблирована • вся бытовая и оргтехника в отличном состоянии😊 • 5 санузла • сауна • паркинг • не угловая • умный дом премиум класса • в новом проекте (блоке-F) нашло свое воплощение всё самое лучшее от предыдущих блоков • начиная со входа позаботились о вашей безопасности • со стойкой ресепшн /reception/ • местом для отдыха и встречи посетителей • управление всей квартирой с помощью Digital Home Network SyStem (сенсорного WAll-pad) • Green Smart SуStem • обеспечивающая экономию э/энергии и воды • регулируемые теплые полы • встроенные гардеробные шкафы • встроенная кухня • электроплита с духовкой • встроенный холодильник • вытяжка • посудомоечная машина • водяной фильтр • электро-биде • высокоскоростной Wi-Fi интернет • система защиты всей квартиры • датчик движения • цифровой замок • видео наблюдение • видеодомофон с функцией вызова лифта из квартиры • весь комплекс круглосуточно охраняется • Расположение как жилого комплекса, так и самой квартиры • шикарный панорамный вид из окна • рядом с комплексом - Президентский парк и Дворец Мира и согласия (Пирамида) • развитая инфраструктура системы One Step • вся полноценная жизнь в шаговой доступности внутри одного комплекса – фитнесс-центр с сауной • бассейном и тренажерным залом • Shopping Street • улица с бутиками и магазинами • кафе • детские площадки с антиударным защитным покрытием • скверы • детский сад и другие предприятия социального быта и сервиса • 3-уровненный отапливаемый паркинг • вход только для жителей комплекса по магнитной карточке • прекрасно благоустроенная территория • детские игровые площадки • прогулочные аллеи • рядом столичный парк с неповторимым пейзажем🌳🌳🌳🌲🌲🌿🌿🌿, который создает неповторимую атмосферу уюта • очень теплая • уютная • СОЛНЕЧНАЯ КВАРТИРА ЖДЕТ ВАС! • С Уважением, специалист по недвижимости NUR-KOZHA👍

Дом ориентировочно находится возле Блок-F","[""https://krisha-photos.kcdn.online/webp/3d/3d75b46c-5edc-42ae-afa8-c9ac36e20708/1-full.jpg"", ""https://krisha-photos.kcdn.online/webp/3d/3d75b46c-5edc-42ae-afa8-c9ac36e20708/2-full.jpg"", ""https://krisha-photos.kcdn.online/webp/3d/3d75b46c-5edc-42ae-afa8-c9ac36e20708/3-full.jpg"", ""https://krisha-photos.kcdn.online/webp/3d/3d75b46c-5edc-42ae-afa8-c9ac36e20708/4-full.jpg"", ""https://krisha-photos.kcdn.online/webp/3d/3d75b46c-5edc-42ae-afa8-c9ac36e20708/5-full.jpg"", ""https://krisha-photos.kcdn.online/webp/3d/3d75b46c-5edc-42ae-afa8-c9ac36e20708/6-full.jpg""]",6,bd8e786a21e0fdc931532ffe06a7a028ca6c2cc3752d10fbdc338822c0c4593e,,ASTANA ELITE,True,2026-08-03,2026-07-14,2026-08-03,live,2026-08-09T06:42:53+00:00,False,square_sanity,square_m2_too_high_hard (360 > 300)
1008500495,https://krisha.kz/a/show/1008500495,8-комнатная квартира · 365 м² · 11/31 этаж,3800000,за месяц,10411,8,365,11,31,Sarayshyk_r-n,Astana,Ahmet_Baytursynuly,9,51.125857635286,71.466389992586,8477146,hajvil-astana,Хайвил Астана,полностью,,нет,,,,"🏛 9-комнатная квартира в элитном жилом комплексе премиум класса в Астане. 
 
Предлагается в аренду уникальная 9-комнатная квартира в одном из самых статусных жилых комплексов Астаны. 
ЖК “Highvill Astana “ блок F 
Идеальный вариант для дипломатической миссии, топ-менеджмента, представительства международной компании или большой семьи, ценящей комфорт и приватность. 
 
⸻ 
 
✨ О квартире 
 
▪️ Просторная гостиная с видом на парк. 
▪️ Отдельная столовая зона 
▪️ Кабинет / библиотека 
▪️ Несколько спален с индивидуальными санузлами и саунами 
▪️ Гардеробные комнаты 
▪️ Гостевые санузлы 
▪️ Хозяйственная зона 
 
⸻ 
 
🛠 Ремонт и оснащение 
 
✔️ Дизайнерский ремонт с использованием дорогих и натуральных материалов 
✔️ Полностью укомплектована мебелью премиум-класса 
✔️ Встроенная техника ведущих мировых брендов 
✔️ Климат-контроль, система кондиционирования 
✔️ Тёплые полы, качественная шумоизоляция 
✔️ Всё готово для комфортного проживания — заезжай и живи 
 
⸻ 
 
🏢 О жилом комплексе 
 
🔹 Закрытая охраняемая территория 
🔹 Консьерж-сервис 24/7 
🔹 Подземный паркинг 
🔹 Видеонаблюдение 
🔹 Престижное окружение и развитая инфраструктура 
 
⸻ 
 
📌 Условия аренды 
 
▪️ Долгосрочно 
▪️ Рассматриваются платёжеспособные и статусные арендаторы 
▪️ Депозит обязателен 
▪️ Дополнительные условия — по договорённости 
 
⸻ 
 
📩 Подробности, фото и просмотр — по запросу. 
Квартира соответствует самым высоким стандартам элитной недвижимости.

Дом ориентировочно находится возле Пирамида, Хазрет султан","[""https://krisha-photos.kcdn.online/webp/2f/2ffd4452-194d-4d3c-a07a-30e9e3671062/14-full.jpg"", ""https://krisha-photos.kcdn.online/webp/2f/2ffd4452-194d-4d3c-a07a-30e9e3671062/1-full.jpg"", ""https://krisha-photos.kcdn.online/webp/2f/2ffd4452-194d-4d3c-a07a-30e9e3671062/2-full.jpg"", ""https://krisha-photos.kcdn.online/webp/2f/2ffd4452-194d-4d3c-a07a-30e9e3671062/3-full.jpg"", ""https://krisha-photos.kcdn.online/webp/2f/2ffd4452-194d-4d3c-a07a-30e9e3671062/4-full.jpg"", ""https://krisha-photos.kcdn.online/webp/2f/2ffd4452-194d-4d3c-a07a-30e9e3671062/5-full.jpg"", ""https://krisha-photos.kcdn.online/webp/2f/2ffd4452-194d-4d3c-a07a-30e9e3671062/6-full.jpg"", ""https://krisha-photos.kcdn.online/webp/2f/2ffd4452-194d-4d3c-a07a-30e9e3671062/7-full.jpg"", ""https://krisha-photos.kcdn.online/webp/2f/2ffd4452-194d-4d3c-a07a-30e9e3671062/8-full.jpg"", ""https://krisha-photos.kcdn.online/webp/2f/2ffd4452-194d-4d3c-a07a-30e9e3671062/9-full.jpg"", ""https://krisha-photos.kcdn.online/webp/2f/2ffd4452-194d-4d3c-a07a-30e9e3671062/10-full.jpg"", ""https://krisha-photos.kcdn.online/webp/2f/2ffd4452-194d-4d3c-a07a-30e9e3671062/11-full.jpg"", ""https://krisha-photos.kcdn.online/webp/2f/2ffd4452-194d-4d3c-a07a-30e9e3671062/12-full.jpg"", ""https://krisha-photos.kcdn.online/webp/2f/2ffd4452-194d-4d3c-a07a-30e9e3671062/13-full.jpg"", ""https://krisha-photos.kcdn.online/webp/2f/2ffd4452-194d-4d3c-a07a-30e9e3671062/15-full.jpg"", ""https://krisha-photos.kcdn.online/webp/2f/2ffd4452-194d-4d3c-a07a-30e9e3671062/16-full.jpg"", ""https://krisha-photos.kcdn.online/webp/2f/2ffd4452-194d-4d3c-a07a-30e9e3671062/17-full.jpg"", ""https://krisha-photos.kcdn.online/webp/2f/2ffd4452-194d-4d3c-a07a-30e9e3671062/18-full.jpg"", ""https://krisha-photos.kcdn.online/webp/2f/2ffd4452-194d-4d3c-a07a-30e9e3671062/19-full.jpg"", ""https://krisha-photos.kcdn.online/webp/2f/2ffd4452-194d-4d3c-a07a-30e9e3671062/20-full.jpg"", ""https://krisha-photos.kcdn.online/webp/2f/2ffd4452-194d-4d3c-a07a-30e9e3671062/21-full.jpg""]",21,81cb7fc17a9a555dce1a7ff2f8cac5e5412addedc07041fdca5dac7f2d1ca8fb,,"Анара Кабимолдина, компания « Панорама Group»",False,2026-08-01,2026-01-06,2026-08-01,live,2026-08-06T07:47:12+00:00,False,square_sanity,square_m2_too_high_hard (365 > 300)
1014610887,https://krisha.kz/a/show/1014610887,6-комнатная квартира · 500 м² · 1/4 этаж,3000000,за месяц,6000,6,500,1,4,Esilyskiy_r-n,Astana,"Kerey,_Zhanibek_handar",8a,51.09849836763,71.458449426174,8708954,vip-gorodok-saranda,Vip-городок Saranda,полностью,"свежий ремонт, новая мебель",нет,,,,"Умный дом. 
Алиса 
Паркинг 
Гараж 
Полностью меблированная на длительный срок.",[],0,,,Хозяин,False,2026-08-09,2026-08-07,2026-08-09,live,2026-08-11T07:10:08+00:00,False,square_sanity,square_m2_too_high_hard (500 > 300)
1003273785,https://krisha.kz/a/show/1003273785,6-комнатная квартира · 305 м²,2500000,за месяц,8197,6,305,9,,Esilyskiy_r-n,Astana,Turan,3,51.153162317487,71.410188674927,8661668,central-park,Central Park,полностью,"свежий ремонт, новая мебель",нет,,,,,"[""https://krisha-photos.kcdn.online/webp/bf/bfabed5e-37bd-4325-9605-db81f50be42d/10-full.jpg"", ""https://krisha-photos.kcdn.online/webp/bf/bfabed5e-37bd-4325-9605-db81f50be42d/1-full.jpg"", ""https://krisha-photos.kcdn.online/webp/bf/bfabed5e-37bd-4325-9605-db81f50be42d/2-full.jpg"", ""https://krisha-photos.kcdn.online/webp/bf/bfabed5e-37bd-4325-9605-db81f50be42d/3-full.jpg"", ""https://krisha-photos.kcdn.online/webp/bf/bfabed5e-37bd-4325-9605-db81f50be42d/4-full.jpg"", ""https://krisha-photos.kcdn.online/webp/bf/bfabed5e-37bd-4325-9605-db81f50be42d/5-full.jpg"", ""https://krisha-photos.kcdn.online/webp/bf/bfabed5e-37bd-4325-9605-db81f50be42d/6-full.jpg"", ""https://krisha-photos.kcdn.online/webp/bf/bfabed5e-37bd-4325-9605-db81f50be42d/7-full.jpg"", ""https://krisha-photos.kcdn.online/webp/bf/bfabed5e-37bd-4325-9605-db81f50be42d/8-full.jpg"", ""https://krisha-photos.kcdn.online/webp/bf/bfabed5e-37bd-4325-9605-db81f50be42d/9-full.jpg"", ""https://krisha-photos.kcdn.online/webp/bf/bfabed5e-37bd-4325-9605-db81f50be42d/11-full.jpg"", ""https://krisha-photos.kcdn.online/webp/bf/bfabed5e-37bd-4325-9605-db81f50be42d/12-full.jpg"", ""https://krisha-photos.kcdn.online/webp/bf/bfabed5e-37bd-4325-9605-db81f50be42d/13-full.jpg""]",13,dae597620d7b444732e6388e3c082cead3343f537ac07201662f8aadfdbde3d8,,Садманов Жарбол,False,2026-08-06,2025-07-08,2026-08-06,live,2026-08-11T07:10:08+00:00,False,square_sanity,square_m2_too_high_hard (305 > 300)
1014552941,https://krisha.kz/a/show/1014552941,6-комнатная квартира · 320 м²,3500000,за месяц,10938,6,320,,,Esilyskiy_r-n,Astana,Sarykengir,2,51.144303,71.447767,,,,полностью,,нет,,,,"Сдается 3-этажный Таунхаус с собственным зем участком. На длительный срок. Приватный благоустроенный двор. 
Престижный микрорайон Ак-Булак. 
Шикарная и топовая локация 
Частная закрытая охраняемая территория. 
Круглосуточная охрана 
Встроенный гараж, собственная сауна хамам и сад в тихом районе города. 
Таунхаус выполнен из качественных и дорогих материалов. Дом кирпичный. Зимой очень тепло, летом прохладно. 
Центральные коммуникации - канализация, отопление, водопровод, все центральное. Выгодная оплата коммунальных услуг. 
Выполнен дорогой, качественный ремонт с использованием премиальных материалов, сантехника и техника класса люкс. 
Окна из чистого дерева, производство Германия. 
Двери из дерево, бразильский орех по индивидуальному заказу. 
На полу мрамор и паркет. 
Просторная гостиная с большими окнами, прекрасным видом и отличным освещением 
Шикарная лестница из мрамора с дизайнерской подсветкой 
 
Звоните, чтобы узнать подробности и записаться на просмотр! При заключений договора взимается страховой депозит который возвращается по окончании срока договора аренды. Оплата 3 500 000 тыс в месяц, Аренда без комм услуги (т. е. за комм услиги платить не нужно). Депозит в размере стоимости аренды. Звоните! Субаренду не рассматриваем!

Дом ориентировочно находится возле ТАУНХАУС","[""https://krisha-photos.kcdn.online/webp/ee/ee343c93-5cef-4df7-a154-d5b191ed0ddb/1-full.jpg"", ""https://krisha-photos.kcdn.online/webp/ee/ee343c93-5cef-4df7-a154-d5b191ed0ddb/2-full.jpg"", ""https://krisha-photos.kcdn.online/webp/ee/ee343c93-5cef-4df7-a154-d5b191ed0ddb/3-full.jpg"", ""https://krisha-photos.kcdn.online/webp/ee/ee343c93-5cef-4df7-a154-d5b191ed0ddb/4-full.jpg"", ""https://krisha-photos.kcdn.online/webp/ee/ee343c93-5cef-4df7-a154-d5b191ed0ddb/5-full.jpg"", ""https://krisha-photos.kcdn.online/webp/ee/ee343c93-5cef-4df7-a154-d5b191ed0ddb/6-full.jpg"", ""https://krisha-photos.kcdn.online/webp/ee/ee343c93-5cef-4df7-a154-d5b191ed0ddb/7-full.jpg"", ""https://krisha-photos.kcdn.online/webp/ee/ee343c93-5cef-4df7-a154-d5b191ed0ddb/8-full.jpg"", ""https://krisha-photos.kcdn.online/webp/ee/ee343c93-5cef-4df7-a154-d5b191ed0ddb/9-full.jpg"", ""https://krisha-photos.kcdn.online/webp/ee/ee343c93-5cef-4df7-a154-d5b191ed0ddb/10-full.jpg"", ""https://krisha-photos.kcdn.online/webp/ee/ee343c93-5cef-4df7-a154-d5b191ed0ddb/11-full.jpg"", ""https://krisha-photos.kcdn.online/webp/ee/ee343c93-5cef-4df7-a154-d5b191ed0ddb/12-full.jpg"", ""https://krisha-photos.kcdn.online/webp/ee/ee343c93-5cef-4df7-a154-d5b191ed0ddb/13-full.jpg"", ""https://krisha-photos.kcdn.online/webp/ee/ee343c93-5cef-4df7-a154-d5b191ed0ddb/14-full.jpg"", ""https://krisha-photos.kcdn.online/webp/ee/ee343c93-5cef-4df7-a154-d5b191ed0ddb/15-full.jpg"", ""https://krisha-photos.kcdn.online/webp/ee/ee343c93-5cef-4df7-a154-d5b191ed0ddb/16-full.jpg"", ""https://krisha-photos.kcdn.online/webp/ee/ee343c93-5cef-4df7-a154-d5b191ed0ddb/17-full.jpg"", ""https://krisha-photos.kcdn.online/webp/ee/ee343c93-5cef-4df7-a154-d5b191ed0ddb/18-full.jpg"", ""https://krisha-photos.kcdn.online/webp/ee/ee343c93-5cef-4df7-a154-d5b191ed0ddb/19-full.jpg"", ""https://krisha-photos.kcdn.online/webp/ee/ee343c93-5cef-4df7-a154-d5b191ed0ddb/20-full.jpg"", ""https://krisha-photos.kcdn.online/webp/ee/ee343c93-5cef-4df7-a154-d5b191ed0ddb/21-full.jpg"", ""https://krisha-photos.kcdn.online/webp/ee/ee343c93-5cef-4df7-a154-d5b191ed0ddb/22-full.jpg"", ""https://krisha-photos.kcdn.online/webp/ee/ee343c93-5cef-4df7-a154-d5b191ed0ddb/23-full.jpg"", ""https://krisha-photos.kcdn.online/webp/ee/ee343c93-5cef-4df7-a154-d5b191ed0ddb/24-full.jpg"", ""https://krisha-photos.kcdn.online/webp/ee/ee343c93-5cef-4df7-a154-d5b191ed0ddb/25-full.jpg"", ""https://krisha-photos.kcdn.online/webp/ee/ee343c93-5cef-4df7-a154-d5b191ed0ddb/26-full.jpg"", ""https://krisha-photos.kcdn.online/webp/ee/ee343c93-5cef-4df7-a154-d5b191ed0ddb/27-full.jpg"", ""https://krisha-photos.kcdn.online/webp/ee/ee343c93-5cef-4df7-a154-d5b191ed0ddb/28-full.jpg"", ""https://krisha-photos.kcdn.online/webp/ee/ee343c93-5cef-4df7-a154-d5b191ed0ddb/29-full.jpg"", ""https://krisha-photos.kcdn.online/webp/ee/ee343c93-5cef-4df7-a154-d5b191ed0ddb/30-full.jpg"", ""https://krisha-photos.kcdn.online/webp/ee/ee343c93-5cef-4df7-a154-d5b191ed0ddb/31-full.jpg"", ""https://krisha-photos.kcdn.online/webp/ee/ee343c93-5cef-4df7-a154-d5b191ed0ddb/32-full.jpg"", ""https://krisha-photos.kcdn.online/webp/ee/ee343c93-5cef-4df7-a154-d5b191ed0ddb/33-full.jpg"", ""https://krisha-photos.kcdn.online/webp/ee/ee343c93-5cef-4df7-a154-d5b191ed0ddb/34-full.jpg"", ""https://krisha-photos.kcdn.online/webp/ee/ee343c93-5cef-4df7-a154-d5b191ed0ddb/35-full.jpg"", ""https://krisha-photos.kcdn.online/webp/ee/ee343c93-5cef-4df7-a154-d5b191ed0ddb/36-full.jpg"", ""https://krisha-photos.kcdn.online/webp/ee/ee343c93-5cef-4df7-a154-d5b191ed0ddb/37-full.jpg"", ""https://krisha-photos.kcdn.online/webp/ee/ee343c93-5cef-4df7-a154-d5b191ed0ddb/38-full.jpg"", ""https://krisha-photos.kcdn.online/webp/ee/ee343c93-5cef-4df7-a154-d5b191ed0ddb/39-full.jpg"", ""https://krisha-photos.kcdn.online/webp/ee/ee343c93-5cef-4df7-a154-d5b191ed0ddb/40-full.jpg"", ""https://krisha-photos.kcdn.online/webp/ee/ee343c93-5cef-4df7-a154-d5b191ed0ddb/41-full.jpg"", ""https://krisha-photos.kcdn.online/webp/ee/ee343c93-5cef-4df7-a154-d5b191ed0ddb/42-full.jpg"", ""https://krisha-photos.kcdn.online/webp/ee/ee343c93-5cef-4df7-a154-d5b191ed0ddb/43-full.jpg"", ""https://krisha-photos.kcdn.online/webp/ee/ee343c93-5cef-4df7-a154-d5b191ed0ddb/44-full.jpg"", ""https://krisha-photos.kcdn.online/webp/ee/ee343c93-5cef-4df7-a154-d5b191ed0ddb/45-full.jpg"", ""https://krisha-photos.kcdn.online/webp/ee/ee343c93-5cef-4df7-a154-d5b191ed0ddb/46-full.jpg""]",46,9c5d5c468850ebf8f8ce139f51c8b3c0033062fdff8fcd3e0876e5b5a3e2a757,,Рахметова Бижамал,True,2026-08-05,2026-08-05,2026-08-05,live,2026-08-09T06:42:53+00:00,False,square_sanity,square_m2_too_high_hard (320 > 300)
1014312161,https://krisha.kz/a/show/1014312161,6-комнатная квартира · 403 м² · 17/20 этаж,1000000,за месяц,2481,6,403,17,20,Esilyskiy_r-n,Astana,Kabanbay_batyra,6/3,51.145797514675,71.424350110659,8477478,kaskad,Каскад,полностью,"не новый, но аккуратный и чистый ремонт",,,,,"Сдается просторная 4-комнатная квартира площадью 403 м². 
 
Квартира полностью готова для комфортного проживания: имеется вся необходимая мебель и техника — кровати, диваны, телевизоры, ковры, шкафы, оборудованная кухня и многое другое. 
 
Преимущества: 
• Площадь — 403 м² 
• 4 санузла 
• 2 балкона 
• Кондиционеры 
• Теплая и уютная квартира 
• Просторные комнаты с качественным ремонтом 
• Большая гостиная для отдыха всей семьи 
• Полностью меблирована и оснащена бытовой техникой 
 
Подойдет для большой семьи, сотрудников компании или долгосрочного проживания. 
 
Стоимость аренды: 1 000 000 тенге в месяц С ПАРКИНГОМ 
 
По всем вопросам и для организации просмотра обращайтесь по телефону.","[""https://krisha-photos.kcdn.online/webp/5a/5a2313a0-81d8-4a38-8d81-c5b4586989c9/1-full.jpg"", ""https://krisha-photos.kcdn.online/webp/5a/5a2313a0-81d8-4a38-8d81-c5b4586989c9/2-full.jpg"", ""https://krisha-photos.kcdn.online/webp/5a/5a2313a0-81d8-4a38-8d81-c5b4586989c9/3-full.jpg"", ""https://krisha-photos.kcdn.online/webp/5a/5a2313a0-81d8-4a38-8d81-c5b4586989c9/4-full.jpg"", ""https://krisha-photos.kcdn.online/webp/5a/5a2313a0-81d8-4a38-8d81-c5b4586989c9/5-full.jpg"", ""https://krisha-photos.kcdn.online/webp/5a/5a2313a0-81d8-4a38-8d81-c5b4586989c9/6-full.jpg"", ""https://krisha-photos.kcdn.online/webp/5a/5a2313a0-81d8-4a38-8d81-c5b4586989c9/7-full.jpg"", ""https://krisha-photos.kcdn.online/webp/5a/5a2313a0-81d8-4a38-8d81-c5b4586989c9/8-full.jpg"", ""https://krisha-photos.kcdn.online/webp/5a/5a2313a0-81d8-4a38-8d81-c5b4586989c9/9-full.jpg"", ""https://krisha-photos.kcdn.online/webp/5a/5a2313a0-81d8-4a38-8d81-c5b4586989c9/10-full.jpg"", ""https://krisha-photos.kcdn.online/webp/5a/5a2313a0-81d8-4a38-8d81-c5b4586989c9/11-full.jpg"", ""https://krisha-photos.kcdn.online/webp/5a/5a2313a0-81d8-4a38-8d81-c5b4586989c9/12-full.jpg"", ""https://krisha-photos.kcdn.online/webp/5a/5a2313a0-81d8-4a38-8d81-c5b4586989c9/13-full.jpg"", ""https://krisha-photos.kcdn.online/webp/5a/5a2313a0-81d8-4a38-8d81-c5b4586989c9/14-full.jpg"", ""https://krisha-photos.kcdn.online/webp/5a/5a2313a0-81d8-4a38-8d81-c5b4586989c9/15-full.jpg"", ""https://krisha-photos.kcdn.online/webp/5a/5a2313a0-81d8-4a38-8d81-c5b4586989c9/16-full.jpg"", ""https://krisha-photos.kcdn.online/webp/5a/5a2313a0-81d8-4a38-8d81-c5b4586989c9/17-full.jpg"", ""https://krisha-photos.kcdn.online/webp/5a/5a2313a0-81d8-4a38-8d81-c5b4586989c9/18-full.jpg"", ""https://krisha-photos.kcdn.online/webp/5a/5a2313a0-81d8-4a38-8d81-c5b4586989c9/19-full.jpg"", ""https://krisha-photos.kcdn.online/webp/5a/5a2313a0-81d8-4a38-8d81-c5b4586989c9/20-full.jpg"", ""https://krisha-photos.kcdn.online/webp/5a/5a2313a0-81d8-4a38-8d81-c5b4586989c9/21-full.jpg"", ""https://krisha-photos.kcdn.online/webp/5a/5a2313a0-81d8-4a38-8d81-c5b4586989c9/22-full.jpg"", ""https://krisha-photos.kcdn.online/webp/5a/5a2313a0-81d8-4a38-8d81-c5b4586989c9/23-full.jpg"", ""https://krisha-photos.kcdn.online/webp/5a/5a2313a0-81d8-4a38-8d81-c5b4586989c9/24-full.jpg"", ""https://krisha-photos.kcdn.online/webp/5a/5a2313a0-81d8-4a38-8d81-c5b4586989c9/25-full.jpg"", ""https://krisha-photos.kcdn.online/webp/5a/5a2313a0-81d8-4a38-8d81-c5b4586989c9/26-full.jpg"", ""https://krisha-photos.kcdn.online/webp/5a/5a2313a0-81d8-4a38-8d81-c5b4586989c9/27-full.jpg"", ""https://krisha-photos.kcdn.online/webp/5a/5a2313a0-81d8-4a38-8d81-c5b4586989c9/28-full.jpg"", ""https://krisha-photos.kcdn.online/webp/5a/5a2313a0-81d8-4a38-8d81-c5b4586989c9/29-full.jpg""]",29,e50c1a35718477cc0fcd5029cf88df2edaaefe5ec1952b076d73926e624d9002,,Хозяин,False,2026-08-03,2026-07-27,2026-08-03,live,2026-08-11T07:10:08+00:00,False,square_sanity,square_m2_too_high_hard (403 > 300)
1012456308,https://krisha.kz/a/show/1012456308,6-комнатная квартира · 340 м² · 1/2 этаж,3000000,за месяц,8824,6,340,1,2,Esilyskiy_r-n,Astana,Ұly_Dala,23,51.092109962758,71.431902012118,8478486,bi-village-kg,Bi Village,полностью,"свежий ремонт, новая мебель",,,,,,"[""https://krisha-photos.kcdn.online/webp/46/464f660b-83e2-4e57-a83d-89ec91b50814/1-full.jpg"", ""https://krisha-photos.kcdn.online/webp/46/464f660b-83e2-4e57-a83d-89ec91b50814/2-full.jpg"", ""https://krisha-photos.kcdn.online/webp/46/464f660b-83e2-4e57-a83d-89ec91b50814/3-full.jpg"", ""https://krisha-photos.kcdn.online/webp/46/464f660b-83e2-4e57-a83d-89ec91b50814/4-full.jpg"", ""https://krisha-photos.kcdn.online/webp/46/464f660b-83e2-4e57-a83d-89ec91b50814/5-full.jpg""]",5,c724189932df89524955c9065d38a6cb1325a9b7277132c3dd71155922090914,,PARK AVENUE ASTANA,False,2026-08-07,2026-05-22,2026-08-07,live,2026-08-11T07:10:08+00:00,False,square_sanity,square_m2_too_high_hard (340 > 300)
1013896307,https://krisha.kz/a/show/1013896307,9-комнатная квартира · 400 м²,2200000,за месяц,5500,9,400,3,,Almaty_r-n,Astana,Sarykengir,2,51.144303,71.447767,,,,полностью,"свежий ремонт, новая мебель",,,,,"Сдаем танхаус в ак булак -2, центральное отопление коммуникации !коммуналка не большая. загороженный дом приватная зона в центре города удобная локация рядом триатлон парк набережная 
дом на 6 хозяев 3 этажный 5 соток земли свой участок, имеется собственный гараж беседка мангальная барбекю зона, сауна. в каждой спальне свой гардероб большие сан узлы 
В квартире Балконы лоджии, настоящий камин высота потолков 4, 5 м дорогой ремонт роскошная элитная мебель техника встроенный пылесос умный дом круглосуточная живая охрана закрытая территория по всем вопросам звоните пишите сдаем на длительный срок в связи с переездом !

Дом ориентировочно находится возле Акбулак -2","[""https://krisha-photos.kcdn.online/webp/69/6913814c-a2cd-4b04-94e9-7727fb0a9837/1-full.jpg"", ""https://krisha-photos.kcdn.online/webp/69/6913814c-a2cd-4b04-94e9-7727fb0a9837/2-full.jpg"", ""https://krisha-photos.kcdn.online/webp/69/6913814c-a2cd-4b04-94e9-7727fb0a9837/3-full.jpg"", ""https://krisha-photos.kcdn.online/webp/69/6913814c-a2cd-4b04-94e9-7727fb0a9837/4-full.jpg"", ""https://krisha-photos.kcdn.online/webp/69/6913814c-a2cd-4b04-94e9-7727fb0a9837/5-full.jpg"", ""https://krisha-photos.kcdn.online/webp/69/6913814c-a2cd-4b04-94e9-7727fb0a9837/6-full.jpg"", ""https://krisha-photos.kcdn.online/webp/69/6913814c-a2cd-4b04-94e9-7727fb0a9837/7-full.jpg"", ""https://krisha-photos.kcdn.online/webp/69/6913814c-a2cd-4b04-94e9-7727fb0a9837/8-full.jpg"", ""https://krisha-photos.kcdn.online/webp/69/6913814c-a2cd-4b04-94e9-7727fb0a9837/9-full.jpg"", ""https://krisha-photos.kcdn.online/webp/69/6913814c-a2cd-4b04-94e9-7727fb0a9837/10-full.jpg"", ""https://krisha-photos.kcdn.online/webp/69/6913814c-a2cd-4b04-94e9-7727fb0a9837/11-full.jpg"", ""https://krisha-photos.kcdn.online/webp/69/6913814c-a2cd-4b04-94e9-7727fb0a9837/12-full.jpg"", ""https://krisha-photos.kcdn.online/webp/69/6913814c-a2cd-4b04-94e9-7727fb0a9837/13-full.jpg"", ""https://krisha-photos.kcdn.online/webp/69/6913814c-a2cd-4b04-94e9-7727fb0a9837/14-full.jpg"", ""https://krisha-photos.kcdn.online/webp/69/6913814c-a2cd-4b04-94e9-7727fb0a9837/15-full.jpg"", ""https://krisha-photos.kcdn.online/webp/69/6913814c-a2cd-4b04-94e9-7727fb0a9837/16-full.jpg"", ""https://krisha-photos.kcdn.online/webp/69/6913814c-a2cd-4b04-94e9-7727fb0a9837/17-full.jpg"", ""https://krisha-photos.kcdn.online/webp/69/6913814c-a2cd-4b04-94e9-7727fb0a9837/18-full.jpg"", ""https://krisha-photos.kcdn.online/webp/69/6913814c-a2cd-4b04-94e9-7727fb0a9837/19-full.jpg"", ""https://krisha-photos.kcdn.online/webp/69/6913814c-a2cd-4b04-94e9-7727fb0a9837/20-full.jpg"", ""https://krisha-photos.kcdn.online/webp/69/6913814c-a2cd-4b04-94e9-7727fb0a9837/21-full.jpg"", ""https://krisha-photos.kcdn.online/webp/69/6913814c-a2cd-4b04-94e9-7727fb0a9837/22-full.jpg"", ""https://krisha-photos.kcdn.online/webp/69/6913814c-a2cd-4b04-94e9-7727fb0a9837/23-full.jpg"", ""https://krisha-photos.kcdn.online/webp/69/6913814c-a2cd-4b04-94e9-7727fb0a9837/24-full.jpg"", ""https://krisha-photos.kcdn.online/webp/69/6913814c-a2cd-4b04-94e9-7727fb0a9837/25-full.jpg"", ""https://krisha-photos.kcdn.online/webp/69/6913814c-a2cd-4b04-94e9-7727fb0a9837/26-full.jpg"", ""https://krisha-photos.kcdn.online/webp/69/6913814c-a2cd-4b04-94e9-7727fb0a9837/27-full.jpg"", ""https://krisha-photos.kcdn.online/webp/69/6913814c-a2cd-4b04-94e9-7727fb0a9837/28-full.jpg"", ""https://krisha-photos.kcdn.online/webp/69/6913814c-a2cd-4b04-94e9-7727fb0a9837/29-full.jpg"", ""https://krisha-photos.kcdn.online/webp/69/6913814c-a2cd-4b04-94e9-7727fb0a9837/30-full.jpg"", ""https://krisha-photos.kcdn.online/webp/69/6913814c-a2cd-4b04-94e9-7727fb0a9837/31-full.jpg"", ""https://krisha-photos.kcdn.online/webp/69/6913814c-a2cd-4b04-94e9-7727fb0a9837/32-full.jpg"", ""https://krisha-photos.kcdn.online/webp/69/6913814c-a2cd-4b04-94e9-7727fb0a9837/33-full.jpg"", ""https://krisha-photos.kcdn.online/webp/69/6913814c-a2cd-4b04-94e9-7727fb0a9837/34-full.jpg"", ""https://krisha-photos.kcdn.online/webp/69/6913814c-a2cd-4b04-94e9-7727fb0a9837/35-full.jpg"", ""https://krisha-photos.kcdn.online/webp/69/6913814c-a2cd-4b04-94e9-7727fb0a9837/36-full.jpg"", ""https://krisha-photos.kcdn.online/webp/69/6913814c-a2cd-4b04-94e9-7727fb0a9837/37-full.jpg"", ""https://krisha-photos.kcdn.online/webp/69/6913814c-a2cd-4b04-94e9-7727fb0a9837/38-full.jpg"", ""https://krisha-photos.kcdn.online/webp/69/6913814c-a2cd-4b04-94e9-7727fb0a9837/39-full.jpg"", ""https://krisha-photos.kcdn.online/webp/69/6913814c-a2cd-4b04-94e9-7727fb0a9837/40-full.jpg"", ""https://krisha-photos.kcdn.online/webp/69/6913814c-a2cd-4b04-94e9-7727fb0a9837/41-full.jpg"", ""https://krisha-photos.kcdn.online/webp/69/6913814c-a2cd-4b04-94e9-7727fb0a9837/42-full.jpg"", ""https://krisha-photos.kcdn.online/webp/69/6913814c-a2cd-4b04-94e9-7727fb0a9837/43-full.jpg"", ""https://krisha-photos.kcdn.online/webp/69/6913814c-a2cd-4b04-94e9-7727fb0a9837/44-full.jpg"", ""https://krisha-photos.kcdn.online/webp/69/6913814c-a2cd-4b04-94e9-7727fb0a9837/45-full.jpg"", ""https://krisha-photos.kcdn.online/webp/69/6913814c-a2cd-4b04-94e9-7727fb0a9837/46-full.jpg"", ""https://krisha-photos.kcdn.online/webp/69/6913814c-a2cd-4b04-94e9-7727fb0a9837/47-full.jpg"", ""https://krisha-photos.kcdn.online/webp/69/6913814c-a2cd-4b04-94e9-7727fb0a9837/48-full.jpg"", ""https://krisha-photos.kcdn.online/webp/69/6913814c-a2cd-4b04-94e9-7727fb0a9837/49-full.jpg"", ""https://krisha-photos.kcdn.online/webp/69/6913814c-a2cd-4b04-94e9-7727fb0a9837/50-full.jpg"", ""https://krisha-photos.kcdn.online/webp/69/6913814c-a2cd-4b04-94e9-7727fb0a9837/51-full.jpg"", ""https://krisha-photos.kcdn.online/webp/69/6913814c-a2cd-4b04-94e9-7727fb0a9837/52-full.jpg"", ""https://krisha-photos.kcdn.online/webp/69/6913814c-a2cd-4b04-94e9-7727fb0a9837/53-full.jpg"", ""https://krisha-photos.kcdn.online/webp/69/6913814c-a2cd-4b04-94e9-7727fb0a9837/54-full.jpg"", ""https://krisha-photos.kcdn.online/webp/69/6913814c-a2cd-4b04-94e9-7727fb0a9837/55-full.jpg"", ""https://krisha-photos.kcdn.online/webp/69/6913814c-a2cd-4b04-94e9-7727fb0a9837/56-full.jpg"", ""https://krisha-photos.kcdn.online/webp/69/6913814c-a2cd-4b04-94e9-7727fb0a9837/57-full.jpg"", ""https://krisha-photos.kcdn.online/webp/69/6913814c-a2cd-4b04-94e9-7727fb0a9837/58-full.jpg"", ""https://krisha-photos.kcdn.online/webp/69/6913814c-a2cd-4b04-94e9-7727fb0a9837/59-full.jpg"", ""https://krisha-photos.kcdn.online/webp/69/6913814c-a2cd-4b04-94e9-7727fb0a9837/60-full.jpg"", ""https://krisha-photos.kcdn.online/webp/69/6913814c-a2cd-4b04-94e9-7727fb0a9837/61-full.jpg"", ""https://krisha-photos.kcdn.online/webp/69/6913814c-a2cd-4b04-94e9-7727fb0a9837/62-full.jpg"", ""https://krisha-photos.kcdn.online/webp/69/6913814c-a2cd-4b04-94e9-7727fb0a9837/63-full.jpg"", ""https://krisha-photos.kcdn.online/webp/69/6913814c-a2cd-4b04-94e9-7727fb0a9837/64-full.jpg"", ""https://krisha-photos.kcdn.online/webp/69/6913814c-a2cd-4b04-94e9-7727fb0a9837/65-full.jpg"", ""https://krisha-photos.kcdn.online/webp/69/6913814c-a2cd-4b04-94e9-7727fb0a9837/66-full.jpg"", ""https://krisha-photos.kcdn.online/webp/69/6913814c-a2cd-4b04-94e9-7727fb0a9837/67-full.jpg"", ""https://krisha-photos.kcdn.online/webp/69/6913814c-a2cd-4b04-94e9-7727fb0a9837/68-full.jpg"", ""https://krisha-photos.kcdn.online/webp/69/6913814c-a2cd-4b04-94e9-7727fb0a9837/69-full.jpg"", ""https://krisha-photos.kcdn.online/webp/69/6913814c-a2cd-4b04-94e9-7727fb0a9837/70-full.jpg"", ""https://krisha-photos.kcdn.online/webp/69/6913814c-a2cd-4b04-94e9-7727fb0a9837/71-full.jpg"", ""https://krisha-photos.kcdn.online/webp/69/6913814c-a2cd-4b04-94e9-7727fb0a9837/72-full.jpg"", ""https://krisha-photos.kcdn.online/webp/69/6913814c-a2cd-4b04-94e9-7727fb0a9837/73-full.jpg"", ""https://krisha-photos.kcdn.online/webp/69/6913814c-a2cd-4b04-94e9-7727fb0a9837/74-full.jpg"", ""https://krisha-photos.kcdn.online/webp/69/6913814c-a2cd-4b04-94e9-7727fb0a9837/75-full.jpg"", ""https://krisha-photos.kcdn.online/webp/69/6913814c-a2cd-4b04-94e9-7727fb0a9837/76-full.jpg"", ""https://krisha-photos.kcdn.online/webp/69/6913814c-a2cd-4b04-94e9-7727fb0a9837/77-full.jpg""]",77,ee7b99640623a24b2303c15a39dbb0930da90ba0927e94ef6851c5b62d6328b7,,Хозяин,False,2026-08-05,2026-07-13,2026-08-05,live,2026-08-11T07:10:08+00:00,False,square_sanity,square_m2_too_high_hard (400 > 300)
1008814895,https://krisha.kz/a/show/1008814895,1-комнатная квартира · 69 м² · 6/14 этаж,190000,за месяц,2754,1,69,6,14,Esilyskiy_r-n,Astana,Kulytegen,,51.132248,71.504432,,,,частично,"не новый, но аккуратный и чистый ремонт",нет,,,,"Адам на долгий срок р-н Ханшатыра, закрытый двор, чистый подъезд, удобное расположение","[""https://krisha-photos.kcdn.online/webp/11/1176c57b-a994-4d3b-9e80-926911bd5bc5/1-full.jpg"", ""https://krisha-photos.kcdn.online/webp/11/1176c57b-a994-4d3b-9e80-926911bd5bc5/2-full.jpg"", ""https://krisha-photos.kcdn.online/webp/11/1176c57b-a994-4d3b-9e80-926911bd5bc5/3-full.jpg"", ""https://krisha-photos.kcdn.online/webp/11/1176c57b-a994-4d3b-9e80-926911bd5bc5/4-full.jpg"", ""https://krisha-photos.kcdn.online/webp/11/1176c57b-a994-4d3b-9e80-926911bd5bc5/5-full.jpg"", ""https://krisha-photos.kcdn.online/webp/11/1176c57b-a994-4d3b-9e80-926911bd5bc5/6-full.jpg""]",6,24c804c3554e135afdaf4f6001510a316aa14bfe4630d3eb98c78ed7f7139b45,,Хозяин,False,2026-08-05,2026-01-17,2026-08-05,live,2026-08-11T07:10:08+00:00,False,square_sanity,"square_m2_outlier_iqr (group=1, 69 вне [19, 61])"
1014374355,https://krisha.kz/a/show/1014374355,1-комнатная квартира · 65 м² · 5/9 этаж,230000,за месяц,3538,1,65,5,9,Almaty_r-n,Astana,Nazhimedenova,,51.117730603216,71.477584692766,8477786,azija-pljus,Азия Плюс,полностью,"не новый, но аккуратный и чистый ремонт",,,,,Сдаётся однокомнатная квартира. полностью с мебелью и техникой на длительный срок,"[""https://krisha-photos.kcdn.online/webp/c3/c3842a45-7260-4c0f-8381-4f8b97deab19/1-full.jpg"", ""https://krisha-photos.kcdn.online/webp/c3/c3842a45-7260-4c0f-8381-4f8b97deab19/2-full.jpg"", ""https://krisha-photos.kcdn.online/webp/c3/c3842a45-7260-4c0f-8381-4f8b97deab19/3-full.jpg"", ""https://krisha-photos.kcdn.online/webp/c3/c3842a45-7260-4c0f-8381-4f8b97deab19/4-full.jpg"", ""https://krisha-photos.kcdn.online/webp/c3/c3842a45-7260-4c0f-8381-4f8b97deab19/5-full.jpg"", ""https://krisha-photos.kcdn.online/webp/c3/c3842a45-7260-4c0f-8381-4f8b97deab19/6-full.jpg"", ""https://krisha-photos.kcdn.online/webp/c3/c3842a45-7260-4c0f-8381-4f8b97deab19/7-full.jpg"", ""https://krisha-photos.kcdn.online/webp/c3/c3842a45-7260-4c0f-8381-4f8b97deab19/8-full.jpg"", ""https://krisha-photos.kcdn.online/webp/c3/c3842a45-7260-4c0f-8381-4f8b97deab19/9-full.jpg""]",9,fb5feb280837c561a82519a75dd29336b11127db94a6d69f6633a10e1d2ad958,,Хозяин,False,2026-08-04,2026-07-29,2026-08-04,live,2026-08-06T06:57:02+00:00,False,square_sanity,"square_m2_outlier_iqr (group=1, 65 вне [19, 61])"
1013652401,https://krisha.kz/a/show/1013652401,1-комнатная квартира · 65 м² · 2/5 этаж,250000,за месяц,3846,1,65,2,5,Saryarka_r-n,Astana,Abaya,8,51.165358,71.404989,,,,полностью,,,,,,"Сдам на длительный срок 
Депозит

Дом ориентировочно находится возле Сарыарка ‘ ЖК СТОЛИЧНЫЙ",[],0,,,Хозяин,False,2026-08-05,2026-07-03,2026-08-05,live,2026-08-11T07:10:08+00:00,False,square_sanity,"square_m2_outlier_iqr (group=1, 65 вне [19, 61])"
1014584365,https://krisha.kz/a/show/1014584365,1-комнатная квартира · 16 м² · 4/5 этаж,130000,за месяц,8125,1,16,4,5,Saryarka_r-n,Astana,Akzhol,35,51.184427,71.452573,,,,полностью,,,,,,"Депозит 
Сдам семейным",[],0,,,Хозяин,False,2026-08-06,2026-08-06,2026-08-06,live,2026-08-11T07:10:08+00:00,False,square_sanity,"square_m2_outlier_iqr (group=1, 16 вне [19, 61])"
1008341135,https://krisha.kz/a/show/1008341135,1-комнатная квартира · 63 м² · 6/9 этаж,220000,за месяц,3492,1,63,6,9,Esilyskiy_r-n,Astana,Syganak,33,51.124855,71.422533,8477650,vizit,Визит,полностью,,,,,,"Сдам 1-комнатную квартиру, центр города, ул. Сыганак, 33 ЖК Визит 
Сдается уютная 1-комнатная квартира в центре города, по адресу: ул. Сыганак, 33. 
Квартира чистая, ухоженная, полностью готова к проживанию. 
Описание: 
1-комнатная квартира 
Полностью меблирована 
Вся необходимая бытовая техника 
Чистый подъезд, спокойные соседи 
Удобная планировка 
Инфраструктура: 
Центр города 
Рядом магазины, аптеки, кафе 
Удобная транспортная развязка 
Школы и детские сады в шаговой доступности 
Сдается на длительный срок. 
Аренда - 220 000 тенге в месяц + комм услуги 
Депозит - 50 000 тенге. 
Без посредников. 
📞 Звоните / пишите, договоримся о просмотре.","[""https://krisha-photos.kcdn.online/webp/d8/d8bda836-ea2d-4e88-92f0-34d9f10de036/7-full.jpg"", ""https://krisha-photos.kcdn.online/webp/d8/d8bda836-ea2d-4e88-92f0-34d9f10de036/8-full.jpg"", ""https://krisha-photos.kcdn.online/webp/d8/d8bda836-ea2d-4e88-92f0-34d9f10de036/9-full.jpg"", ""https://krisha-photos.kcdn.online/webp/d8/d8bda836-ea2d-4e88-92f0-34d9f10de036/10-full.jpg"", ""https://krisha-photos.kcdn.online/webp/d8/d8bda836-ea2d-4e88-92f0-34d9f10de036/11-full.jpg"", ""https://krisha-photos.kcdn.online/webp/d8/d8bda836-ea2d-4e88-92f0-34d9f10de036/12-full.jpg"", ""https://krisha-photos.kcdn.online/webp/d8/d8bda836-ea2d-4e88-92f0-34d9f10de036/13-full.jpg""]",7,b5fce005ad7c657c28f57c053970d13c449c8c59059789ce2d41ec2102665148,,Хозяин,False,2026-08-06,2025-12-28,2026-08-06,live,2026-08-06T05:52:03+00:00,False,square_sanity,"square_m2_outlier_iqr (group=1, 63 вне [19, 61])"
1009991653,https://krisha.kz/a/show/1009991653,1-комнатная квартира · 18 м² · 4/5 этаж,120000,за месяц,6667,1,18,4,5,Almaty_r-n,Astana,Satpaeva,19,51.143805,71.473243,,,,полностью,"не новый, но аккуратный и чистый ремонт",,,,,"сдам комнату в общежитии, в самом центре города, район Евразии, в комнате есть всё для комфортного проживания, туалет находится в комнате, рядом все коммуникации, магазины, школа, колледж, больница. депозит 30000 тг плюс коммунальные услуги ❗

Дом ориентировочно находится возле Петрова","[""https://krisha-photos.kcdn.online/webp/e2/e20f3008-2c3f-4bbd-9daa-b843382d4b86/1-full.jpg"", ""https://krisha-photos.kcdn.online/webp/e2/e20f3008-2c3f-4bbd-9daa-b843382d4b86/2-full.jpg"", ""https://krisha-photos.kcdn.online/webp/e2/e20f3008-2c3f-4bbd-9daa-b843382d4b86/3-full.jpg"", ""https://krisha-photos.kcdn.online/webp/e2/e20f3008-2c3f-4bbd-9daa-b843382d4b86/4-full.jpg"", ""https://krisha-photos.kcdn.online/webp/e2/e20f3008-2c3f-4bbd-9daa-b843382d4b86/5-full.jpg"", ""https://krisha-photos.kcdn.online/webp/e2/e20f3008-2c3f-4bbd-9daa-b843382d4b86/6-full.jpg"", ""https://krisha-photos.kcdn.online/webp/e2/e20f3008-2c3f-4bbd-9daa-b843382d4b86/7-full.jpg"", ""https://krisha-photos.kcdn.online/webp/e2/e20f3008-2c3f-4bbd-9daa-b843382d4b86/8-full.jpg"", ""https://krisha-photos.kcdn.online/webp/e2/e20f3008-2c3f-4bbd-9daa-b843382d4b86/9-full.jpg""]",9,aa647b5b0fbf17677609bac512e844283c807ee8fa663b5177bfdd207e067bc9,,Хозяин,False,2026-08-06,2026-02-26,2026-08-06,live,2026-08-06T06:15:01+00:00,False,square_sanity,"square_m2_outlier_iqr (group=1, 18 вне [19, 61])"
1013841347,https://krisha.kz/a/show/1013841347,1-комнатная квартира · 16 м²,85000,за месяц,5313,1,16,,,,Astana,Toraygyrova,3,51.172993,71.427842,14681573,firdaus,Фирдаус,полностью,,нет,,,,"Рядом:Цон Сарыаркинского района, ТД Артём, Жастар, 7 канал.

Дом ориентировочно находится возле улица Сакена Сейфуллина","[""https://krisha-photos.kcdn.online/webp/08/087d22b8-aed8-45ce-bc29-02fa6fc065bd/51-full.jpg""]",1,a427edfb9bf6c38b2d7dcd54da2e4055c71f4f142a998cbc35b77031775842a7,,"Касенова Нина, компания «Астана»",False,2026-08-05,2026-07-10,2026-08-05,live,2026-08-06T06:17:45+00:00,False,square_sanity,"square_m2_outlier_iqr (group=1, 16 вне [19, 61])"
1009767249,https://krisha.kz/a/show/1009767249,1-комнатная квартира · 18 м² · 5/5 этаж,150000,за месяц,8333,1,18,5,5,Almaty_r-n,Astana,Musrepova,7/2,51.154077,71.499303,,,,полностью,"не новый, но аккуратный и чистый ремонт",,,,,"Сдаётся квартира. 
Есть мебель, холодильник, плита, стиральная машина, интернет. 
Тёплая, аккуратная, без балкона. 
Рядом магазины и остановки. 
 Звоните, договоримся о просмотре. 150000+ 40000 депозит.

Дом ориентировочно находится возле Аблайхана","[""https://krisha-photos.kcdn.online/webp/aa/aa331243-ecb9-4f8d-b6d1-7553675315f4/12-full.jpg"", ""https://krisha-photos.kcdn.online/webp/aa/aa331243-ecb9-4f8d-b6d1-7553675315f4/13-full.jpg""]",2,f7e5461753a29e7d846defa7164f54c90ff2e3b5694ad9677f3e79f10e0fa462,,Хозяин,False,2026-08-06,2026-02-19,2026-08-06,live,2026-08-11T07:10:08+00:00,False,square_sanity,"square_m2_outlier_iqr (group=1, 18 вне [19, 61])"
696992670,https://krisha.kz/a/show/696992670,1-комнатная квартира · 16 м² · 4/5 этаж,50000,за месяц,3438,1,16,4,5,,Astana,Zhahansha_Dosmuhameduly,8,51.181361,71.472973,,,,частично,,да,,,,"Сдается комната в общежитии Жаханша Досмухамедулы 8, район Чугунка. Все как на фото. Оплата 55 000 + комуналка + депозит 15 000. Только девушкам или семейным

Дом ориентировочно находится возле Район Чугунка","[""https://krisha-photos.kcdn.online/webp/b9/b9973666-4418-44ee-bdf7-410033067da1/75-full.jpg"", ""https://krisha-photos.kcdn.online/webp/b9/b9973666-4418-44ee-bdf7-410033067da1/76-full.jpg"", ""https://krisha-photos.kcdn.online/webp/b9/b9973666-4418-44ee-bdf7-410033067da1/77-full.jpg"", ""https://krisha-photos.kcdn.online/webp/b9/b9973666-4418-44ee-bdf7-410033067da1/78-full.jpg""]",4,48dacdd28f9a1966bacdae31cff43d32af72257b2767229a3d47e6280a646b83,,Хозяин,False,2026-08-05,2024-09-06,2026-08-05,live,2026-08-09T06:42:53+00:00,False,square_sanity,"square_m2_outlier_iqr (group=1, 16 вне [19, 61])"
1006707947,https://krisha.kz/a/show/1006707947,1-комнатная квартира · 18 м² · 3/3 этаж,130000,за месяц,7222,1,18,3,3,Sarayshyk_r-n,Astana,Armandastar,1/2,51.129072784661,71.59145746432,,,,полностью,"свежий ремонт, новая мебель",нет,,,,"Адрес: Армандастар, здание 1/2 (жилой массив ""Интернациональный""). 
 
Отдельная студия без кухни. Свежий ремонт. Очень чистый подъезд. Меблирована. Квартира расположена в отдельно стоящем здании. Для Вашего удобства в здании имеется Баня на дровах, Аптека, Продуктовый магазин низких цен, Магазин FixPrice. Арендатору предоставляется бесплатное посещение бани 1 раз в неделю. Бесплатная постирочная находится в здании. 
 
Страховой депозит 50 000 тенге. Минимальный срок аренды - 1 месяц. 
 
Рядом c казАТУ им. Сейфулина, Мечеть Толебай.

Дом ориентировочно находится возле КАЗАТУ им. Сейфулина, Мечеть Толебай","[""https://krisha-photos.kcdn.online/webp/21/2155eb0b-cb0c-4cc1-a1c5-e91b276e074b/1-full.jpg"", ""https://krisha-photos.kcdn.online/webp/21/2155eb0b-cb0c-4cc1-a1c5-e91b276e074b/2-full.jpg"", ""https://krisha-photos.kcdn.online/webp/21/2155eb0b-cb0c-4cc1-a1c5-e91b276e074b/3-full.jpg"", ""https://krisha-photos.kcdn.online/webp/21/2155eb0b-cb0c-4cc1-a1c5-e91b276e074b/4-full.jpg"", ""https://krisha-photos.kcdn.online/webp/21/2155eb0b-cb0c-4cc1-a1c5-e91b276e074b/5-full.jpg"", ""https://krisha-photos.kcdn.online/webp/21/2155eb0b-cb0c-4cc1-a1c5-e91b276e074b/6-full.jpg""]",6,fa5af72f3e760ebc4780e65dc44d1af6c1cf8e959c5f2063f8f80f85a7f76e8b,,Хозяин,False,2026-08-05,2025-10-30,2026-08-05,live,2026-08-11T07:10:08+00:00,False,square_sanity,"square_m2_outlier_iqr (group=1, 18 вне [19, 61])"
1013867863,https://krisha.kz/a/show/1013867863,1-комнатная квартира · 72 м² · 4/9 этаж,300000,за месяц,4167,1,72,4,9,Nura_r-n,Astana,Turan,14,51.142742438979,71.41278706491,8477614,delfin,Дельфин,частично,"не новый, но аккуратный и чистый ремонт",,,,,За ком. услуги оплачиваете сами,"[""https://krisha-photos.kcdn.online/webp/4b/4b182455-b4b5-4cbb-9096-984b42e777e0/20-full.jpg"", ""https://krisha-photos.kcdn.online/webp/4b/4b182455-b4b5-4cbb-9096-984b42e777e0/2-full.jpg"", ""https://krisha-photos.kcdn.online/webp/4b/4b182455-b4b5-4cbb-9096-984b42e777e0/3-full.jpg"", ""https://krisha-photos.kcdn.online/webp/4b/4b182455-b4b5-4cbb-9096-984b42e777e0/4-full.jpg"", ""https://krisha-photos.kcdn.online/webp/4b/4b182455-b4b5-4cbb-9096-984b42e777e0/5-full.jpg"", ""https://krisha-photos.kcdn.online/webp/4b/4b182455-b4b5-4cbb-9096-984b42e777e0/7-full.jpg"", ""https://krisha-photos.kcdn.online/webp/4b/4b182455-b4b5-4cbb-9096-984b42e777e0/8-full.jpg"", ""https://krisha-photos.kcdn.online/webp/4b/4b182455-b4b5-4cbb-9096-984b42e777e0/9-full.jpg"", ""https://krisha-photos.kcdn.online/webp/4b/4b182455-b4b5-4cbb-9096-984b42e777e0/10-full.jpg"", ""https://krisha-photos.kcdn.online/webp/4b/4b182455-b4b5-4cbb-9096-984b42e777e0/11-full.jpg"", ""https://krisha-photos.kcdn.online/webp/4b/4b182455-b4b5-4cbb-9096-984b42e777e0/12-full.jpg"", ""https://krisha-photos.kcdn.online/webp/4b/4b182455-b4b5-4cbb-9096-984b42e777e0/13-full.jpg"", ""https://krisha-photos.kcdn.online/webp/4b/4b182455-b4b5-4cbb-9096-984b42e777e0/15-full.jpg"", ""https://krisha-photos.kcdn.online/webp/4b/4b182455-b4b5-4cbb-9096-984b42e777e0/16-full.jpg"", ""https://krisha-photos.kcdn.online/webp/4b/4b182455-b4b5-4cbb-9096-984b42e777e0/17-full.jpg"", ""https://krisha-photos.kcdn.online/webp/4b/4b182455-b4b5-4cbb-9096-984b42e777e0/18-full.jpg"", ""https://krisha-photos.kcdn.online/webp/4b/4b182455-b4b5-4cbb-9096-984b42e777e0/19-full.jpg""]",17,1f70f0b7f0acd71996e225c216c5ab8a42b400e98d999fea69461efb651cc617,,Хозяин,False,2026-08-04,2026-07-11,2026-08-04,live,2026-08-11T07:10:08+00:00,False,square_sanity,"square_m2_outlier_iqr (group=1, 72 вне [19, 61])"
680144865,https://krisha.kz/a/show/680144865,1-комнатная квартира · 17 м² · 2/2 этаж,65000,за месяц,3824,1,17,2,2,Almaty_r-n,Astana,Kokzhazyk,9/1,51.147247,71.573926,,,,полностью,"не новый, но аккуратный и чистый ремонт",да,,,,"Срочно сдам комнату в малосемейке. Проживают всего 5 квартирантов, в оснавном семейные пары. У нас тихо спокойно чисто. Ком услуги только по счетчику свет, остальное выходит. находится на Сороковой ж. м Железнодорожный по ул Көкжазық. Рядом школа садик автобусная остановка магазин детская площядка и т д. Есть депозит","[""https://krisha-photos.kcdn.online/webp/97/97a34944-f2c7-4922-9b50-0863fc9a79ae/1-full.jpg"", ""https://krisha-photos.kcdn.online/webp/97/97a34944-f2c7-4922-9b50-0863fc9a79ae/2-full.jpg"", ""https://krisha-photos.kcdn.online/webp/97/97a34944-f2c7-4922-9b50-0863fc9a79ae/5-full.jpg"", ""https://krisha-photos.kcdn.online/webp/97/97a34944-f2c7-4922-9b50-0863fc9a79ae/6-full.jpg"", ""https://krisha-photos.kcdn.online/webp/97/97a34944-f2c7-4922-9b50-0863fc9a79ae/3-full.jpg"", ""https://krisha-photos.kcdn.online/webp/97/97a34944-f2c7-4922-9b50-0863fc9a79ae/4-full.jpg""]",6,3efa169e28d21b07d79958e40a560cec6ff0b866ffacd0cbb96e60d519454538,,Хозяин,False,2026-08-04,2022-11-07,2026-08-04,live,2026-08-09T06:42:53+00:00,False,square_sanity,"square_m2_outlier_iqr (group=1, 17 вне [19, 61])"
676560751,https://krisha.kz/a/show/676560751,1-комнатная квартира · 18 м² · 3/3 этаж,65000,за месяц,3611,1,18,3,3,Almaty_r-n,Astana,Zh_Zhabaeva,32a,51.144661713058,71.568412188816,,,,,"не новый, но аккуратный и чистый ремонт",,,,,"в аренду комната в общежитии, находящийся в центре станции Сороковой. Городские автобусные маршруты № 15 и 22. Коммуникации все центральные, в том числе и тепло. Ванная комната и Туалет в каждой комнате, за услуги тепла платить не надо.","[""https://krisha-photos.kcdn.online/webp/7a/7a16294e-1a02-4a5d-8c09-0e7114bdb221/1-full.jpg"", ""https://krisha-photos.kcdn.online/webp/7a/7a16294e-1a02-4a5d-8c09-0e7114bdb221/2-full.jpg"", ""https://krisha-photos.kcdn.online/webp/7a/7a16294e-1a02-4a5d-8c09-0e7114bdb221/3-full.jpg"", ""https://krisha-photos.kcdn.online/webp/7a/7a16294e-1a02-4a5d-8c09-0e7114bdb221/4-full.jpg"", ""https://krisha-photos.kcdn.online/webp/7a/7a16294e-1a02-4a5d-8c09-0e7114bdb221/5-full.jpg"", ""https://krisha-photos.kcdn.online/webp/7a/7a16294e-1a02-4a5d-8c09-0e7114bdb221/6-full.jpg"", ""https://krisha-photos.kcdn.online/webp/7a/7a16294e-1a02-4a5d-8c09-0e7114bdb221/7-full.jpg""]",7,e67d9972199a8a32afeedc4f117b169b156ea2c8342df8353ff98e2e19f06c73,,Хозяин,False,2026-08-03,2022-06-09,2026-08-03,live,2026-08-11T07:10:08+00:00,False,square_sanity,"square_m2_outlier_iqr (group=1, 18 вне [19, 61])"
670673880,https://krisha.kz/a/show/670673880,1-комнатная квартира · 17 м² · 2/2 этаж,40000,за месяц,2353,1,17,2,2,Almaty_r-n,Astana,Zhambyla_Zhabaeva,32/a,51.144785944095,71.568894962609,,,,,,,,,,"в аренду комната в общежитии, находящийся в центре станции Сороковой. Городские автобусные маршруты № 15 и 22. Коммуникации все центральные, в том числе и тепло. Туалет на этаже, в комнате имеется рукомойник. за услуги тепла платить не надо.","[""https://krisha-photos.kcdn.online/webp/81/81fb7106-947f-451d-8e3f-199cf30f1c16/11-full.jpg"", ""https://krisha-photos.kcdn.online/webp/81/81fb7106-947f-451d-8e3f-199cf30f1c16/5-full.jpg"", ""https://krisha-photos.kcdn.online/webp/81/81fb7106-947f-451d-8e3f-199cf30f1c16/2-full.jpg"", ""https://krisha-photos.kcdn.online/webp/81/81fb7106-947f-451d-8e3f-199cf30f1c16/4-full.jpg"", ""https://krisha-photos.kcdn.online/webp/81/81fb7106-947f-451d-8e3f-199cf30f1c16/6-full.jpg"", ""https://krisha-photos.kcdn.online/webp/81/81fb7106-947f-451d-8e3f-199cf30f1c16/7-full.jpg"", ""https://krisha-photos.kcdn.online/webp/81/81fb7106-947f-451d-8e3f-199cf30f1c16/8-full.jpg"", ""https://krisha-photos.kcdn.online/webp/81/81fb7106-947f-451d-8e3f-199cf30f1c16/9-full.jpg"", ""https://krisha-photos.kcdn.online/webp/81/81fb7106-947f-451d-8e3f-199cf30f1c16/10-full.jpg""]",9,43fec7527c707d210c288263499e51e78fbca65af718795095f487199713d943,,Хозяин,False,2026-08-02,2021-10-05,2026-08-02,live,2026-08-11T07:10:08+00:00,False,square_sanity,"square_m2_outlier_iqr (group=1, 17 вне [19, 61])"
693165591,https://krisha.kz/a/show/693165591,1-комнатная квартира · 18 м² · 1/9 этаж,160000,за месяц,9444,1,18,1,9,Almaty_r-n,Astana,Ryskulbekova,16/2,51.15893,71.505214,,,,полностью,"не новый, но аккуратный и чистый ремонт",нет,,,,"сдаётся квартира ГОСТИНИЧНОГО ТИПА со всеми удобствами- душ, туалет, кабтв, вай-фай интернет, 2х спальные кровати в номерах, все коммуникации центральные 
 (ДЕПОЗИТА НЕТ, КОММУНАЛЬНЫЕ НЕ НАДО ПЛАТИТЬ, С детьми нельзя до 14 лет; ) 
Отдельно: 
В прачечной отдельно имеется стиральная машина, Отдельно в кухне -холодильник, микроволновка, электрочайники, посуда. 
Каждые 5 дней-- меняется полотенца, Каждые 10 дней--уборка помещения, Каждые 15 дней - меняется постель. 
 
адрес: 
 ул. Мустафина 21/3, Конак уй Адем

Дом ориентировочно находится возле Район 7-ой поликлиники","[""https://krisha-photos.kcdn.online/webp/66/6638febd-76c3-48f2-adab-e978c3e4d8a9/1-full.jpg"", ""https://krisha-photos.kcdn.online/webp/66/6638febd-76c3-48f2-adab-e978c3e4d8a9/2-full.jpg"", ""https://krisha-photos.kcdn.online/webp/66/6638febd-76c3-48f2-adab-e978c3e4d8a9/3-full.jpg"", ""https://krisha-photos.kcdn.online/webp/66/6638febd-76c3-48f2-adab-e978c3e4d8a9/4-full.jpg"", ""https://krisha-photos.kcdn.online/webp/66/6638febd-76c3-48f2-adab-e978c3e4d8a9/5-full.jpg"", ""https://krisha-photos.kcdn.online/webp/66/6638febd-76c3-48f2-adab-e978c3e4d8a9/6-full.jpg"", ""https://krisha-photos.kcdn.online/webp/66/6638febd-76c3-48f2-adab-e978c3e4d8a9/7-full.jpg""]",7,9fe7e46d0124e5914a56c4032be33ba1b25c965bcc50980db8d07d78ff2e3705,,Хозяин,False,2026-07-31,2024-04-20,2026-07-31,live,2026-08-11T07:10:08+00:00,False,square_sanity,"square_m2_outlier_iqr (group=1, 18 вне [19, 61])"
690366644,https://krisha.kz/a/show/690366644,1-комнатная квартира · 65 м² · 9/14 этаж,200000,за месяц,3077,1,65,9,14,Nura_r-n,Astana,Chingiza_Aytmatova,36,51.136904982092,71.36506539154,10832831,zhagalau3,Жагалау 3,,"не новый, но аккуратный и чистый ремонт",нет,,,,"депозит 150 000 тенге, одна комната закрыта на ключ","[""https://krisha-photos.kcdn.online/webp/5d/5ddddd51-34c4-47d7-8d19-f2d46482b9c6/2-full.jpg"", ""https://krisha-photos.kcdn.online/webp/5d/5ddddd51-34c4-47d7-8d19-f2d46482b9c6/3-full.jpg"", ""https://krisha-photos.kcdn.online/webp/5d/5ddddd51-34c4-47d7-8d19-f2d46482b9c6/5-full.jpg"", ""https://krisha-photos.kcdn.online/webp/5d/5ddddd51-34c4-47d7-8d19-f2d46482b9c6/6-full.jpg"", ""https://krisha-photos.kcdn.online/webp/5d/5ddddd51-34c4-47d7-8d19-f2d46482b9c6/8-full.jpg"", ""https://krisha-photos.kcdn.online/webp/5d/5ddddd51-34c4-47d7-8d19-f2d46482b9c6/9-full.jpg"", ""https://krisha-photos.kcdn.online/webp/5d/5ddddd51-34c4-47d7-8d19-f2d46482b9c6/10-full.jpg"", ""https://krisha-photos.kcdn.online/webp/5d/5ddddd51-34c4-47d7-8d19-f2d46482b9c6/12-full.jpg"", ""https://krisha-photos.kcdn.online/webp/5d/5ddddd51-34c4-47d7-8d19-f2d46482b9c6/14-full.jpg"", ""https://krisha-photos.kcdn.online/webp/5d/5ddddd51-34c4-47d7-8d19-f2d46482b9c6/15-full.jpg"", ""https://krisha-photos.kcdn.online/webp/5d/5ddddd51-34c4-47d7-8d19-f2d46482b9c6/16-full.jpg"", ""https://krisha-photos.kcdn.online/webp/5d/5ddddd51-34c4-47d7-8d19-f2d46482b9c6/17-full.jpg"", ""https://krisha-photos.kcdn.online/webp/5d/5ddddd51-34c4-47d7-8d19-f2d46482b9c6/18-full.jpg"", ""https://krisha-photos.kcdn.online/webp/5d/5ddddd51-34c4-47d7-8d19-f2d46482b9c6/19-full.jpg"", ""https://krisha-photos.kcdn.online/webp/5d/5ddddd51-34c4-47d7-8d19-f2d46482b9c6/21-full.jpg"", ""https://krisha-photos.kcdn.online/webp/5d/5ddddd51-34c4-47d7-8d19-f2d46482b9c6/22-full.jpg"", ""https://krisha-photos.kcdn.online/webp/5d/5ddddd51-34c4-47d7-8d19-f2d46482b9c6/24-full.jpg"", ""https://krisha-photos.kcdn.online/webp/5d/5ddddd51-34c4-47d7-8d19-f2d46482b9c6/25-full.jpg"", ""https://krisha-photos.kcdn.online/webp/5d/5ddddd51-34c4-47d7-8d19-f2d46482b9c6/26-full.jpg""]",19,dc7b0090cb1dd397a442f0807a8c38999cc9e91287c5c959ebfc5a9b21c26bf5,,Хозяин,False,2026-07-30,2024-01-03,2026-07-30,live,2026-08-11T07:10:08+00:00,False,square_sanity,"square_m2_outlier_iqr (group=1, 65 вне [19, 61])"
1012085242,https://krisha.kz/a/show/1012085242,1-комнатная квартира · 18 м² · 3/5 этаж,140000,за месяц,7778,1,18,3,5,Almaty_r-n,Astana,ul__Musrepova,7/2,51.153947356276,71.499182506345,,,,частично,без ремонта,,,,,"Сдаётся квартира в хорошем состоянии, чистая, с горячей водой и с отоплением. Зимой будет даже жарко в квартире. 
Есть всё необходимое: стиральная машина (работала, но не включали год) кухонный гарнитур, посуды, шкаф, столы. 
 
📌 Рядом с домом все в шаговой доступности, остановка на все направления, 7 поликлиника, школы, много магазинов Смолл, Дастан, Гульжан и всё для комфортной жизни. 
 
👉 Сдаю только некурящим: одному или двоим женского пола. 
 
Цена 140000 тг. +ком. услуги","[""https://krisha-photos.kcdn.online/webp/c7/c76db900-01dc-4e44-8ca9-f4d043e366ef/1-full.jpg"", ""https://krisha-photos.kcdn.online/webp/c7/c76db900-01dc-4e44-8ca9-f4d043e366ef/2-full.jpg"", ""https://krisha-photos.kcdn.online/webp/c7/c76db900-01dc-4e44-8ca9-f4d043e366ef/3-full.jpg"", ""https://krisha-photos.kcdn.online/webp/c7/c76db900-01dc-4e44-8ca9-f4d043e366ef/4-full.jpg"", ""https://krisha-photos.kcdn.online/webp/c7/c76db900-01dc-4e44-8ca9-f4d043e366ef/5-full.jpg"", ""https://krisha-photos.kcdn.online/webp/c7/c76db900-01dc-4e44-8ca9-f4d043e366ef/6-full.jpg""]",6,e4858539eb39499c1bddd87225923fb806ae8e3fde963505c9a615216fe07748,,Хозяин,False,2026-08-08,2026-05-10,2026-08-08,live,2026-08-11T07:10:08+00:00,False,square_sanity,"square_m2_outlier_iqr (group=1, 18 вне [19, 61])"
1004817729,https://krisha.kz/a/show/1004817729,1-комнатная квартира · 18 м² · 3/5 этаж,140000,за месяц,7778,1,18,3,5,Almaty_r-n,Astana,G__Musrepova,7/2,51.154077,71.499303,,,,частично,без ремонта,,,,,"Сдаётся квартира в хорошем состоянии, чистая, с горячей водой и с отоплением. Зимой будет даже жарко в квартире. 
Есть всё необходимое: стиральная машина (работала, но не включали год) кухонный гарнитур, посуды, шкаф, столы. 
 
📌 Рядом с домом все в шаговой доступности, остановка на все направления, 7 поликлиника, школы, много магазинов Смолл, Дастан, Гульжан и всё для комфортной жизни. 
 
👉 Сдаю только некурящим: одному или двоим женского пола. 
 
 
 
Цена 140000 тг. +ком. услуги","[""https://krisha-photos.kcdn.online/webp/4f/4f29be71-9149-4849-b91a-fb8ecc27daef/1-full.jpg"", ""https://krisha-photos.kcdn.online/webp/4f/4f29be71-9149-4849-b91a-fb8ecc27daef/2-full.jpg"", ""https://krisha-photos.kcdn.online/webp/4f/4f29be71-9149-4849-b91a-fb8ecc27daef/3-full.jpg"", ""https://krisha-photos.kcdn.online/webp/4f/4f29be71-9149-4849-b91a-fb8ecc27daef/4-full.jpg"", ""https://krisha-photos.kcdn.online/webp/4f/4f29be71-9149-4849-b91a-fb8ecc27daef/5-full.jpg"", ""https://krisha-photos.kcdn.online/webp/4f/4f29be71-9149-4849-b91a-fb8ecc27daef/6-full.jpg"", ""https://krisha-photos.kcdn.online/webp/4f/4f29be71-9149-4849-b91a-fb8ecc27daef/7-full.jpg"", ""https://krisha-photos.kcdn.online/webp/4f/4f29be71-9149-4849-b91a-fb8ecc27daef/8-full.jpg""]",8,eef75117cd17da6ae0f1e07ef52d848d3b91d5c83a49fe8c7a3af9e8c1307688,,Хозяин,False,2026-08-08,2025-08-28,2026-08-08,live,2026-08-11T07:10:08+00:00,False,square_sanity,"square_m2_outlier_iqr (group=1, 18 вне [19, 61])"
663328237,https://krisha.kz/a/show/663328237,1-комнатная квартира · 14 м²,70000,за месяц,5000,1,14,,,r-n_Baykonur,Astana,Anuara_Alimzhanova,55A,51.175478,71.445988,,,,,,да,,,,"Cдается комната в общежитии! На длительный срок! Площадь комнаты 14, 0 м2, БЕЗ МЕБЕЛИ. Здание теплое, три этажа, на каждом этаже: общая кухня, 2 туалета, 2 душевые. Стоимость аренды комнаты 70000тг (ком. услуги внутри). Находится в районе ТД ""Артем"", ""Тулпар"". Временная регистрация по месту жительства.

Дом ориентировочно находится возле Сакена Сейфуллина","[""https://krisha-photos.kcdn.online/webp/34/34687976-0d03-4fc1-a553-947b7ee2d36c/1-full.jpg"", ""https://krisha-photos.kcdn.online/webp/34/34687976-0d03-4fc1-a553-947b7ee2d36c/2-full.jpg"", ""https://krisha-photos.kcdn.online/webp/34/34687976-0d03-4fc1-a553-947b7ee2d36c/3-full.jpg"", ""https://krisha-photos.kcdn.online/webp/34/34687976-0d03-4fc1-a553-947b7ee2d36c/4-full.jpg"", ""https://krisha-photos.kcdn.online/webp/34/34687976-0d03-4fc1-a553-947b7ee2d36c/5-full.jpg"", ""https://krisha-photos.kcdn.online/webp/34/34687976-0d03-4fc1-a553-947b7ee2d36c/6-full.jpg"", ""https://krisha-photos.kcdn.online/webp/34/34687976-0d03-4fc1-a553-947b7ee2d36c/7-full.jpg"", ""https://krisha-photos.kcdn.online/webp/34/34687976-0d03-4fc1-a553-947b7ee2d36c/8-full.jpg"", ""https://krisha-photos.kcdn.online/webp/34/34687976-0d03-4fc1-a553-947b7ee2d36c/9-full.jpg""]",9,1de01dff1716e0b96f9fd297f99cbf0cf83a07d63102170cff761fb8012e12fd,,Хозяин,False,2026-08-09,2020-11-15,2026-08-09,live,2026-08-11T07:10:08+00:00,False,square_sanity,"square_m2_outlier_iqr (group=1, 14 вне [19, 61])"
1014690180,https://krisha.kz/a/show/1014690180,1-комнатная квартира · 18 м² · 2/3 этаж,100000,за месяц,5556,1,18,2,3,Almaty_r-n,Astana,Manatau,13,51.142783,71.477941,,,,частично,"не новый, но аккуратный и чистый ремонт",да,,,,"Сдам комнату семейной паре без детей, в общежитии. Все условия для проживания. Цена 100000+ электричество по счетчику. 20тыс депозит. Регистрация по месту жительства.

Дом ориентировочно находится возле Б. Момышулы","[""https://krisha-photos.kcdn.online/webp/f4/f41aaf77-5def-43bd-a63f-3445d0943bb7/1-full.jpg"", ""https://krisha-photos.kcdn.online/webp/f4/f41aaf77-5def-43bd-a63f-3445d0943bb7/2-full.jpg"", ""https://krisha-photos.kcdn.online/webp/f4/f41aaf77-5def-43bd-a63f-3445d0943bb7/3-full.jpg"", ""https://krisha-photos.kcdn.online/webp/f4/f41aaf77-5def-43bd-a63f-3445d0943bb7/4-full.jpg""]",4,7d0157709dbedba8efbef3587e4d0258bba2734fc040c3bd91baeb45f6d87a6a,,Хозяин,False,2026-08-10,2026-08-10,2026-08-10,live,2026-08-11T07:13:27+00:00,False,square_sanity,"square_m2_outlier_iqr (group=1, 18 вне [19, 61])"
1014687442,https://krisha.kz/a/show/1014687442,1-комнатная квартира · 16 м² · 3/5 этаж,100000,за месяц,6250,1,16,3,5,Almaty_r-n,Astana,Manasa,23/5,51.163879678779,71.491527098753,,,,полностью,"не новый, но аккуратный и чистый ремонт",,,,,Сдам 1комнатную Кухня-студия в малосейке (на 2 Хозяйна 1 сан. узел) 16м2.за 100тыс+ком. услуги+20тыс. депозит квартира сдается семейным без детей и без Животных или 2 девушкам платежейспособным. Услуги риелтора 25тыс,"[""https://krisha-photos.kcdn.online/webp/26/266d557e-f3e6-479a-96a1-1564d9392092/4-full.jpg"", ""https://krisha-photos.kcdn.online/webp/26/266d557e-f3e6-479a-96a1-1564d9392092/1-full.jpg"", ""https://krisha-photos.kcdn.online/webp/26/266d557e-f3e6-479a-96a1-1564d9392092/2-full.jpg"", ""https://krisha-photos.kcdn.online/webp/26/266d557e-f3e6-479a-96a1-1564d9392092/3-full.jpg""]",4,b2c5368abe06a88bdb4edfa381d5ee7f8ed0720657ec7c4b111a3aaea3a4ca75,,Тулеуова Алия,False,2026-08-10,2026-08-10,2026-08-10,live,2026-08-11T07:14:17+00:00,False,square_sanity,"square_m2_outlier_iqr (group=1, 16 вне [19, 61])"
1014686448,https://krisha.kz/a/show/1014686448,1-комнатная квартира · 15 м² · 1/5 этаж,100000,за месяц,6667,1,15,1,5,Saryarka_r-n,Astana,Rieltor_Sembinova,24,51.17353,71.453893,,,,частично,"не новый, но аккуратный и чистый ремонт",да,,,,"Сдает риэлтор (не хозяин хозяин емес ) 
Общежитие. 
Туалет душ на 4 хозяина. 
Депозит 10

Дом ориентировочно находится возле Сейфуллина Артем Мегастрой","[""https://krisha-photos.kcdn.online/webp/2f/2fab52f1-9cb7-46f9-8f2b-1f4bb5f92f4c/1-full.jpg"", ""https://krisha-photos.kcdn.online/webp/2f/2fab52f1-9cb7-46f9-8f2b-1f4bb5f92f4c/2-full.jpg""]",2,2059ee01a2cb38665cf25dfe108a9e85e11705760e26fa8bb6d25d404a887e41,,Prime NS,False,2026-08-10,2026-08-10,2026-08-10,live,2026-08-11T07:14:28+00:00,False,square_sanity,"square_m2_outlier_iqr (group=1, 15 вне [19, 61])"
1001278676,https://krisha.kz/a/show/1001278676,1-комнатная квартира · 18.13 м² · 1/4 этаж,110000,за месяц,6067,1,18.13,1,4,Nura_r-n,Astana,Kurgalyzhinskoe_shosse,28,51.149382,71.349725,,,,частично,"не новый, но аккуратный и чистый ремонт",,,,,"Квартира-студия в ЖК Econom rooms коридорного типа сдаётся только на длительный срок. Дом находится в районе школы #100. Квартира с мебелью: кухонный гарнитур, стол, стулья, кровать, шкаф, прихожая, электроплита, холодильник. В квартире свой санузел, кухонная зона. Дом тёплый, обеспечен порядок. Комуслуги по счетчикам. Депозит 30000 тенге при заезде. Удобная парковка. Имеется прачечная. Проживающим делаем прописку. Сдаем только на длительный срок - от 6 месяцев и более.

Дом ориентировочно находится возле Мухамедханова","[""https://krisha-photos.kcdn.online/webp/db/dbce2572-4437-4540-b3bd-53eb3f74c59c/1-full.jpg"", ""https://krisha-photos.kcdn.online/webp/db/dbce2572-4437-4540-b3bd-53eb3f74c59c/2-full.jpg"", ""https://krisha-photos.kcdn.online/webp/db/dbce2572-4437-4540-b3bd-53eb3f74c59c/3-full.jpg"", ""https://krisha-photos.kcdn.online/webp/db/dbce2572-4437-4540-b3bd-53eb3f74c59c/4-full.jpg"", ""https://krisha-photos.kcdn.online/webp/db/dbce2572-4437-4540-b3bd-53eb3f74c59c/5-full.jpg"", ""https://krisha-photos.kcdn.online/webp/db/dbce2572-4437-4540-b3bd-53eb3f74c59c/6-full.jpg"", ""https://krisha-photos.kcdn.online/webp/db/dbce2572-4437-4540-b3bd-53eb3f74c59c/7-full.jpg""]",7,5d166227272db1501ef4f7b8d068fcf55dcf2e99f4e0363a31321316e59e69f0,,Хозяин,False,2026-08-09,2025-05-03,2026-08-09,live,2026-08-11T07:16:11+00:00,False,square_sanity,"square_m2_outlier_iqr (group=1, 18 вне [19, 61])"
670506843,https://krisha.kz/a/show/670506843,1-комнатная квартира · 70.5 м² · 12/13 этаж,300000,за месяц,4255,1,70.5,12,13,Almaty_r-n,Astana,Gabdullina,12,51.16163,71.432971,8477778,aja,Айя,,,,,,,"Сдам в субаренду 1-комнатную квартиру в ЖК Айя, 12(13) эт., 70, 5 кв. м., светлая, теплая, уютная квартира в самом центре города, в шаговой доступности 3-4 школы, торговые ряды, магазины, детские сады, остановки общественного транспорта, позволяющие быстро добраться в любую часть города, недалеко Набережная р. Ишим. Очень чистый и красивый подьезд и территория перед подьездом озелененная деревьями, цаетами и малыми арх. формами.","[""https://krisha-photos.kcdn.online/webp/22/225e32a1-fcd0-434c-a666-416aeebc9f6a/1-full.jpg"", ""https://krisha-photos.kcdn.online/webp/22/225e32a1-fcd0-434c-a666-416aeebc9f6a/2-full.jpg"", ""https://krisha-photos.kcdn.online/webp/22/225e32a1-fcd0-434c-a666-416aeebc9f6a/4-full.jpg"", ""https://krisha-photos.kcdn.online/webp/22/225e32a1-fcd0-434c-a666-416aeebc9f6a/5-full.jpg"", ""https://krisha-photos.kcdn.online/webp/22/225e32a1-fcd0-434c-a666-416aeebc9f6a/7-full.jpg"", ""https://krisha-photos.kcdn.online/webp/22/225e32a1-fcd0-434c-a666-416aeebc9f6a/8-full.jpg"", ""https://krisha-photos.kcdn.online/webp/22/225e32a1-fcd0-434c-a666-416aeebc9f6a/9-full.jpg"", ""https://krisha-photos.kcdn.online/webp/22/225e32a1-fcd0-434c-a666-416aeebc9f6a/12-full.jpg"", ""https://krisha-photos.kcdn.online/webp/22/225e32a1-fcd0-434c-a666-416aeebc9f6a/13-full.jpg"", ""https://krisha-photos.kcdn.online/webp/22/225e32a1-fcd0-434c-a666-416aeebc9f6a/14-full.jpg"", ""https://krisha-photos.kcdn.online/webp/22/225e32a1-fcd0-434c-a666-416aeebc9f6a/17-full.jpg"", ""https://krisha-photos.kcdn.online/webp/22/225e32a1-fcd0-434c-a666-416aeebc9f6a/18-full.jpg"", ""https://krisha-photos.kcdn.online/webp/22/225e32a1-fcd0-434c-a666-416aeebc9f6a/19-full.jpg"", ""https://krisha-photos.kcdn.online/webp/22/225e32a1-fcd0-434c-a666-416aeebc9f6a/20-full.jpg"", ""https://krisha-photos.kcdn.online/webp/22/225e32a1-fcd0-434c-a666-416aeebc9f6a/21-full.jpg"", ""https://krisha-photos.kcdn.online/webp/22/225e32a1-fcd0-434c-a666-416aeebc9f6a/22-full.jpg"", ""https://krisha-photos.kcdn.online/webp/22/225e32a1-fcd0-434c-a666-416aeebc9f6a/23-full.jpg"", ""https://krisha-photos.kcdn.online/webp/22/225e32a1-fcd0-434c-a666-416aeebc9f6a/24-full.jpg"", ""https://krisha-photos.kcdn.online/webp/22/225e32a1-fcd0-434c-a666-416aeebc9f6a/25-full.jpg"", ""https://krisha-photos.kcdn.online/webp/22/225e32a1-fcd0-434c-a666-416aeebc9f6a/26-full.jpg"", ""https://krisha-photos.kcdn.online/webp/22/225e32a1-fcd0-434c-a666-416aeebc9f6a/27-full.jpg"", ""https://krisha-photos.kcdn.online/webp/22/225e32a1-fcd0-434c-a666-416aeebc9f6a/28-full.jpg"", ""https://krisha-photos.kcdn.online/webp/22/225e32a1-fcd0-434c-a666-416aeebc9f6a/29-full.jpg"", ""https://krisha-photos.kcdn.online/webp/22/225e32a1-fcd0-434c-a666-416aeebc9f6a/30-full.jpg"", ""https://krisha-photos.kcdn.online/webp/22/225e32a1-fcd0-434c-a666-416aeebc9f6a/31-full.jpg"", ""https://krisha-photos.kcdn.online/webp/22/225e32a1-fcd0-434c-a666-416aeebc9f6a/32-full.jpg"", ""https://krisha-photos.kcdn.online/webp/22/225e32a1-fcd0-434c-a666-416aeebc9f6a/33-full.jpg"", ""https://krisha-photos.kcdn.online/webp/22/225e32a1-fcd0-434c-a666-416aeebc9f6a/34-full.jpg"", ""https://krisha-photos.kcdn.online/webp/22/225e32a1-fcd0-434c-a666-416aeebc9f6a/35-full.jpg""]",29,9179e887cf3e63aa29a38bd93a11477cdde44aab58128a9e41633ff81d93226e,,Хозяин,False,2026-08-09,2021-09-28,2026-08-09,live,2026-08-11T07:16:41+00:00,False,square_sanity,"square_m2_outlier_iqr (group=1, 70 вне [19, 61])"
1014673201,https://krisha.kz/a/show/1014673201,1-комнатная квартира · 17 м² · 4/5 этаж,130000,за месяц,7647,1,17,4,5,Almaty_r-n,Astana,Manasa,20/2,51.161754,71.49703,,,,,"не новый, но аккуратный и чистый ремонт",нет,,,,"Сдаётся квартира для семьи без детей или девушки на длительный срок. Чистая, ухоженная, мебель и бытовая техника вся необходимая имеется. 
В шаговой доступности - школа №37, поликлиники №7.

Дом ориентировочно находится возле Кудайбердыулы","[""https://krisha-photos.kcdn.online/webp/a2/a23ccb06-4a84-4d6d-a577-4c536360d406/1-full.jpg"", ""https://krisha-photos.kcdn.online/webp/a2/a23ccb06-4a84-4d6d-a577-4c536360d406/2-full.jpg"", ""https://krisha-photos.kcdn.online/webp/a2/a23ccb06-4a84-4d6d-a577-4c536360d406/3-full.jpg"", ""https://krisha-photos.kcdn.online/webp/a2/a23ccb06-4a84-4d6d-a577-4c536360d406/4-full.jpg"", ""https://krisha-photos.kcdn.online/webp/a2/a23ccb06-4a84-4d6d-a577-4c536360d406/5-full.jpg"", ""https://krisha-photos.kcdn.online/webp/a2/a23ccb06-4a84-4d6d-a577-4c536360d406/6-full.jpg""]",6,2d892dcb883c8019c345282c142ab7b6a7f8f70a974ad1837f1eb47060419779,,Столичный Дом,False,2026-08-09,2026-08-09,2026-08-09,live,2026-08-11T07:18:10+00:00,False,square_sanity,"square_m2_outlier_iqr (group=1, 17 вне [19, 61])"
1014669112,https://krisha.kz/a/show/1014669112,1-комнатная квартира · 15 м² · 1/5 этаж,100000,за месяц,6667,1,15,1,5,r-n_Baykonur,Astana,Sembinova_Rieltor,24,51.17353,71.453893,,,,частично,"не новый, но аккуратный и чистый ремонт",да,,,,"Риэлтор. Хозяин емес. 
Общежитие. 
Душ туалет на 4 хозяина. 
Депозит 10.

Дом ориентировочно находится возле Сейфуллина Мегастрой","[""https://krisha-photos.kcdn.online/webp/08/086271c1-183a-4eb7-a887-2ad729bc1786/1-full.jpg"", ""https://krisha-photos.kcdn.online/webp/08/086271c1-183a-4eb7-a887-2ad729bc1786/2-full.jpg""]",2,6b1548cf7b398824698ff151173dec4cd64eca8bc8a916f2e79c3b4d421f92c7,,Кошкенбаева Динара,False,2026-08-09,2026-08-09,2026-08-09,live,2026-08-11T07:18:49+00:00,False,square_sanity,"square_m2_outlier_iqr (group=1, 15 вне [19, 61])"
1010549393,https://krisha.kz/a/show/1010549393,3-комнатная квартира · 270 м²,1200000,за месяц,4444,3,270,,,Saryarka_r-n,Astana,Respubliki,,51.157841408218,71.427759818884,8477520,zvezda-astany,Звезда Астаны,полностью,,нет,,,,"🔥 ПЕНТХАУС, КОТОРЫЙ ГОВОРИТ О ВАШЕМ УРОВНЕ 
 
Сдаётся эксклюзивный пентхаус в ЖК «Звезда Астаны» с панорамным видом на набережную — место, где каждый день как в фильме. 
 
💰 1 300 000 ₸ + депозит 
 
🏠 270 м² пространства, свободы и статуса 
📏 Потолки 3, 5 метра — максимум воздуха и света 
🛏 3 комнаты 
🛌 2 мастер-спальни — комфорт на уровне отеля 
🛋 Полностью меблирована — заезжай и живи 
 
🌇 Огромная терраса с видом, который не надоедает — закаты, огни города и полное ощущение жизни «на уровне выше» 
 
📍 Локация решает: 
школы, сады, поликлиника, Центральный парк и набережная — всё рядом 
 
⚡ Такие квартиры не «висят» — их быстро забирают 
 
📲 Пишите прямо сейчас","[""https://krisha-photos.kcdn.online/webp/2f/2f287661-5019-4065-8204-11d940777cfa/1-full.jpg"", ""https://krisha-photos.kcdn.online/webp/2f/2f287661-5019-4065-8204-11d940777cfa/2-full.jpg"", ""https://krisha-photos.kcdn.online/webp/2f/2f287661-5019-4065-8204-11d940777cfa/3-full.jpg"", ""https://krisha-photos.kcdn.online/webp/2f/2f287661-5019-4065-8204-11d940777cfa/4-full.jpg"", ""https://krisha-photos.kcdn.online/webp/2f/2f287661-5019-4065-8204-11d940777cfa/5-full.jpg"", ""https://krisha-photos.kcdn.online/webp/2f/2f287661-5019-4065-8204-11d940777cfa/8-full.jpg"", ""https://krisha-photos.kcdn.online/webp/2f/2f287661-5019-4065-8204-11d940777cfa/10-full.jpg"", ""https://krisha-photos.kcdn.online/webp/2f/2f287661-5019-4065-8204-11d940777cfa/11-full.jpg"", ""https://krisha-photos.kcdn.online/webp/2f/2f287661-5019-4065-8204-11d940777cfa/12-full.jpg"", ""https://krisha-photos.kcdn.online/webp/2f/2f287661-5019-4065-8204-11d940777cfa/13-full.jpg""]",10,80d18eb6f521831d0083a2330c7197cadb088596388f22fdd7b10dacc8d8bb66,,"Канапиянова Диана, компания « Панорама Group»",False,2026-07-30,2026-03-18,2026-07-30,live,2026-08-06T08:16:08+00:00,False,square_sanity,"square_m2_outlier_iqr (group=3, 270 вне [-12, 203])"
1009729780,https://krisha.kz/a/show/1009729780,3-комнатная квартира · 220 м² · 4/6 этаж,1000000,за месяц,4545,3,220,4,6,Esilyskiy_r-n,Astana,Kerey-Zhanibek_handar,5,51.116908063894,71.408897735033,19885207,atrium,Атриум,полностью,,нет,,,,"💫Сдается красивая квартира💫 
 
💭 Левый берег, район Есиль 
 
Кирпичный теплый дом 
Потолки 3.3 м высотой 
 
Квартира в отличном состоянии, для большой семьи. Полностью с мебелью и техникой.","[""https://krisha-photos.kcdn.online/webp/71/71136e6a-7b7b-4ef4-9eac-0cd53602aaa2/47-full.jpg"", ""https://krisha-photos.kcdn.online/webp/71/71136e6a-7b7b-4ef4-9eac-0cd53602aaa2/48-full.jpg"", ""https://krisha-photos.kcdn.online/webp/71/71136e6a-7b7b-4ef4-9eac-0cd53602aaa2/3-full.jpg"", ""https://krisha-photos.kcdn.online/webp/71/71136e6a-7b7b-4ef4-9eac-0cd53602aaa2/4-full.jpg"", ""https://krisha-photos.kcdn.online/webp/71/71136e6a-7b7b-4ef4-9eac-0cd53602aaa2/5-full.jpg"", ""https://krisha-photos.kcdn.online/webp/71/71136e6a-7b7b-4ef4-9eac-0cd53602aaa2/6-full.jpg"", ""https://krisha-photos.kcdn.online/webp/71/71136e6a-7b7b-4ef4-9eac-0cd53602aaa2/7-full.jpg"", ""https://krisha-photos.kcdn.online/webp/71/71136e6a-7b7b-4ef4-9eac-0cd53602aaa2/8-full.jpg"", ""https://krisha-photos.kcdn.online/webp/71/71136e6a-7b7b-4ef4-9eac-0cd53602aaa2/9-full.jpg"", ""https://krisha-photos.kcdn.online/webp/71/71136e6a-7b7b-4ef4-9eac-0cd53602aaa2/10-full.jpg"", ""https://krisha-photos.kcdn.online/webp/71/71136e6a-7b7b-4ef4-9eac-0cd53602aaa2/11-full.jpg"", ""https://krisha-photos.kcdn.online/webp/71/71136e6a-7b7b-4ef4-9eac-0cd53602aaa2/12-full.jpg"", ""https://krisha-photos.kcdn.online/webp/71/71136e6a-7b7b-4ef4-9eac-0cd53602aaa2/13-full.jpg"", ""https://krisha-photos.kcdn.online/webp/71/71136e6a-7b7b-4ef4-9eac-0cd53602aaa2/14-full.jpg"", ""https://krisha-photos.kcdn.online/webp/71/71136e6a-7b7b-4ef4-9eac-0cd53602aaa2/15-full.jpg"", ""https://krisha-photos.kcdn.online/webp/71/71136e6a-7b7b-4ef4-9eac-0cd53602aaa2/16-full.jpg"", ""https://krisha-photos.kcdn.online/webp/71/71136e6a-7b7b-4ef4-9eac-0cd53602aaa2/17-full.jpg"", ""https://krisha-photos.kcdn.online/webp/71/71136e6a-7b7b-4ef4-9eac-0cd53602aaa2/18-full.jpg"", ""https://krisha-photos.kcdn.online/webp/71/71136e6a-7b7b-4ef4-9eac-0cd53602aaa2/19-full.jpg"", ""https://krisha-photos.kcdn.online/webp/71/71136e6a-7b7b-4ef4-9eac-0cd53602aaa2/20-full.jpg"", ""https://krisha-photos.kcdn.online/webp/71/71136e6a-7b7b-4ef4-9eac-0cd53602aaa2/21-full.jpg"", ""https://krisha-photos.kcdn.online/webp/71/71136e6a-7b7b-4ef4-9eac-0cd53602aaa2/22-full.jpg"", ""https://krisha-photos.kcdn.online/webp/71/71136e6a-7b7b-4ef4-9eac-0cd53602aaa2/23-full.jpg"", ""https://krisha-photos.kcdn.online/webp/71/71136e6a-7b7b-4ef4-9eac-0cd53602aaa2/24-full.jpg"", ""https://krisha-photos.kcdn.online/webp/71/71136e6a-7b7b-4ef4-9eac-0cd53602aaa2/25-full.jpg"", ""https://krisha-photos.kcdn.online/webp/71/71136e6a-7b7b-4ef4-9eac-0cd53602aaa2/49-full.jpg"", ""https://krisha-photos.kcdn.online/webp/71/71136e6a-7b7b-4ef4-9eac-0cd53602aaa2/28-full.jpg"", ""https://krisha-photos.kcdn.online/webp/71/71136e6a-7b7b-4ef4-9eac-0cd53602aaa2/29-full.jpg"", ""https://krisha-photos.kcdn.online/webp/71/71136e6a-7b7b-4ef4-9eac-0cd53602aaa2/30-full.jpg"", ""https://krisha-photos.kcdn.online/webp/71/71136e6a-7b7b-4ef4-9eac-0cd53602aaa2/31-full.jpg"", ""https://krisha-photos.kcdn.online/webp/71/71136e6a-7b7b-4ef4-9eac-0cd53602aaa2/32-full.jpg"", ""https://krisha-photos.kcdn.online/webp/71/71136e6a-7b7b-4ef4-9eac-0cd53602aaa2/33-full.jpg"", ""https://krisha-photos.kcdn.online/webp/71/71136e6a-7b7b-4ef4-9eac-0cd53602aaa2/34-full.jpg"", ""https://krisha-photos.kcdn.online/webp/71/71136e6a-7b7b-4ef4-9eac-0cd53602aaa2/35-full.jpg"", ""https://krisha-photos.kcdn.online/webp/71/71136e6a-7b7b-4ef4-9eac-0cd53602aaa2/36-full.jpg"", ""https://krisha-photos.kcdn.online/webp/71/71136e6a-7b7b-4ef4-9eac-0cd53602aaa2/37-full.jpg"", ""https://krisha-photos.kcdn.online/webp/71/71136e6a-7b7b-4ef4-9eac-0cd53602aaa2/38-full.jpg"", ""https://krisha-photos.kcdn.online/webp/71/71136e6a-7b7b-4ef4-9eac-0cd53602aaa2/39-full.jpg"", ""https://krisha-photos.kcdn.online/webp/71/71136e6a-7b7b-4ef4-9eac-0cd53602aaa2/40-full.jpg"", ""https://krisha-photos.kcdn.online/webp/71/71136e6a-7b7b-4ef4-9eac-0cd53602aaa2/41-full.jpg"", ""https://krisha-photos.kcdn.online/webp/71/71136e6a-7b7b-4ef4-9eac-0cd53602aaa2/42-full.jpg"", ""https://krisha-photos.kcdn.online/webp/71/71136e6a-7b7b-4ef4-9eac-0cd53602aaa2/43-full.jpg"", ""https://krisha-photos.kcdn.online/webp/71/71136e6a-7b7b-4ef4-9eac-0cd53602aaa2/44-full.jpg"", ""https://krisha-photos.kcdn.online/webp/71/71136e6a-7b7b-4ef4-9eac-0cd53602aaa2/45-full.jpg"", ""https://krisha-photos.kcdn.online/webp/71/71136e6a-7b7b-4ef4-9eac-0cd53602aaa2/46-full.jpg""]",45,59518e097629a23adc161ea6520a41947e44db9453ef7eaabd996eaae32f4eaa,,"Фархадова Гулназа, компания «Family Estate»",False,2026-08-02,2026-02-18,2026-08-02,live,2026-08-11T07:10:08+00:00,False,square_sanity,"square_m2_outlier_iqr (group=3, 220 вне [-12, 203])"
1002866475,https://krisha.kz/a/show/1002866475,3-комнатная квартира · 250 м² · 3/7 этаж,800000,за месяц,3200,3,250,3,7,Esilyskiy_r-n,Astana,Zhusan,9,51.136957079404,71.434875078195,8477050,,Арай-1,полностью,,нет,,,,"Сдается роскошная квартира в клубном доме премиум-класса 
 
Предлагается в аренду просторная квартира площадью 250 м² в престижном клубном доме. На площадке всего 2 квартиры, что гарантирует максимальную приватность и комфорт. 
 
✨ Планировка: 
• 2 просторные мастер-спальни с собственными санузлами и гардеробными. 
• Большая гостиная, разделенная на уютную зону с камином и ТВ-зону. 
• Отдельная просторная кухня. 
• Отдельная столовая. 
• Гостевой санузел. 
 
Квартира полностью укомплектована качественной мебелью и всей необходимой техникой — можно заехать и жить без дополнительных вложений. 
 
Преимущества: 
✔ Закрытый охраняемый двор. 
✔ Всего 2 квартиры на этаже. 
✔ 2 парковочных места входят в стоимость аренды. 
✔ Тихий, престижный и зеленый район. 
✔ Рядом парк для прогулок и отдыха. 
 
Стоимость аренды: 800 000 ₸ + коммунальные услуги. 
 
Если вы цените комфорт, безопасность, приватность и высокий уровень жизни — эта квартира станет отличным выбором.","[""https://krisha-photos.kcdn.online/webp/b0/b0e3a9c0-3cbf-434f-839d-2bb86ff8b5f0/10-full.jpg"", ""https://krisha-photos.kcdn.online/webp/b0/b0e3a9c0-3cbf-434f-839d-2bb86ff8b5f0/11-full.jpg"", ""https://krisha-photos.kcdn.online/webp/b0/b0e3a9c0-3cbf-434f-839d-2bb86ff8b5f0/12-full.jpg"", ""https://krisha-photos.kcdn.online/webp/b0/b0e3a9c0-3cbf-434f-839d-2bb86ff8b5f0/13-full.jpg"", ""https://krisha-photos.kcdn.online/webp/b0/b0e3a9c0-3cbf-434f-839d-2bb86ff8b5f0/14-full.jpg"", ""https://krisha-photos.kcdn.online/webp/b0/b0e3a9c0-3cbf-434f-839d-2bb86ff8b5f0/15-full.jpg"", ""https://krisha-photos.kcdn.online/webp/b0/b0e3a9c0-3cbf-434f-839d-2bb86ff8b5f0/16-full.jpg"", ""https://krisha-photos.kcdn.online/webp/b0/b0e3a9c0-3cbf-434f-839d-2bb86ff8b5f0/17-full.jpg"", ""https://krisha-photos.kcdn.online/webp/b0/b0e3a9c0-3cbf-434f-839d-2bb86ff8b5f0/18-full.jpg"", ""https://krisha-photos.kcdn.online/webp/b0/b0e3a9c0-3cbf-434f-839d-2bb86ff8b5f0/19-full.jpg"", ""https://krisha-photos.kcdn.online/webp/b0/b0e3a9c0-3cbf-434f-839d-2bb86ff8b5f0/20-full.jpg"", ""https://krisha-photos.kcdn.online/webp/b0/b0e3a9c0-3cbf-434f-839d-2bb86ff8b5f0/21-full.jpg"", ""https://krisha-photos.kcdn.online/webp/b0/b0e3a9c0-3cbf-434f-839d-2bb86ff8b5f0/22-full.jpg"", ""https://krisha-photos.kcdn.online/webp/b0/b0e3a9c0-3cbf-434f-839d-2bb86ff8b5f0/23-full.jpg"", ""https://krisha-photos.kcdn.online/webp/b0/b0e3a9c0-3cbf-434f-839d-2bb86ff8b5f0/24-full.jpg"", ""https://krisha-photos.kcdn.online/webp/b0/b0e3a9c0-3cbf-434f-839d-2bb86ff8b5f0/25-full.jpg"", ""https://krisha-photos.kcdn.online/webp/b0/b0e3a9c0-3cbf-434f-839d-2bb86ff8b5f0/26-full.jpg"", ""https://krisha-photos.kcdn.online/webp/b0/b0e3a9c0-3cbf-434f-839d-2bb86ff8b5f0/27-full.jpg"", ""https://krisha-photos.kcdn.online/webp/b0/b0e3a9c0-3cbf-434f-839d-2bb86ff8b5f0/28-full.jpg"", ""https://krisha-photos.kcdn.online/webp/b0/b0e3a9c0-3cbf-434f-839d-2bb86ff8b5f0/29-full.jpg"", ""https://krisha-photos.kcdn.online/webp/b0/b0e3a9c0-3cbf-434f-839d-2bb86ff8b5f0/30-full.jpg"", ""https://krisha-photos.kcdn.online/webp/b0/b0e3a9c0-3cbf-434f-839d-2bb86ff8b5f0/31-full.jpg""]",22,0ce3d2278abc6c7890a9fb5d6248d2461b47d9106045a56eab6bac9b358b2c48,,Exclusif,False,2026-08-07,2025-06-24,2026-08-07,live,2026-08-09T06:42:53+00:00,False,square_sanity,"square_m2_outlier_iqr (group=3, 250 вне [-12, 203])"
1014552938,https://krisha.kz/a/show/1014552938,2-комнатная квартира · 130 м² · 1 этаж,250000,за месяц,1923,2,130,1,,Almaty_r-n,Astana,Aynakol,42,44.815132,65.533897,,,,частично,"не новый, но аккуратный и чистый ремонт",,,,,"Сдается 2 х комнатная квартира, 130 КВ м. Есть своя сауна. Арендная плата 250 тыс в месяц. Коммунальные услуги по счётчику. Звоните

Дом ориентировочно находится возле Кордай","[""https://krisha-photos.kcdn.online/webp/a2/a2471ea2-6584-4b8a-bad7-7ceecb254aa0/1-full.jpg"", ""https://krisha-photos.kcdn.online/webp/a2/a2471ea2-6584-4b8a-bad7-7ceecb254aa0/2-full.jpg"", ""https://krisha-photos.kcdn.online/webp/a2/a2471ea2-6584-4b8a-bad7-7ceecb254aa0/3-full.jpg"", ""https://krisha-photos.kcdn.online/webp/a2/a2471ea2-6584-4b8a-bad7-7ceecb254aa0/4-full.jpg"", ""https://krisha-photos.kcdn.online/webp/a2/a2471ea2-6584-4b8a-bad7-7ceecb254aa0/5-full.jpg"", ""https://krisha-photos.kcdn.online/webp/a2/a2471ea2-6584-4b8a-bad7-7ceecb254aa0/6-full.jpg"", ""https://krisha-photos.kcdn.online/webp/a2/a2471ea2-6584-4b8a-bad7-7ceecb254aa0/7-full.jpg"", ""https://krisha-photos.kcdn.online/webp/a2/a2471ea2-6584-4b8a-bad7-7ceecb254aa0/8-full.jpg"", ""https://krisha-photos.kcdn.online/webp/a2/a2471ea2-6584-4b8a-bad7-7ceecb254aa0/9-full.jpg"", ""https://krisha-photos.kcdn.online/webp/a2/a2471ea2-6584-4b8a-bad7-7ceecb254aa0/10-full.jpg"", ""https://krisha-photos.kcdn.online/webp/a2/a2471ea2-6584-4b8a-bad7-7ceecb254aa0/11-full.jpg"", ""https://krisha-photos.kcdn.online/webp/a2/a2471ea2-6584-4b8a-bad7-7ceecb254aa0/12-full.jpg""]",12,d28f43955877cf4fb6e7af79a467ff06c5f4a9d38c82ad665dad33b721707aaa,,Хозяин,False,2026-08-06,2026-08-05,2026-08-06,live,2026-08-06T05:52:02+00:00,False,square_sanity,"square_m2_outlier_iqr (group=2, 130 вне [-9, 124])"
687708446,https://krisha.kz/a/show/687708446,2-комнатная квартира · 130 м² · 13/20 этаж,400000,за месяц,3077,2,130,13,20,Saryarka_r-n,Astana,Kenesary,4,51.161549242577,71.400304987637,8477090,jemirat,Эмират,полностью,,,,,,"С Декабря Сдам Элитную, Шикарную 2ух. ком.130кв. ЖК Эмираты Кенесары 4. 
Для Состоятельных людей любящих комфорт! евроремонт, новая мебель после ремонта! 
Сдам за 400000тыс. + ком. услуги! 
+ WiFi 10000тыс., + Депозит 70000тыс. 
+ Паркинг 30000тыс. 
= 510000тыс. (аренда, паркинг, депозит, WiFi) первый месяц! + ком. услуги. 
Последующие 440тыс. в/мес (аренда, WiFi, паркинг) + ком. услуги. 
Без Паркинга 410тыс. в месяц+ ком. услуги. 
Заключение договора! 
Сдам Командировочным, или Чистолюбивым! 25+ 
от 1 до 3 человек! 
Без Животных. Без Детей маленьких +13! 
Золотой квадрат! 
Набережная в 5 минутах! 
Всё в шаговой доступности! Смолл в доме, тренажерный зал, поликлиника 4, мед. центры, школы 1, 9, 11, 35, 56 в шаговой доступности, бары-рестораны, магазины и многое другое всё в доме! 
2 сан. узла, 2 балкона. Большой плательный шкаф, большая гардеробная. 
Субаренда исключена! 
Курение в квартире Строго Запрещено! 
I will rent out an Elite, Luxurious 2-room apartment, 130 sq. m. Residential complex Emirates Kenesary 4. For wealthy people who love comfort. European-quality repair, new furniture. 
I will rent it out for 400, 000 thousand 
 WiFi 10000 thousand, parking 30000 thousand = 440000 thousand in/m. 
Deposit 70000 thousand is mandatory! 
First Month You pay 510000 thousand (rent, utilities, parking, deposit) The following 440, 000 thousand utilities, parking are included in the payment! 
Conclusion of the contract! 
I will rent it out to Business Travelers, or Ambitious! 25+ 
from 1 to 3 people! 
No Animals. No Small Children +13! Golden Square! 
Элиталық, Люкс 2 бөлмелі, 130 шаршы метр пәтерді жалға беремін. Мен оны 400 000 мыңға жалға беремін, WiFi 10000 мың, автотұрақ 30000 мың = 440000 мың дюйм/м. 
70000 мың депозит міндетті болып табылады! 
Бірінші ай Сіз 510000

Дом ориентировочно находится возле Набережная в 5 минутах, магазин Small в доме, 4 поликлиника","[""https://krisha-photos.kcdn.online/webp/19/19580333-b8b8-40b5-92cc-24285cbc82b8/87-full.jpg"", ""https://krisha-photos.kcdn.online/webp/19/19580333-b8b8-40b5-92cc-24285cbc82b8/88-full.jpg"", ""https://krisha-photos.kcdn.online/webp/19/19580333-b8b8-40b5-92cc-24285cbc82b8/111-full.jpg"", ""https://krisha-photos.kcdn.online/webp/19/19580333-b8b8-40b5-92cc-24285cbc82b8/95-full.jpg"", ""https://krisha-photos.kcdn.online/webp/19/19580333-b8b8-40b5-92cc-24285cbc82b8/96-full.jpg"", ""https://krisha-photos.kcdn.online/webp/19/19580333-b8b8-40b5-92cc-24285cbc82b8/97-full.jpg"", ""https://krisha-photos.kcdn.online/webp/19/19580333-b8b8-40b5-92cc-24285cbc82b8/93-full.jpg"", ""https://krisha-photos.kcdn.online/webp/19/19580333-b8b8-40b5-92cc-24285cbc82b8/92-full.jpg"", ""https://krisha-photos.kcdn.online/webp/19/19580333-b8b8-40b5-92cc-24285cbc82b8/94-full.jpg"", ""https://krisha-photos.kcdn.online/webp/19/19580333-b8b8-40b5-92cc-24285cbc82b8/90-full.jpg"", ""https://krisha-photos.kcdn.online/webp/19/19580333-b8b8-40b5-92cc-24285cbc82b8/113-full.jpg"", ""https://krisha-photos.kcdn.online/webp/19/19580333-b8b8-40b5-92cc-24285cbc82b8/114-full.jpg"", ""https://krisha-photos.kcdn.online/webp/19/19580333-b8b8-40b5-92cc-24285cbc82b8/115-full.jpg"", ""https://krisha-photos.kcdn.online/webp/19/19580333-b8b8-40b5-92cc-24285cbc82b8/98-full.jpg"", ""https://krisha-photos.kcdn.online/webp/19/19580333-b8b8-40b5-92cc-24285cbc82b8/99-full.jpg"", ""https://krisha-photos.kcdn.online/webp/19/19580333-b8b8-40b5-92cc-24285cbc82b8/100-full.jpg"", ""https://krisha-photos.kcdn.online/webp/19/19580333-b8b8-40b5-92cc-24285cbc82b8/103-full.jpg"", ""https://krisha-photos.kcdn.online/webp/19/19580333-b8b8-40b5-92cc-24285cbc82b8/102-full.jpg"", ""https://krisha-photos.kcdn.online/webp/19/19580333-b8b8-40b5-92cc-24285cbc82b8/101-full.jpg"", ""https://krisha-photos.kcdn.online/webp/19/19580333-b8b8-40b5-92cc-24285cbc82b8/104-full.jpg"", ""https://krisha-photos.kcdn.online/webp/19/19580333-b8b8-40b5-92cc-24285cbc82b8/105-full.jpg"", ""https://krisha-photos.kcdn.online/webp/19/19580333-b8b8-40b5-92cc-24285cbc82b8/106-full.jpg"", ""https://krisha-photos.kcdn.online/webp/19/19580333-b8b8-40b5-92cc-24285cbc82b8/107-full.jpg"", ""https://krisha-photos.kcdn.online/webp/19/19580333-b8b8-40b5-92cc-24285cbc82b8/108-full.jpg"", ""https://krisha-photos.kcdn.online/webp/19/19580333-b8b8-40b5-92cc-24285cbc82b8/110-full.jpg"", ""https://krisha-photos.kcdn.online/webp/19/19580333-b8b8-40b5-92cc-24285cbc82b8/109-full.jpg""]",26,537b19d33410f608251f25fa0858932d6eae29324c90f9ec42ecebfc089c02c6,,Хозяин,False,2026-08-05,2023-09-09,2026-08-05,live,2026-08-11T07:10:08+00:00,False,square_sanity,"square_m2_outlier_iqr (group=2, 130 вне [-9, 124])"
696944995,https://krisha.kz/a/show/696944995,2-комнатная квартира · 125 м² · 14/15 этаж,550000,за месяц,4400,2,125,14,15,Almaty_r-n,Astana,Tauelsizdik,33,51.13873859571,71.463730757362,8478912,alanda,Alanda,полностью,"не новый, но аккуратный и чистый ремонт",,,,,Двухэтажный пентхаус,"[""https://krisha-photos.kcdn.online/webp/29/294f90ea-9522-448f-a456-8e4267626b33/1-full.jpg"", ""https://krisha-photos.kcdn.online/webp/29/294f90ea-9522-448f-a456-8e4267626b33/2-full.jpg"", ""https://krisha-photos.kcdn.online/webp/29/294f90ea-9522-448f-a456-8e4267626b33/3-full.jpg"", ""https://krisha-photos.kcdn.online/webp/29/294f90ea-9522-448f-a456-8e4267626b33/4-full.jpg"", ""https://krisha-photos.kcdn.online/webp/29/294f90ea-9522-448f-a456-8e4267626b33/5-full.jpg"", ""https://krisha-photos.kcdn.online/webp/29/294f90ea-9522-448f-a456-8e4267626b33/6-full.jpg"", ""https://krisha-photos.kcdn.online/webp/29/294f90ea-9522-448f-a456-8e4267626b33/7-full.jpg"", ""https://krisha-photos.kcdn.online/webp/29/294f90ea-9522-448f-a456-8e4267626b33/8-full.jpg"", ""https://krisha-photos.kcdn.online/webp/29/294f90ea-9522-448f-a456-8e4267626b33/9-full.jpg"", ""https://krisha-photos.kcdn.online/webp/29/294f90ea-9522-448f-a456-8e4267626b33/10-full.jpg"", ""https://krisha-photos.kcdn.online/webp/29/294f90ea-9522-448f-a456-8e4267626b33/11-full.jpg"", ""https://krisha-photos.kcdn.online/webp/29/294f90ea-9522-448f-a456-8e4267626b33/12-full.jpg"", ""https://krisha-photos.kcdn.online/webp/29/294f90ea-9522-448f-a456-8e4267626b33/13-full.jpg"", ""https://krisha-photos.kcdn.online/webp/29/294f90ea-9522-448f-a456-8e4267626b33/14-full.jpg"", ""https://krisha-photos.kcdn.online/webp/29/294f90ea-9522-448f-a456-8e4267626b33/15-full.jpg"", ""https://krisha-photos.kcdn.online/webp/29/294f90ea-9522-448f-a456-8e4267626b33/16-full.jpg""]",16,0420cbd13d75f0b9285021b8df52fd84bcc446ccde79b7f016cdcd84da196a11,,Хозяин,False,2026-08-04,2024-09-04,2026-08-04,live,2026-08-11T07:10:08+00:00,False,square_sanity,"square_m2_outlier_iqr (group=2, 125 вне [-9, 124])"
692015564,https://krisha.kz/a/show/692015564,2-комнатная квартира · 65 м² · 11/15 этаж,300000,за месяц,4615,2,65,11,15,Almaty_r-n,Astana,B__Momyshuly,14,51.140483069862,71.482000630348,,,,полностью,"свежий ремонт, новая мебель",,,,,"Сдам в аренду только на длительный срок 2-х комнатную квартиру (перепланированная на 3-х комнатную) Две комнаты и зал-студия. Семейным.

Дом ориентировочно находится возле Сатпаева","[""https://krisha-photos.kcdn.online/webp/c1/c1952ad2-1850-4ad8-8825-d5f308531f79/1-full.jpg"", ""https://krisha-photos.kcdn.online/webp/c1/c1952ad2-1850-4ad8-8825-d5f308531f79/2-full.jpg"", ""https://krisha-photos.kcdn.online/webp/c1/c1952ad2-1850-4ad8-8825-d5f308531f79/3-full.jpg"", ""https://krisha-photos.kcdn.online/webp/c1/c1952ad2-1850-4ad8-8825-d5f308531f79/4-full.jpg"", ""https://krisha-photos.kcdn.online/webp/c1/c1952ad2-1850-4ad8-8825-d5f308531f79/5-full.jpg"", ""https://krisha-photos.kcdn.online/webp/c1/c1952ad2-1850-4ad8-8825-d5f308531f79/6-full.jpg""]",6,04eb5871f36088876c37bcdf183e46d7594fa92c1c66d5f2508201e6880b31d5,,Хозяин,False,2026-08-05,2024-03-09,2026-08-05,live,2026-08-06T06:14:35+00:00,False,stage2_exclusion,requires_manual_review (red_flags=['несогласованная_перепланировка'])
